#-----------------------------------------------------------
# Vivado v2023.2 (64-bit)
# SW Build 4029153 on Fri Oct 13 20:13:54 MDT 2023
# IP Build 4028589 on Sat Oct 14 00:45:43 MDT 2023
# SharedData Build 4025554 on Tue Oct 10 17:18:54 MDT 2023
# Start of session at: Mon Jul  6 18:30:37 2026
# Process ID: 24228
# Current directory: /home/mfpdsmbaa/LabCatreda/GR-HEEP/build/x-heep_systems_gr-heep_0/nexys-a7-100t-vivado
# Command line: vivado -notrace -mode batch -source x-heep_systems_gr-heep_0_synth.tcl x-heep_systems_gr-heep_0_run.tcl x-heep_systems_gr-heep_0.xpr
# Log file: /home/mfpdsmbaa/LabCatreda/GR-HEEP/build/x-heep_systems_gr-heep_0/nexys-a7-100t-vivado/vivado.log
# Journal file: /home/mfpdsmbaa/LabCatreda/GR-HEEP/build/x-heep_systems_gr-heep_0/nexys-a7-100t-vivado/vivado.jou
# Running On: MFPDSMBAA1, OS: Linux, CPU Frequency: 2108.383 MHz, CPU Physical cores: 14, Host memory: 33089 MB
#-----------------------------------------------------------
open_project x-heep_systems_gr-heep_0.xpr
Scanning sources...
Finished scanning sources
INFO: [IP_Flow 19-234] Refreshing IP repositories
INFO: [IP_Flow 19-1704] No user IP repositories specified
INFO: [IP_Flow 19-2313] Loaded Vivado IP repository '/home/mfpdsmbaa/Xilinx/Vivado/2023.2/data/ip'.
source x-heep_systems_gr-heep_0_synth.tcl -notrace
INFO: [BD 41-1662] The design 'xilinx_clk_wizard.bd' is already validated. Therefore parameter propagation will not be re-run.
Verilog Output written to : /home/mfpdsmbaa/LabCatreda/GR-HEEP/build/x-heep_systems_gr-heep_0/nexys-a7-100t-vivado/x-heep_systems_gr-heep_0.gen/sources_1/bd/xilinx_clk_wizard/synth/xilinx_clk_wizard.v
Verilog Output written to : /home/mfpdsmbaa/LabCatreda/GR-HEEP/build/x-heep_systems_gr-heep_0/nexys-a7-100t-vivado/x-heep_systems_gr-heep_0.gen/sources_1/bd/xilinx_clk_wizard/sim/xilinx_clk_wizard.v
Verilog Output written to : /home/mfpdsmbaa/LabCatreda/GR-HEEP/build/x-heep_systems_gr-heep_0/nexys-a7-100t-vivado/x-heep_systems_gr-heep_0.gen/sources_1/bd/xilinx_clk_wizard/hdl/xilinx_clk_wizard_wrapper.v
INFO: [BD 41-1029] Generation completed for the IP Integrator block clk_wiz_0 .
Exporting to file /home/mfpdsmbaa/LabCatreda/GR-HEEP/build/x-heep_systems_gr-heep_0/nexys-a7-100t-vivado/x-heep_systems_gr-heep_0.gen/sources_1/bd/xilinx_clk_wizard/hw_handoff/xilinx_clk_wizard.hwh
Generated Hardware Definition File /home/mfpdsmbaa/LabCatreda/GR-HEEP/build/x-heep_systems_gr-heep_0/nexys-a7-100t-vivado/x-heep_systems_gr-heep_0.gen/sources_1/bd/xilinx_clk_wizard/synth/xilinx_clk_wizard.hwdef
INFO: [IP_Flow 19-6924] IPCACHE: Running cache check for IP inst: xilinx_clk_wizard_clk_wiz_0_0
WARNING: [Vivado 12-7122] Auto Incremental Compile:: No reference checkpoint was found in run synth_1. Auto-incremental flow will not be run, the standard flow will be run instead.
[Mon Jul  6 18:30:45 2026] Launched xilinx_clk_wizard_clk_wiz_0_0_synth_1...
Run output will be captured here: /home/mfpdsmbaa/LabCatreda/GR-HEEP/build/x-heep_systems_gr-heep_0/nexys-a7-100t-vivado/x-heep_systems_gr-heep_0.runs/xilinx_clk_wizard_clk_wiz_0_0_synth_1/runme.log
[Mon Jul  6 18:30:45 2026] Launched synth_1...
Run output will be captured here: /home/mfpdsmbaa/LabCatreda/GR-HEEP/build/x-heep_systems_gr-heep_0/nexys-a7-100t-vivado/x-heep_systems_gr-heep_0.runs/synth_1/runme.log
[Mon Jul  6 18:30:45 2026] Waiting for synth_1 to finish...

*** Running vivado
    with args -log xilinx_gr_heep_wrapper.vds -m64 -product Vivado -mode batch -messageDb vivado.pb -notrace -source xilinx_gr_heep_wrapper.tcl


****** Vivado v2023.2 (64-bit)
  **** SW Build 4029153 on Fri Oct 13 20:13:54 MDT 2023
  **** IP Build 4028589 on Sat Oct 14 00:45:43 MDT 2023
  **** SharedData Build 4025554 on Tue Oct 10 17:18:54 MDT 2023
    ** Copyright 1986-2022 Xilinx, Inc. All Rights Reserved.
    ** Copyright 2022-2023 Advanced Micro Devices, Inc. All Rights Reserved.

source xilinx_gr_heep_wrapper.tcl -notrace
INFO: [IP_Flow 19-234] Refreshing IP repositories
INFO: [IP_Flow 19-1704] No user IP repositories specified
INFO: [IP_Flow 19-2313] Loaded Vivado IP repository '/home/mfpdsmbaa/Xilinx/Vivado/2023.2/data/ip'.
Command: synth_design -top xilinx_gr_heep_wrapper -part xc7a100tcsg324-1
Starting synth_design
Attempting to get a license for feature 'Synthesis' and/or device 'xc7a100t'
INFO: [Common 17-349] Got license for feature 'Synthesis' and/or device 'xc7a100t'
INFO: [Device 21-403] Loading part xc7a100tcsg324-1
INFO: [Synth 8-7079] Multithreading enabled for synth_design using a maximum of 4 processes.
INFO: [Synth 8-7078] Launching helper process for spawning children vivado processes
INFO: [Synth 8-7075] Helper process launched with PID 24511
---------------------------------------------------------------------------------
Starting RTL Elaboration : Time (s): cpu = 00:00:02 ; elapsed = 00:00:02 . Memory (MB): peak = 2061.004 ; gain = 404.684 ; free physical = 13294 ; free virtual = 85720
---------------------------------------------------------------------------------
WARNING: [Synth 8-11067] parameter 'SramDepth' declared inside package 'spi_device_reg_pkg' shall be treated as localparam [/home/mfpdsmbaa/LabCatreda/GR-HEEP/hw/vendor/x-heep/hw/vendor/lowrisc/opentitan/hw/ip/spi_device/rtl/spi_device_reg_pkg.sv:10]
WARNING: [Synth 8-11067] parameter 'BlockAw' declared inside package 'spi_device_reg_pkg' shall be treated as localparam [/home/mfpdsmbaa/LabCatreda/GR-HEEP/hw/vendor/x-heep/hw/vendor/lowrisc/opentitan/hw/ip/spi_device/rtl/spi_device_reg_pkg.sv:13]
WARNING: [Synth 8-11067] parameter 'SPI_DEVICE_INTR_STATE_OFFSET' declared inside package 'spi_device_reg_pkg' shall be treated as localparam [/home/mfpdsmbaa/LabCatreda/GR-HEEP/hw/vendor/x-heep/hw/vendor/lowrisc/opentitan/hw/ip/spi_device/rtl/spi_device_reg_pkg.sv:276]
WARNING: [Synth 8-11067] parameter 'SPI_DEVICE_INTR_ENABLE_OFFSET' declared inside package 'spi_device_reg_pkg' shall be treated as localparam [/home/mfpdsmbaa/LabCatreda/GR-HEEP/hw/vendor/x-heep/hw/vendor/lowrisc/opentitan/hw/ip/spi_device/rtl/spi_device_reg_pkg.sv:277]
WARNING: [Synth 8-11067] parameter 'SPI_DEVICE_INTR_TEST_OFFSET' declared inside package 'spi_device_reg_pkg' shall be treated as localparam [/home/mfpdsmbaa/LabCatreda/GR-HEEP/hw/vendor/x-heep/hw/vendor/lowrisc/opentitan/hw/ip/spi_device/rtl/spi_device_reg_pkg.sv:278]
WARNING: [Synth 8-11067] parameter 'SPI_DEVICE_CONTROL_OFFSET' declared inside package 'spi_device_reg_pkg' shall be treated as localparam [/home/mfpdsmbaa/LabCatreda/GR-HEEP/hw/vendor/x-heep/hw/vendor/lowrisc/opentitan/hw/ip/spi_device/rtl/spi_device_reg_pkg.sv:279]
WARNING: [Synth 8-11067] parameter 'SPI_DEVICE_CFG_OFFSET' declared inside package 'spi_device_reg_pkg' shall be treated as localparam [/home/mfpdsmbaa/LabCatreda/GR-HEEP/hw/vendor/x-heep/hw/vendor/lowrisc/opentitan/hw/ip/spi_device/rtl/spi_device_reg_pkg.sv:280]
WARNING: [Synth 8-11067] parameter 'SPI_DEVICE_FIFO_LEVEL_OFFSET' declared inside package 'spi_device_reg_pkg' shall be treated as localparam [/home/mfpdsmbaa/LabCatreda/GR-HEEP/hw/vendor/x-heep/hw/vendor/lowrisc/opentitan/hw/ip/spi_device/rtl/spi_device_reg_pkg.sv:281]
WARNING: [Synth 8-11067] parameter 'SPI_DEVICE_ASYNC_FIFO_LEVEL_OFFSET' declared inside package 'spi_device_reg_pkg' shall be treated as localparam [/home/mfpdsmbaa/LabCatreda/GR-HEEP/hw/vendor/x-heep/hw/vendor/lowrisc/opentitan/hw/ip/spi_device/rtl/spi_device_reg_pkg.sv:282]
WARNING: [Synth 8-11067] parameter 'SPI_DEVICE_STATUS_OFFSET' declared inside package 'spi_device_reg_pkg' shall be treated as localparam [/home/mfpdsmbaa/LabCatreda/GR-HEEP/hw/vendor/x-heep/hw/vendor/lowrisc/opentitan/hw/ip/spi_device/rtl/spi_device_reg_pkg.sv:283]
WARNING: [Synth 8-11067] parameter 'SPI_DEVICE_RXF_PTR_OFFSET' declared inside package 'spi_device_reg_pkg' shall be treated as localparam [/home/mfpdsmbaa/LabCatreda/GR-HEEP/hw/vendor/x-heep/hw/vendor/lowrisc/opentitan/hw/ip/spi_device/rtl/spi_device_reg_pkg.sv:284]
WARNING: [Synth 8-11067] parameter 'SPI_DEVICE_TXF_PTR_OFFSET' declared inside package 'spi_device_reg_pkg' shall be treated as localparam [/home/mfpdsmbaa/LabCatreda/GR-HEEP/hw/vendor/x-heep/hw/vendor/lowrisc/opentitan/hw/ip/spi_device/rtl/spi_device_reg_pkg.sv:285]
WARNING: [Synth 8-11067] parameter 'SPI_DEVICE_RXF_ADDR_OFFSET' declared inside package 'spi_device_reg_pkg' shall be treated as localparam [/home/mfpdsmbaa/LabCatreda/GR-HEEP/hw/vendor/x-heep/hw/vendor/lowrisc/opentitan/hw/ip/spi_device/rtl/spi_device_reg_pkg.sv:286]
WARNING: [Synth 8-11067] parameter 'SPI_DEVICE_TXF_ADDR_OFFSET' declared inside package 'spi_device_reg_pkg' shall be treated as localparam [/home/mfpdsmbaa/LabCatreda/GR-HEEP/hw/vendor/x-heep/hw/vendor/lowrisc/opentitan/hw/ip/spi_device/rtl/spi_device_reg_pkg.sv:287]
WARNING: [Synth 8-11067] parameter 'SPI_DEVICE_CMD_FILTER_0_OFFSET' declared inside package 'spi_device_reg_pkg' shall be treated as localparam [/home/mfpdsmbaa/LabCatreda/GR-HEEP/hw/vendor/x-heep/hw/vendor/lowrisc/opentitan/hw/ip/spi_device/rtl/spi_device_reg_pkg.sv:288]
WARNING: [Synth 8-11067] parameter 'SPI_DEVICE_CMD_FILTER_1_OFFSET' declared inside package 'spi_device_reg_pkg' shall be treated as localparam [/home/mfpdsmbaa/LabCatreda/GR-HEEP/hw/vendor/x-heep/hw/vendor/lowrisc/opentitan/hw/ip/spi_device/rtl/spi_device_reg_pkg.sv:289]
WARNING: [Synth 8-11067] parameter 'SPI_DEVICE_CMD_FILTER_2_OFFSET' declared inside package 'spi_device_reg_pkg' shall be treated as localparam [/home/mfpdsmbaa/LabCatreda/GR-HEEP/hw/vendor/x-heep/hw/vendor/lowrisc/opentitan/hw/ip/spi_device/rtl/spi_device_reg_pkg.sv:290]
WARNING: [Synth 8-11067] parameter 'SPI_DEVICE_CMD_FILTER_3_OFFSET' declared inside package 'spi_device_reg_pkg' shall be treated as localparam [/home/mfpdsmbaa/LabCatreda/GR-HEEP/hw/vendor/x-heep/hw/vendor/lowrisc/opentitan/hw/ip/spi_device/rtl/spi_device_reg_pkg.sv:291]
WARNING: [Synth 8-11067] parameter 'SPI_DEVICE_CMD_FILTER_4_OFFSET' declared inside package 'spi_device_reg_pkg' shall be treated as localparam [/home/mfpdsmbaa/LabCatreda/GR-HEEP/hw/vendor/x-heep/hw/vendor/lowrisc/opentitan/hw/ip/spi_device/rtl/spi_device_reg_pkg.sv:292]
WARNING: [Synth 8-11067] parameter 'SPI_DEVICE_CMD_FILTER_5_OFFSET' declared inside package 'spi_device_reg_pkg' shall be treated as localparam [/home/mfpdsmbaa/LabCatreda/GR-HEEP/hw/vendor/x-heep/hw/vendor/lowrisc/opentitan/hw/ip/spi_device/rtl/spi_device_reg_pkg.sv:293]
WARNING: [Synth 8-11067] parameter 'SPI_DEVICE_CMD_FILTER_6_OFFSET' declared inside package 'spi_device_reg_pkg' shall be treated as localparam [/home/mfpdsmbaa/LabCatreda/GR-HEEP/hw/vendor/x-heep/hw/vendor/lowrisc/opentitan/hw/ip/spi_device/rtl/spi_device_reg_pkg.sv:294]
WARNING: [Synth 8-11067] parameter 'SPI_DEVICE_CMD_FILTER_7_OFFSET' declared inside package 'spi_device_reg_pkg' shall be treated as localparam [/home/mfpdsmbaa/LabCatreda/GR-HEEP/hw/vendor/x-heep/hw/vendor/lowrisc/opentitan/hw/ip/spi_device/rtl/spi_device_reg_pkg.sv:295]
WARNING: [Synth 8-11067] parameter 'SPI_DEVICE_ADDR_SWAP_MASK_OFFSET' declared inside package 'spi_device_reg_pkg' shall be treated as localparam [/home/mfpdsmbaa/LabCatreda/GR-HEEP/hw/vendor/x-heep/hw/vendor/lowrisc/opentitan/hw/ip/spi_device/rtl/spi_device_reg_pkg.sv:296]
WARNING: [Synth 8-11067] parameter 'SPI_DEVICE_ADDR_SWAP_DATA_OFFSET' declared inside package 'spi_device_reg_pkg' shall be treated as localparam [/home/mfpdsmbaa/LabCatreda/GR-HEEP/hw/vendor/x-heep/hw/vendor/lowrisc/opentitan/hw/ip/spi_device/rtl/spi_device_reg_pkg.sv:297]
WARNING: [Synth 8-11067] parameter 'SPI_DEVICE_INTR_TEST_RESVAL' declared inside package 'spi_device_reg_pkg' shall be treated as localparam [/home/mfpdsmbaa/LabCatreda/GR-HEEP/hw/vendor/x-heep/hw/vendor/lowrisc/opentitan/hw/ip/spi_device/rtl/spi_device_reg_pkg.sv:300]
WARNING: [Synth 8-11067] parameter 'SPI_DEVICE_INTR_TEST_RXF_RESVAL' declared inside package 'spi_device_reg_pkg' shall be treated as localparam [/home/mfpdsmbaa/LabCatreda/GR-HEEP/hw/vendor/x-heep/hw/vendor/lowrisc/opentitan/hw/ip/spi_device/rtl/spi_device_reg_pkg.sv:301]
WARNING: [Synth 8-11067] parameter 'SPI_DEVICE_INTR_TEST_RXLVL_RESVAL' declared inside package 'spi_device_reg_pkg' shall be treated as localparam [/home/mfpdsmbaa/LabCatreda/GR-HEEP/hw/vendor/x-heep/hw/vendor/lowrisc/opentitan/hw/ip/spi_device/rtl/spi_device_reg_pkg.sv:302]
WARNING: [Synth 8-11067] parameter 'SPI_DEVICE_INTR_TEST_TXLVL_RESVAL' declared inside package 'spi_device_reg_pkg' shall be treated as localparam [/home/mfpdsmbaa/LabCatreda/GR-HEEP/hw/vendor/x-heep/hw/vendor/lowrisc/opentitan/hw/ip/spi_device/rtl/spi_device_reg_pkg.sv:303]
WARNING: [Synth 8-11067] parameter 'SPI_DEVICE_INTR_TEST_RXERR_RESVAL' declared inside package 'spi_device_reg_pkg' shall be treated as localparam [/home/mfpdsmbaa/LabCatreda/GR-HEEP/hw/vendor/x-heep/hw/vendor/lowrisc/opentitan/hw/ip/spi_device/rtl/spi_device_reg_pkg.sv:304]
WARNING: [Synth 8-11067] parameter 'SPI_DEVICE_INTR_TEST_RXOVERFLOW_RESVAL' declared inside package 'spi_device_reg_pkg' shall be treated as localparam [/home/mfpdsmbaa/LabCatreda/GR-HEEP/hw/vendor/x-heep/hw/vendor/lowrisc/opentitan/hw/ip/spi_device/rtl/spi_device_reg_pkg.sv:305]
WARNING: [Synth 8-11067] parameter 'SPI_DEVICE_INTR_TEST_TXUNDERFLOW_RESVAL' declared inside package 'spi_device_reg_pkg' shall be treated as localparam [/home/mfpdsmbaa/LabCatreda/GR-HEEP/hw/vendor/x-heep/hw/vendor/lowrisc/opentitan/hw/ip/spi_device/rtl/spi_device_reg_pkg.sv:306]
WARNING: [Synth 8-11067] parameter 'SPI_DEVICE_ASYNC_FIFO_LEVEL_RESVAL' declared inside package 'spi_device_reg_pkg' shall be treated as localparam [/home/mfpdsmbaa/LabCatreda/GR-HEEP/hw/vendor/x-heep/hw/vendor/lowrisc/opentitan/hw/ip/spi_device/rtl/spi_device_reg_pkg.sv:307]
WARNING: [Synth 8-11067] parameter 'SPI_DEVICE_STATUS_RESVAL' declared inside package 'spi_device_reg_pkg' shall be treated as localparam [/home/mfpdsmbaa/LabCatreda/GR-HEEP/hw/vendor/x-heep/hw/vendor/lowrisc/opentitan/hw/ip/spi_device/rtl/spi_device_reg_pkg.sv:308]
WARNING: [Synth 8-11067] parameter 'SPI_DEVICE_STATUS_RXF_EMPTY_RESVAL' declared inside package 'spi_device_reg_pkg' shall be treated as localparam [/home/mfpdsmbaa/LabCatreda/GR-HEEP/hw/vendor/x-heep/hw/vendor/lowrisc/opentitan/hw/ip/spi_device/rtl/spi_device_reg_pkg.sv:309]
WARNING: [Synth 8-11067] parameter 'SPI_DEVICE_STATUS_TXF_EMPTY_RESVAL' declared inside package 'spi_device_reg_pkg' shall be treated as localparam [/home/mfpdsmbaa/LabCatreda/GR-HEEP/hw/vendor/x-heep/hw/vendor/lowrisc/opentitan/hw/ip/spi_device/rtl/spi_device_reg_pkg.sv:310]
WARNING: [Synth 8-11067] parameter 'SPI_DEVICE_STATUS_ABORT_DONE_RESVAL' declared inside package 'spi_device_reg_pkg' shall be treated as localparam [/home/mfpdsmbaa/LabCatreda/GR-HEEP/hw/vendor/x-heep/hw/vendor/lowrisc/opentitan/hw/ip/spi_device/rtl/spi_device_reg_pkg.sv:311]
WARNING: [Synth 8-11067] parameter 'SPI_DEVICE_STATUS_CSB_RESVAL' declared inside package 'spi_device_reg_pkg' shall be treated as localparam [/home/mfpdsmbaa/LabCatreda/GR-HEEP/hw/vendor/x-heep/hw/vendor/lowrisc/opentitan/hw/ip/spi_device/rtl/spi_device_reg_pkg.sv:312]
WARNING: [Synth 8-11067] parameter 'SPI_DEVICE_BUFFER_OFFSET' declared inside package 'spi_device_reg_pkg' shall be treated as localparam [/home/mfpdsmbaa/LabCatreda/GR-HEEP/hw/vendor/x-heep/hw/vendor/lowrisc/opentitan/hw/ip/spi_device/rtl/spi_device_reg_pkg.sv:315]
WARNING: [Synth 8-11067] parameter 'SPI_DEVICE_BUFFER_SIZE' declared inside package 'spi_device_reg_pkg' shall be treated as localparam [/home/mfpdsmbaa/LabCatreda/GR-HEEP/hw/vendor/x-heep/hw/vendor/lowrisc/opentitan/hw/ip/spi_device/rtl/spi_device_reg_pkg.sv:316]
WARNING: [Synth 8-11067] parameter 'SPI_DEVICE_PERMIT' declared inside package 'spi_device_reg_pkg' shall be treated as localparam [/home/mfpdsmbaa/LabCatreda/GR-HEEP/hw/vendor/x-heep/hw/vendor/lowrisc/opentitan/hw/ip/spi_device/rtl/spi_device_reg_pkg.sv:345]
WARNING: [Synth 8-11067] parameter 'PASSTHROUGH_REQ_DEFAULT' declared inside package 'spi_device_pkg' shall be treated as localparam [/home/mfpdsmbaa/LabCatreda/GR-HEEP/hw/vendor/x-heep/hw/vendor/lowrisc/opentitan/hw/ip/spi_device/rtl/spi_device_pkg.sv:38]
WARNING: [Synth 8-11067] parameter 'PASSTHROUGH_RSP_DEFAULT' declared inside package 'spi_device_pkg' shall be treated as localparam [/home/mfpdsmbaa/LabCatreda/GR-HEEP/hw/vendor/x-heep/hw/vendor/lowrisc/opentitan/hw/ip/spi_device/rtl/spi_device_pkg.sv:49]
WARNING: [Synth 8-11067] parameter 'SramDw' declared inside package 'spi_device_pkg' shall be treated as localparam [/home/mfpdsmbaa/LabCatreda/GR-HEEP/hw/vendor/x-heep/hw/vendor/lowrisc/opentitan/hw/ip/spi_device/rtl/spi_device_pkg.sv:159]
WARNING: [Synth 8-11067] parameter 'SramMsgDepth' declared inside package 'spi_device_pkg' shall be treated as localparam [/home/mfpdsmbaa/LabCatreda/GR-HEEP/hw/vendor/x-heep/hw/vendor/lowrisc/opentitan/hw/ip/spi_device/rtl/spi_device_pkg.sv:162]
WARNING: [Synth 8-11067] parameter 'SramMailboxDepth' declared inside package 'spi_device_pkg' shall be treated as localparam [/home/mfpdsmbaa/LabCatreda/GR-HEEP/hw/vendor/x-heep/hw/vendor/lowrisc/opentitan/hw/ip/spi_device/rtl/spi_device_pkg.sv:164]
WARNING: [Synth 8-11067] parameter 'SramSfdpDepth' declared inside package 'spi_device_pkg' shall be treated as localparam [/home/mfpdsmbaa/LabCatreda/GR-HEEP/hw/vendor/x-heep/hw/vendor/lowrisc/opentitan/hw/ip/spi_device/rtl/spi_device_pkg.sv:169]
WARNING: [Synth 8-11067] parameter 'SramPayloadDepth' declared inside package 'spi_device_pkg' shall be treated as localparam [/home/mfpdsmbaa/LabCatreda/GR-HEEP/hw/vendor/x-heep/hw/vendor/lowrisc/opentitan/hw/ip/spi_device/rtl/spi_device_pkg.sv:170]
WARNING: [Synth 8-11067] parameter 'SramCmdFifoDepth' declared inside package 'spi_device_pkg' shall be treated as localparam [/home/mfpdsmbaa/LabCatreda/GR-HEEP/hw/vendor/x-heep/hw/vendor/lowrisc/opentitan/hw/ip/spi_device/rtl/spi_device_pkg.sv:171]
WARNING: [Synth 8-11067] parameter 'SramAddrFifoDepth' declared inside package 'spi_device_pkg' shall be treated as localparam [/home/mfpdsmbaa/LabCatreda/GR-HEEP/hw/vendor/x-heep/hw/vendor/lowrisc/opentitan/hw/ip/spi_device/rtl/spi_device_pkg.sv:172]
WARNING: [Synth 8-11067] parameter 'SramTotalDepth' declared inside package 'spi_device_pkg' shall be treated as localparam [/home/mfpdsmbaa/LabCatreda/GR-HEEP/hw/vendor/x-heep/hw/vendor/lowrisc/opentitan/hw/ip/spi_device/rtl/spi_device_pkg.sv:173]
WARNING: [Synth 8-11067] parameter 'SramAw' declared inside package 'spi_device_pkg' shall be treated as localparam [/home/mfpdsmbaa/LabCatreda/GR-HEEP/hw/vendor/x-heep/hw/vendor/lowrisc/opentitan/hw/ip/spi_device/rtl/spi_device_pkg.sv:181]
WARNING: [Synth 8-11067] parameter 'SramReadBufferIdx' declared inside package 'spi_device_pkg' shall be treated as localparam [/home/mfpdsmbaa/LabCatreda/GR-HEEP/hw/vendor/x-heep/hw/vendor/lowrisc/opentitan/hw/ip/spi_device/rtl/spi_device_pkg.sv:193]
WARNING: [Synth 8-11067] parameter 'SramReadBufferSize' declared inside package 'spi_device_pkg' shall be treated as localparam [/home/mfpdsmbaa/LabCatreda/GR-HEEP/hw/vendor/x-heep/hw/vendor/lowrisc/opentitan/hw/ip/spi_device/rtl/spi_device_pkg.sv:194]
WARNING: [Synth 8-11067] parameter 'SramMailboxIdx' declared inside package 'spi_device_pkg' shall be treated as localparam [/home/mfpdsmbaa/LabCatreda/GR-HEEP/hw/vendor/x-heep/hw/vendor/lowrisc/opentitan/hw/ip/spi_device/rtl/spi_device_pkg.sv:196]
WARNING: [Synth 8-11067] parameter 'SramMailboxSize' declared inside package 'spi_device_pkg' shall be treated as localparam [/home/mfpdsmbaa/LabCatreda/GR-HEEP/hw/vendor/x-heep/hw/vendor/lowrisc/opentitan/hw/ip/spi_device/rtl/spi_device_pkg.sv:197]
WARNING: [Synth 8-11067] parameter 'SramSfdpIdx' declared inside package 'spi_device_pkg' shall be treated as localparam [/home/mfpdsmbaa/LabCatreda/GR-HEEP/hw/vendor/x-heep/hw/vendor/lowrisc/opentitan/hw/ip/spi_device/rtl/spi_device_pkg.sv:199]
WARNING: [Synth 8-11067] parameter 'SramSfdpSize' declared inside package 'spi_device_pkg' shall be treated as localparam [/home/mfpdsmbaa/LabCatreda/GR-HEEP/hw/vendor/x-heep/hw/vendor/lowrisc/opentitan/hw/ip/spi_device/rtl/spi_device_pkg.sv:200]
WARNING: [Synth 8-11067] parameter 'SramPayloadIdx' declared inside package 'spi_device_pkg' shall be treated as localparam [/home/mfpdsmbaa/LabCatreda/GR-HEEP/hw/vendor/x-heep/hw/vendor/lowrisc/opentitan/hw/ip/spi_device/rtl/spi_device_pkg.sv:202]
WARNING: [Synth 8-11067] parameter 'SramPayloadSize' declared inside package 'spi_device_pkg' shall be treated as localparam [/home/mfpdsmbaa/LabCatreda/GR-HEEP/hw/vendor/x-heep/hw/vendor/lowrisc/opentitan/hw/ip/spi_device/rtl/spi_device_pkg.sv:203]
WARNING: [Synth 8-11067] parameter 'SramCmdFifoIdx' declared inside package 'spi_device_pkg' shall be treated as localparam [/home/mfpdsmbaa/LabCatreda/GR-HEEP/hw/vendor/x-heep/hw/vendor/lowrisc/opentitan/hw/ip/spi_device/rtl/spi_device_pkg.sv:205]
WARNING: [Synth 8-11067] parameter 'SramCmdFifoSize' declared inside package 'spi_device_pkg' shall be treated as localparam [/home/mfpdsmbaa/LabCatreda/GR-HEEP/hw/vendor/x-heep/hw/vendor/lowrisc/opentitan/hw/ip/spi_device/rtl/spi_device_pkg.sv:206]
WARNING: [Synth 8-11067] parameter 'SramAddrFifoIdx' declared inside package 'spi_device_pkg' shall be treated as localparam [/home/mfpdsmbaa/LabCatreda/GR-HEEP/hw/vendor/x-heep/hw/vendor/lowrisc/opentitan/hw/ip/spi_device/rtl/spi_device_pkg.sv:208]
WARNING: [Synth 8-11067] parameter 'SramAddrFifoSize' declared inside package 'spi_device_pkg' shall be treated as localparam [/home/mfpdsmbaa/LabCatreda/GR-HEEP/hw/vendor/x-heep/hw/vendor/lowrisc/opentitan/hw/ip/spi_device/rtl/spi_device_pkg.sv:209]
WARNING: [Synth 8-11067] parameter 'BitLength' declared inside package 'spi_device_pkg' shall be treated as localparam [/home/mfpdsmbaa/LabCatreda/GR-HEEP/hw/vendor/x-heep/hw/vendor/lowrisc/opentitan/hw/ip/spi_device/rtl/spi_device_pkg.sv:212]
WARNING: [Synth 8-11067] parameter 'BitCntW' declared inside package 'spi_device_pkg' shall be treated as localparam [/home/mfpdsmbaa/LabCatreda/GR-HEEP/hw/vendor/x-heep/hw/vendor/lowrisc/opentitan/hw/ip/spi_device/rtl/spi_device_pkg.sv:213]
WARNING: [Synth 8-11067] parameter 'PRINCE_SBOX4' declared inside package 'prim_cipher_pkg' shall be treated as localparam [/home/mfpdsmbaa/LabCatreda/GR-HEEP/hw/vendor/x-heep/hw/vendor/lowrisc/opentitan/hw/ip/prim/rtl/prim_cipher_pkg.sv:23]
WARNING: [Synth 8-11067] parameter 'PRINCE_SBOX4_INV' declared inside package 'prim_cipher_pkg' shall be treated as localparam [/home/mfpdsmbaa/LabCatreda/GR-HEEP/hw/vendor/x-heep/hw/vendor/lowrisc/opentitan/hw/ip/prim/rtl/prim_cipher_pkg.sv:28]
WARNING: [Synth 8-11067] parameter 'PRINCE_SHIFT_ROWS64' declared inside package 'prim_cipher_pkg' shall be treated as localparam [/home/mfpdsmbaa/LabCatreda/GR-HEEP/hw/vendor/x-heep/hw/vendor/lowrisc/opentitan/hw/ip/prim/rtl/prim_cipher_pkg.sv:33]
WARNING: [Synth 8-11067] parameter 'PRINCE_SHIFT_ROWS64_INV' declared inside package 'prim_cipher_pkg' shall be treated as localparam [/home/mfpdsmbaa/LabCatreda/GR-HEEP/hw/vendor/x-heep/hw/vendor/lowrisc/opentitan/hw/ip/prim/rtl/prim_cipher_pkg.sv:38]
WARNING: [Synth 8-11067] parameter 'PRINCE_ROUND_CONST' declared inside package 'prim_cipher_pkg' shall be treated as localparam [/home/mfpdsmbaa/LabCatreda/GR-HEEP/hw/vendor/x-heep/hw/vendor/lowrisc/opentitan/hw/ip/prim/rtl/prim_cipher_pkg.sv:44]
WARNING: [Synth 8-11067] parameter 'PRINCE_ALPHA_CONST' declared inside package 'prim_cipher_pkg' shall be treated as localparam [/home/mfpdsmbaa/LabCatreda/GR-HEEP/hw/vendor/x-heep/hw/vendor/lowrisc/opentitan/hw/ip/prim/rtl/prim_cipher_pkg.sv:58]
WARNING: [Synth 8-11067] parameter 'PRINCE_SHIFT_ROWS_CONST0' declared inside package 'prim_cipher_pkg' shall be treated as localparam [/home/mfpdsmbaa/LabCatreda/GR-HEEP/hw/vendor/x-heep/hw/vendor/lowrisc/opentitan/hw/ip/prim/rtl/prim_cipher_pkg.sv:61]
WARNING: [Synth 8-11067] parameter 'PRINCE_SHIFT_ROWS_CONST1' declared inside package 'prim_cipher_pkg' shall be treated as localparam [/home/mfpdsmbaa/LabCatreda/GR-HEEP/hw/vendor/x-heep/hw/vendor/lowrisc/opentitan/hw/ip/prim/rtl/prim_cipher_pkg.sv:62]
WARNING: [Synth 8-11067] parameter 'PRINCE_SHIFT_ROWS_CONST2' declared inside package 'prim_cipher_pkg' shall be treated as localparam [/home/mfpdsmbaa/LabCatreda/GR-HEEP/hw/vendor/x-heep/hw/vendor/lowrisc/opentitan/hw/ip/prim/rtl/prim_cipher_pkg.sv:63]
WARNING: [Synth 8-11067] parameter 'PRINCE_SHIFT_ROWS_CONST3' declared inside package 'prim_cipher_pkg' shall be treated as localparam [/home/mfpdsmbaa/LabCatreda/GR-HEEP/hw/vendor/x-heep/hw/vendor/lowrisc/opentitan/hw/ip/prim/rtl/prim_cipher_pkg.sv:64]
WARNING: [Synth 8-11067] parameter 'PRESENT_SBOX4' declared inside package 'prim_cipher_pkg' shall be treated as localparam [/home/mfpdsmbaa/LabCatreda/GR-HEEP/hw/vendor/x-heep/hw/vendor/lowrisc/opentitan/hw/ip/prim/rtl/prim_cipher_pkg.sv:141]
WARNING: [Synth 8-11067] parameter 'PRESENT_SBOX4_INV' declared inside package 'prim_cipher_pkg' shall be treated as localparam [/home/mfpdsmbaa/LabCatreda/GR-HEEP/hw/vendor/x-heep/hw/vendor/lowrisc/opentitan/hw/ip/prim/rtl/prim_cipher_pkg.sv:146]
WARNING: [Synth 8-11067] parameter 'PRESENT_PERM32' declared inside package 'prim_cipher_pkg' shall be treated as localparam [/home/mfpdsmbaa/LabCatreda/GR-HEEP/hw/vendor/x-heep/hw/vendor/lowrisc/opentitan/hw/ip/prim/rtl/prim_cipher_pkg.sv:153]
WARNING: [Synth 8-11067] parameter 'PRESENT_PERM32_INV' declared inside package 'prim_cipher_pkg' shall be treated as localparam [/home/mfpdsmbaa/LabCatreda/GR-HEEP/hw/vendor/x-heep/hw/vendor/lowrisc/opentitan/hw/ip/prim/rtl/prim_cipher_pkg.sv:162]
WARNING: [Synth 8-11067] parameter 'PRESENT_PERM64' declared inside package 'prim_cipher_pkg' shall be treated as localparam [/home/mfpdsmbaa/LabCatreda/GR-HEEP/hw/vendor/x-heep/hw/vendor/lowrisc/opentitan/hw/ip/prim/rtl/prim_cipher_pkg.sv:172]
WARNING: [Synth 8-11067] parameter 'PRESENT_PERM64_INV' declared inside package 'prim_cipher_pkg' shall be treated as localparam [/home/mfpdsmbaa/LabCatreda/GR-HEEP/hw/vendor/x-heep/hw/vendor/lowrisc/opentitan/hw/ip/prim/rtl/prim_cipher_pkg.sv:189]
WARNING: [Synth 8-11067] parameter 'RAM_1P_CFG_DEFAULT' declared inside package 'prim_ram_1p_pkg' shall be treated as localparam [/home/mfpdsmbaa/LabCatreda/GR-HEEP/hw/vendor/x-heep/hw/vendor/lowrisc/opentitan/hw/ip/prim/rtl/prim_ram_1p_pkg.sv:18]
WARNING: [Synth 8-11067] parameter 'ALU_OP_WIDTH' declared inside package 'cv32e40x_pkg' shall be treated as localparam [/home/mfpdsmbaa/LabCatreda/GR-HEEP/hw/vendor/x-heep/hw/vendor/openhwgroup/cv32e40x/rtl/include/cv32e40x_pkg.sv:63]
WARNING: [Synth 8-11067] parameter 'MUL_OP_WIDTH' declared inside package 'cv32e40x_pkg' shall be treated as localparam [/home/mfpdsmbaa/LabCatreda/GR-HEEP/hw/vendor/x-heep/hw/vendor/openhwgroup/cv32e40x/rtl/include/cv32e40x_pkg.sv:151]
WARNING: [Synth 8-11067] parameter 'DIV_OP_WIDTH' declared inside package 'cv32e40x_pkg' shall be treated as localparam [/home/mfpdsmbaa/LabCatreda/GR-HEEP/hw/vendor/x-heep/hw/vendor/openhwgroup/cv32e40x/rtl/include/cv32e40x_pkg.sv:159]
WARNING: [Synth 8-11067] parameter 'HAVERESET_INDEX' declared inside package 'cv32e40x_pkg' shall be treated as localparam [/home/mfpdsmbaa/LabCatreda/GR-HEEP/hw/vendor/x-heep/hw/vendor/openhwgroup/cv32e40x/rtl/include/cv32e40x_pkg.sv:178]
WARNING: [Synth 8-11067] parameter 'RUNNING_INDEX' declared inside package 'cv32e40x_pkg' shall be treated as localparam [/home/mfpdsmbaa/LabCatreda/GR-HEEP/hw/vendor/x-heep/hw/vendor/openhwgroup/cv32e40x/rtl/include/cv32e40x_pkg.sv:179]
WARNING: [Synth 8-11067] parameter 'HALTED_INDEX' declared inside package 'cv32e40x_pkg' shall be treated as localparam [/home/mfpdsmbaa/LabCatreda/GR-HEEP/hw/vendor/x-heep/hw/vendor/openhwgroup/cv32e40x/rtl/include/cv32e40x_pkg.sv:180]
WARNING: [Synth 8-11067] parameter 'CSR_JVT_MASK' declared inside package 'cv32e40x_pkg' shall be treated as localparam [/home/mfpdsmbaa/LabCatreda/GR-HEEP/hw/vendor/x-heep/hw/vendor/openhwgroup/cv32e40x/rtl/include/cv32e40x_pkg.sv:432]
WARNING: [Synth 8-11067] parameter 'CSR_MEPC_MASK' declared inside package 'cv32e40x_pkg' shall be treated as localparam [/home/mfpdsmbaa/LabCatreda/GR-HEEP/hw/vendor/x-heep/hw/vendor/openhwgroup/cv32e40x/rtl/include/cv32e40x_pkg.sv:433]
WARNING: [Synth 8-11067] parameter 'CSR_DPC_MASK' declared inside package 'cv32e40x_pkg' shall be treated as localparam [/home/mfpdsmbaa/LabCatreda/GR-HEEP/hw/vendor/x-heep/hw/vendor/openhwgroup/cv32e40x/rtl/include/cv32e40x_pkg.sv:434]
WARNING: [Synth 8-11067] parameter 'CSR_MSCRATCH_MASK' declared inside package 'cv32e40x_pkg' shall be treated as localparam [/home/mfpdsmbaa/LabCatreda/GR-HEEP/hw/vendor/x-heep/hw/vendor/openhwgroup/cv32e40x/rtl/include/cv32e40x_pkg.sv:435]
WARNING: [Synth 8-11067] parameter 'CSR_DCSR_MASK' declared inside package 'cv32e40x_pkg' shall be treated as localparam [/home/mfpdsmbaa/LabCatreda/GR-HEEP/hw/vendor/x-heep/hw/vendor/openhwgroup/cv32e40x/rtl/include/cv32e40x_pkg.sv:436]
WARNING: [Synth 8-11067] parameter 'CSR_OP_WIDTH' declared inside package 'cv32e40x_pkg' shall be treated as localparam [/home/mfpdsmbaa/LabCatreda/GR-HEEP/hw/vendor/x-heep/hw/vendor/openhwgroup/cv32e40x/rtl/include/cv32e40x_pkg.sv:440]
WARNING: [Synth 8-11067] parameter 'CSR_MSIX_BIT' declared inside package 'cv32e40x_pkg' shall be treated as localparam [/home/mfpdsmbaa/LabCatreda/GR-HEEP/hw/vendor/x-heep/hw/vendor/openhwgroup/cv32e40x/rtl/include/cv32e40x_pkg.sv:451]
WARNING: [Synth 8-11067] parameter 'CSR_MTIX_BIT' declared inside package 'cv32e40x_pkg' shall be treated as localparam [/home/mfpdsmbaa/LabCatreda/GR-HEEP/hw/vendor/x-heep/hw/vendor/openhwgroup/cv32e40x/rtl/include/cv32e40x_pkg.sv:452]
WARNING: [Synth 8-11067] parameter 'CSR_MEIX_BIT' declared inside package 'cv32e40x_pkg' shall be treated as localparam [/home/mfpdsmbaa/LabCatreda/GR-HEEP/hw/vendor/x-heep/hw/vendor/openhwgroup/cv32e40x/rtl/include/cv32e40x_pkg.sv:453]
WARNING: [Synth 8-11067] parameter 'CSR_MFIX_BIT_LOW' declared inside package 'cv32e40x_pkg' shall be treated as localparam [/home/mfpdsmbaa/LabCatreda/GR-HEEP/hw/vendor/x-heep/hw/vendor/openhwgroup/cv32e40x/rtl/include/cv32e40x_pkg.sv:454]
WARNING: [Synth 8-11067] parameter 'CSR_MFIX_BIT_HIGH' declared inside package 'cv32e40x_pkg' shall be treated as localparam [/home/mfpdsmbaa/LabCatreda/GR-HEEP/hw/vendor/x-heep/hw/vendor/openhwgroup/cv32e40x/rtl/include/cv32e40x_pkg.sv:455]
WARNING: [Synth 8-11067] parameter 'PRIV_LVL_LOWEST' declared inside package 'cv32e40x_pkg' shall be treated as localparam [/home/mfpdsmbaa/LabCatreda/GR-HEEP/hw/vendor/x-heep/hw/vendor/openhwgroup/cv32e40x/rtl/include/cv32e40x_pkg.sv:465]
INFO: [Common 17-14] Message 'Synth 8-11067' appears 100 times and further instances of the messages will be disabled. Use the Tcl command set_msg_config to change the current settings.
WARNING: [Synth 8-10940] macro 'ASSERT_PULSE' is redefined [/home/mfpdsmbaa/LabCatreda/GR-HEEP/hw/vendor/x-heep/hw/vendor/pulp_platform/common_cells/include/common_cells/assertions.svh:142]
WARNING: [Synth 8-10940] macro 'ASSERT_IF' is redefined [/home/mfpdsmbaa/LabCatreda/GR-HEEP/hw/vendor/x-heep/hw/vendor/pulp_platform/common_cells/include/common_cells/assertions.svh:149]
WARNING: [Synth 8-10940] macro 'ASSERT_KNOWN_IF' is redefined [/home/mfpdsmbaa/LabCatreda/GR-HEEP/hw/vendor/x-heep/hw/vendor/pulp_platform/common_cells/include/common_cells/assertions.svh:157]
WARNING: [Synth 8-10940] macro 'ASSUME_FPV' is redefined [/home/mfpdsmbaa/LabCatreda/GR-HEEP/hw/vendor/x-heep/hw/vendor/pulp_platform/common_cells/include/common_cells/assertions.svh:193]
WARNING: [Synth 8-10940] macro 'ASSUME_I_FPV' is redefined [/home/mfpdsmbaa/LabCatreda/GR-HEEP/hw/vendor/x-heep/hw/vendor/pulp_platform/common_cells/include/common_cells/assertions.svh:200]
WARNING: [Synth 8-9661] initial value of parameter 'NUM_INPUTS' is omitted [/home/mfpdsmbaa/LabCatreda/GR-HEEP/hw/vendor/x-heep/hw/vendor/pulp_platform/common_cells/src/clk_mux_glitch_free.sv:257]
WARNING: [Synth 8-11065] parameter 'AxiXbarIdWidth' becomes localparam in 'axi_xp' with formal parameter declaration list [/home/mfpdsmbaa/LabCatreda/GR-HEEP/hw/vendor/x-heep/hw/vendor/pulp_platform/axi/src/axi_xp.sv:102]
CRITICAL WARNING: [Synth 8-9873] overwriting previous definition of module 'cv32e40p_clock_gate' [/home/mfpdsmbaa/LabCatreda/GR-HEEP/hw/fpga/cv32e40p_xilinx_clock_gate.sv:25]
INFO: [Synth 8-9937] previous definition of design element 'cv32e40p_clock_gate' is here [/home/mfpdsmbaa/LabCatreda/GR-HEEP/hw/fpga/prim_xilinx_clk.sv:90]
CRITICAL WARNING: [Synth 8-9873] overwriting previous definition of module 'cv32e40x_clock_gate' [/home/mfpdsmbaa/LabCatreda/GR-HEEP/hw/fpga/cv32e40x_xilinx_clock_gate.sv:27]
INFO: [Synth 8-9937] previous definition of design element 'cv32e40x_clock_gate' is here [/home/mfpdsmbaa/LabCatreda/GR-HEEP/hw/fpga/prim_xilinx_clk.sv:108]
INFO: [Synth 8-6157] synthesizing module 'xilinx_gr_heep_wrapper' [/home/mfpdsmbaa/LabCatreda/GR-HEEP/hw/fpga_ext/xilinx_gr_heep_wrapper.sv:5]
INFO: [Synth 8-6157] synthesizing module 'if_xif' [/home/mfpdsmbaa/LabCatreda/GR-HEEP/hw/vendor/x-heep/hw/vendor/openhwgroup/cv32e40x/rtl/if_xif.sv:31]
INFO: [Synth 8-6155] done synthesizing module 'if_xif' (0#1) [/home/mfpdsmbaa/LabCatreda/GR-HEEP/hw/vendor/x-heep/hw/vendor/openhwgroup/cv32e40x/rtl/if_xif.sv:31]
INFO: [Synth 8-6157] synthesizing module 'xilinx_clk_wizard_wrapper' [/home/mfpdsmbaa/LabCatreda/GR-HEEP/build/x-heep_systems_gr-heep_0/nexys-a7-100t-vivado/x-heep_systems_gr-heep_0.gen/sources_1/bd/xilinx_clk_wizard/hdl/xilinx_clk_wizard_wrapper.v:13]
INFO: [Synth 8-6157] synthesizing module 'xilinx_clk_wizard' [/home/mfpdsmbaa/LabCatreda/GR-HEEP/build/x-heep_systems_gr-heep_0/nexys-a7-100t-vivado/x-heep_systems_gr-heep_0.gen/sources_1/bd/xilinx_clk_wizard/synth/xilinx_clk_wizard.v:13]
INFO: [Synth 8-6157] synthesizing module 'xilinx_clk_wizard_clk_wiz_0_0' [/home/mfpdsmbaa/LabCatreda/GR-HEEP/build/x-heep_systems_gr-heep_0/nexys-a7-100t-vivado/x-heep_systems_gr-heep_0.runs/synth_1/.Xil/Vivado-24505-MFPDSMBAA1/realtime/xilinx_clk_wizard_clk_wiz_0_0_stub.v:6]
INFO: [Synth 8-6155] done synthesizing module 'xilinx_clk_wizard_clk_wiz_0_0' (0#1) [/home/mfpdsmbaa/LabCatreda/GR-HEEP/build/x-heep_systems_gr-heep_0/nexys-a7-100t-vivado/x-heep_systems_gr-heep_0.runs/synth_1/.Xil/Vivado-24505-MFPDSMBAA1/realtime/xilinx_clk_wizard_clk_wiz_0_0_stub.v:6]
INFO: [Synth 8-6155] done synthesizing module 'xilinx_clk_wizard' (0#1) [/home/mfpdsmbaa/LabCatreda/GR-HEEP/build/x-heep_systems_gr-heep_0/nexys-a7-100t-vivado/x-heep_systems_gr-heep_0.gen/sources_1/bd/xilinx_clk_wizard/synth/xilinx_clk_wizard.v:13]
INFO: [Synth 8-6155] done synthesizing module 'xilinx_clk_wizard_wrapper' (0#1) [/home/mfpdsmbaa/LabCatreda/GR-HEEP/build/x-heep_systems_gr-heep_0/nexys-a7-100t-vivado/x-heep_systems_gr-heep_0.gen/sources_1/bd/xilinx_clk_wizard/hdl/xilinx_clk_wizard_wrapper.v:13]
INFO: [Synth 8-6157] synthesizing module 'gr_heep' [/home/mfpdsmbaa/LabCatreda/GR-HEEP/hw/gr-heep/gr_heep.sv:10]
INFO: [Synth 8-6157] synthesizing module 'if_xif' [/home/mfpdsmbaa/LabCatreda/GR-HEEP/hw/vendor/x-heep/hw/vendor/openhwgroup/cv32e40x/rtl/if_xif.sv:31]
INFO: [Synth 8-6155] done synthesizing module 'if_xif' (0#1) [/home/mfpdsmbaa/LabCatreda/GR-HEEP/hw/vendor/x-heep/hw/vendor/openhwgroup/cv32e40x/rtl/if_xif.sv:31]
INFO: [Synth 8-6157] synthesizing module 'rstgen' [/home/mfpdsmbaa/LabCatreda/GR-HEEP/hw/vendor/x-heep/hw/vendor/pulp_platform/common_cells/src/rstgen.sv:13]
INFO: [Synth 8-6157] synthesizing module 'rstgen_bypass' [/home/mfpdsmbaa/LabCatreda/GR-HEEP/hw/vendor/x-heep/hw/vendor/pulp_platform/common_cells/src/rstgen_bypass.sv:15]
INFO: [Synth 8-6157] synthesizing module 'tc_clk_mux2' [/home/mfpdsmbaa/LabCatreda/GR-HEEP/hw/fpga/prim_xilinx_clk.sv:133]
INFO: [Synth 8-6157] synthesizing module 'xilinx_clk_mux2' [/home/mfpdsmbaa/LabCatreda/GR-HEEP/hw/fpga/prim_xilinx_clk.sv:31]
INFO: [Synth 8-6157] synthesizing module 'BUFGMUX' [/home/mfpdsmbaa/Xilinx/Vivado/2023.2/scripts/rt/data/unisim_comp.v:2051]
INFO: [Synth 8-6155] done synthesizing module 'BUFGMUX' (0#1) [/home/mfpdsmbaa/Xilinx/Vivado/2023.2/scripts/rt/data/unisim_comp.v:2051]
INFO: [Synth 8-6155] done synthesizing module 'xilinx_clk_mux2' (0#1) [/home/mfpdsmbaa/LabCatreda/GR-HEEP/hw/fpga/prim_xilinx_clk.sv:31]
INFO: [Synth 8-6155] done synthesizing module 'tc_clk_mux2' (0#1) [/home/mfpdsmbaa/LabCatreda/GR-HEEP/hw/fpga/prim_xilinx_clk.sv:133]
INFO: [Synth 8-6155] done synthesizing module 'rstgen_bypass' (0#1) [/home/mfpdsmbaa/LabCatreda/GR-HEEP/hw/vendor/x-heep/hw/vendor/pulp_platform/common_cells/src/rstgen_bypass.sv:15]
INFO: [Synth 8-6155] done synthesizing module 'rstgen' (0#1) [/home/mfpdsmbaa/LabCatreda/GR-HEEP/hw/vendor/x-heep/hw/vendor/pulp_platform/common_cells/src/rstgen.sv:13]
INFO: [Synth 8-6157] synthesizing module 'core_v_mini_mcu' [/home/mfpdsmbaa/LabCatreda/GR-HEEP/hw/vendor/x-heep/hw/core-v-mini-mcu/core_v_mini_mcu.sv:9]
	Parameter EXT_XBAR_NMASTER bound to: 0 - type: integer 
	Parameter AO_SPC_NUM bound to: 1 - type: integer 
	Parameter EXT_HARTS bound to: 1 - type: integer 
INFO: [Synth 8-6157] synthesizing module 'cpu_subsystem' [/home/mfpdsmbaa/LabCatreda/GR-HEEP/hw/vendor/x-heep/hw/core-v-mini-mcu/cpu_subsystem.sv:7]
	Parameter BOOT_ADDR bound to: 536936448 - type: integer 
	Parameter DM_HALTADDRESS bound to: 268437504 - type: integer 
INFO: [Synth 8-6157] synthesizing module 'cv32e40px_xif_wrapper' [/home/mfpdsmbaa/LabCatreda/GR-HEEP/hw/vendor/x-heep/hw/core-v-mini-mcu/cv32e40px_xif_wrapper.sv:7]
INFO: [Synth 8-6157] synthesizing module 'cv32e40px_top' [/home/mfpdsmbaa/LabCatreda/GR-HEEP/hw/vendor/x-heep/hw/vendor/xheep/cv32e40px/rtl/cv32e40px_top.sv:26]
	Parameter COREV_X_IF bound to: 1'b0 
	Parameter COREV_PULP bound to: 0 - type: integer 
	Parameter COREV_CLUSTER bound to: 0 - type: integer 
	Parameter FPU bound to: 0 - type: integer 
	Parameter FPU_ADDMUL_LAT bound to: 0 - type: integer 
	Parameter FPU_OTHERS_LAT bound to: 0 - type: integer 
	Parameter ZFINX bound to: 0 - type: integer 
	Parameter NUM_MHPMCOUNTERS bound to: 1 - type: integer 
INFO: [Synth 8-6157] synthesizing module 'cv32e40px_core' [/home/mfpdsmbaa/LabCatreda/GR-HEEP/hw/vendor/x-heep/hw/vendor/xheep/cv32e40px/rtl/cv32e40px_core.sv:31]
	Parameter COREV_X_IF bound to: 1'b0 
	Parameter COREV_PULP bound to: 0 - type: integer 
	Parameter COREV_CLUSTER bound to: 0 - type: integer 
	Parameter FPU bound to: 0 - type: integer 
	Parameter FPU_ADDMUL_LAT bound to: 0 - type: integer 
	Parameter FPU_OTHERS_LAT bound to: 0 - type: integer 
	Parameter ZFINX bound to: 0 - type: integer 
	Parameter NUM_MHPMCOUNTERS bound to: 1 - type: integer 
INFO: [Synth 8-6157] synthesizing module 'cv32e40px_sleep_unit' [/home/mfpdsmbaa/LabCatreda/GR-HEEP/hw/vendor/x-heep/hw/vendor/xheep/cv32e40px/rtl/cv32e40px_sleep_unit.sv:56]
	Parameter COREV_CLUSTER bound to: 0 - type: integer 
INFO: [Synth 8-6157] synthesizing module 'cv32e40px_clock_gate' [/home/mfpdsmbaa/LabCatreda/GR-HEEP/hw/fpga/cv32e40px_xilinx_clock_gate.sv:11]
INFO: [Synth 8-6157] synthesizing module 'xilinx_clk_gating' [/home/mfpdsmbaa/LabCatreda/GR-HEEP/hw/fpga/prim_xilinx_clk.sv:5]
INFO: [Synth 8-6155] done synthesizing module 'xilinx_clk_gating' (0#1) [/home/mfpdsmbaa/LabCatreda/GR-HEEP/hw/fpga/prim_xilinx_clk.sv:5]
INFO: [Synth 8-6155] done synthesizing module 'cv32e40px_clock_gate' (0#1) [/home/mfpdsmbaa/LabCatreda/GR-HEEP/hw/fpga/cv32e40px_xilinx_clock_gate.sv:11]
INFO: [Synth 8-6155] done synthesizing module 'cv32e40px_sleep_unit' (0#1) [/home/mfpdsmbaa/LabCatreda/GR-HEEP/hw/vendor/x-heep/hw/vendor/xheep/cv32e40px/rtl/cv32e40px_sleep_unit.sv:56]
INFO: [Synth 8-6157] synthesizing module 'cv32e40px_if_stage' [/home/mfpdsmbaa/LabCatreda/GR-HEEP/hw/vendor/x-heep/hw/vendor/xheep/cv32e40px/rtl/cv32e40px_if_stage.sv:28]
	Parameter COREV_X_IF bound to: 1'b0 
	Parameter COREV_PULP bound to: 0 - type: integer 
	Parameter PULP_OBI bound to: 0 - type: integer 
	Parameter PULP_SECURE bound to: 0 - type: integer 
	Parameter FPU bound to: 0 - type: integer 
	Parameter ZFINX bound to: 0 - type: integer 
INFO: [Synth 8-294] found qualifier unique on case statement: implementing as parallel_case [/home/mfpdsmbaa/LabCatreda/GR-HEEP/hw/vendor/x-heep/hw/vendor/xheep/cv32e40px/rtl/cv32e40px_if_stage.sv:141]
INFO: [Synth 8-294] found qualifier unique on case statement: implementing as parallel_case [/home/mfpdsmbaa/LabCatreda/GR-HEEP/hw/vendor/x-heep/hw/vendor/xheep/cv32e40px/rtl/cv32e40px_if_stage.sv:147]
INFO: [Synth 8-294] found qualifier unique on case statement: implementing as parallel_case [/home/mfpdsmbaa/LabCatreda/GR-HEEP/hw/vendor/x-heep/hw/vendor/xheep/cv32e40px/rtl/cv32e40px_if_stage.sv:153]
INFO: [Synth 8-294] found qualifier unique on case statement: implementing as parallel_case [/home/mfpdsmbaa/LabCatreda/GR-HEEP/hw/vendor/x-heep/hw/vendor/xheep/cv32e40px/rtl/cv32e40px_if_stage.sv:168]
INFO: [Synth 8-6157] synthesizing module 'cv32e40px_prefetch_buffer' [/home/mfpdsmbaa/LabCatreda/GR-HEEP/hw/vendor/x-heep/hw/vendor/xheep/cv32e40px/rtl/cv32e40px_prefetch_buffer.sv:27]
	Parameter PULP_OBI bound to: 0 - type: integer 
	Parameter COREV_PULP bound to: 0 - type: integer 
INFO: [Synth 8-6157] synthesizing module 'cv32e40px_prefetch_controller' [/home/mfpdsmbaa/LabCatreda/GR-HEEP/hw/vendor/x-heep/hw/vendor/xheep/cv32e40px/rtl/cv32e40px_prefetch_controller.sv:40]
	Parameter PULP_OBI bound to: 0 - type: integer 
	Parameter COREV_PULP bound to: 0 - type: integer 
	Parameter DEPTH bound to: 2 - type: integer 
INFO: [Synth 8-6155] done synthesizing module 'cv32e40px_prefetch_controller' (0#1) [/home/mfpdsmbaa/LabCatreda/GR-HEEP/hw/vendor/x-heep/hw/vendor/xheep/cv32e40px/rtl/cv32e40px_prefetch_controller.sv:40]
INFO: [Synth 8-6157] synthesizing module 'cv32e40px_fifo' [/home/mfpdsmbaa/LabCatreda/GR-HEEP/hw/vendor/x-heep/hw/vendor/xheep/cv32e40px/rtl/cv32e40px_fifo.sv:15]
	Parameter FALL_THROUGH bound to: 1'b0 
	Parameter DATA_WIDTH bound to: 32'b00000000000000000000000000100000 
	Parameter DEPTH bound to: 2 - type: integer 
INFO: [Synth 8-294] found qualifier unique on case statement: implementing as parallel_case [/home/mfpdsmbaa/LabCatreda/GR-HEEP/hw/vendor/x-heep/hw/vendor/xheep/cv32e40px/rtl/cv32e40px_fifo.sv:117]
INFO: [Synth 8-6155] done synthesizing module 'cv32e40px_fifo' (0#1) [/home/mfpdsmbaa/LabCatreda/GR-HEEP/hw/vendor/x-heep/hw/vendor/xheep/cv32e40px/rtl/cv32e40px_fifo.sv:15]
INFO: [Synth 8-6157] synthesizing module 'cv32e40px_obi_interface' [/home/mfpdsmbaa/LabCatreda/GR-HEEP/hw/vendor/x-heep/hw/vendor/xheep/cv32e40px/rtl/cv32e40px_obi_interface.sv:38]
	Parameter TRANS_STABLE bound to: 0 - type: integer 
INFO: [Synth 8-6155] done synthesizing module 'cv32e40px_obi_interface' (0#1) [/home/mfpdsmbaa/LabCatreda/GR-HEEP/hw/vendor/x-heep/hw/vendor/xheep/cv32e40px/rtl/cv32e40px_obi_interface.sv:38]
INFO: [Synth 8-6155] done synthesizing module 'cv32e40px_prefetch_buffer' (0#1) [/home/mfpdsmbaa/LabCatreda/GR-HEEP/hw/vendor/x-heep/hw/vendor/xheep/cv32e40px/rtl/cv32e40px_prefetch_buffer.sv:27]
INFO: [Synth 8-6157] synthesizing module 'cv32e40px_aligner' [/home/mfpdsmbaa/LabCatreda/GR-HEEP/hw/vendor/x-heep/hw/vendor/xheep/cv32e40px/rtl/cv32e40px_aligner.sv:23]
INFO: [Synth 8-155] case statement is not full and has no default [/home/mfpdsmbaa/LabCatreda/GR-HEEP/hw/vendor/x-heep/hw/vendor/xheep/cv32e40px/rtl/cv32e40px_aligner.sv:102]
INFO: [Synth 8-6155] done synthesizing module 'cv32e40px_aligner' (0#1) [/home/mfpdsmbaa/LabCatreda/GR-HEEP/hw/vendor/x-heep/hw/vendor/xheep/cv32e40px/rtl/cv32e40px_aligner.sv:23]
INFO: [Synth 8-6157] synthesizing module 'cv32e40px_compressed_decoder' [/home/mfpdsmbaa/LabCatreda/GR-HEEP/hw/vendor/x-heep/hw/vendor/xheep/cv32e40px/rtl/cv32e40px_compressed_decoder.sv:27]
	Parameter FPU bound to: 0 - type: integer 
	Parameter ZFINX bound to: 0 - type: integer 
INFO: [Synth 8-294] found qualifier unique on case statement: implementing as parallel_case [/home/mfpdsmbaa/LabCatreda/GR-HEEP/hw/vendor/x-heep/hw/vendor/xheep/cv32e40px/rtl/cv32e40px_compressed_decoder.sv:52]
INFO: [Synth 8-294] found qualifier unique on case statement: implementing as parallel_case [/home/mfpdsmbaa/LabCatreda/GR-HEEP/hw/vendor/x-heep/hw/vendor/xheep/cv32e40px/rtl/cv32e40px_compressed_decoder.sv:55]
INFO: [Synth 8-294] found qualifier unique on case statement: implementing as parallel_case [/home/mfpdsmbaa/LabCatreda/GR-HEEP/hw/vendor/x-heep/hw/vendor/xheep/cv32e40px/rtl/cv32e40px_compressed_decoder.sv:195]
INFO: [Synth 8-294] found qualifier unique on case statement: implementing as parallel_case [/home/mfpdsmbaa/LabCatreda/GR-HEEP/hw/vendor/x-heep/hw/vendor/xheep/cv32e40px/rtl/cv32e40px_compressed_decoder.sv:272]
INFO: [Synth 8-294] found qualifier unique on case statement: implementing as parallel_case [/home/mfpdsmbaa/LabCatreda/GR-HEEP/hw/vendor/x-heep/hw/vendor/xheep/cv32e40px/rtl/cv32e40px_compressed_decoder.sv:339]
INFO: [Synth 8-294] found qualifier unique on case statement: implementing as parallel_case [/home/mfpdsmbaa/LabCatreda/GR-HEEP/hw/vendor/x-heep/hw/vendor/xheep/cv32e40px/rtl/cv32e40px_compressed_decoder.sv:436]
INFO: [Synth 8-6155] done synthesizing module 'cv32e40px_compressed_decoder' (0#1) [/home/mfpdsmbaa/LabCatreda/GR-HEEP/hw/vendor/x-heep/hw/vendor/xheep/cv32e40px/rtl/cv32e40px_compressed_decoder.sv:27]
INFO: [Synth 8-6155] done synthesizing module 'cv32e40px_if_stage' (0#1) [/home/mfpdsmbaa/LabCatreda/GR-HEEP/hw/vendor/x-heep/hw/vendor/xheep/cv32e40px/rtl/cv32e40px_if_stage.sv:28]
INFO: [Synth 8-6157] synthesizing module 'cv32e40px_id_stage' [/home/mfpdsmbaa/LabCatreda/GR-HEEP/hw/vendor/x-heep/hw/vendor/xheep/cv32e40px/rtl/cv32e40px_id_stage.sv:30]
	Parameter COREV_X_IF bound to: 1'b0 
	Parameter COREV_PULP bound to: 0 - type: integer 
	Parameter COREV_CLUSTER bound to: 0 - type: integer 
	Parameter N_HWLP bound to: 2 - type: integer 
	Parameter PULP_SECURE bound to: 0 - type: integer 
	Parameter USE_PMP bound to: 0 - type: integer 
	Parameter A_EXTENSION bound to: 0 - type: integer 
	Parameter APU bound to: 0 - type: integer 
	Parameter FPU bound to: 0 - type: integer 
	Parameter FPU_ADDMUL_LAT bound to: 0 - type: integer 
	Parameter FPU_OTHERS_LAT bound to: 0 - type: integer 
	Parameter ZFINX bound to: 0 - type: integer 
	Parameter APU_NARGS_CPU bound to: 3 - type: integer 
	Parameter APU_WOP_CPU bound to: 6 - type: integer 
	Parameter APU_NDSFLAGS_CPU bound to: 15 - type: integer 
	Parameter APU_NUSFLAGS_CPU bound to: 5 - type: integer 
	Parameter DEBUG_TRIGGER_EN bound to: 1 - type: integer 
INFO: [Synth 8-294] found qualifier unique on case statement: implementing as parallel_case [/home/mfpdsmbaa/LabCatreda/GR-HEEP/hw/vendor/x-heep/hw/vendor/xheep/cv32e40px/rtl/cv32e40px_id_stage.sv:583]
INFO: [Synth 8-294] found qualifier unique on case statement: implementing as parallel_case [/home/mfpdsmbaa/LabCatreda/GR-HEEP/hw/vendor/x-heep/hw/vendor/xheep/cv32e40px/rtl/cv32e40px_id_stage.sv:635]
INFO: [Synth 8-294] found qualifier unique on case statement: implementing as parallel_case [/home/mfpdsmbaa/LabCatreda/GR-HEEP/hw/vendor/x-heep/hw/vendor/xheep/cv32e40px/rtl/cv32e40px_id_stage.sv:672]
INFO: [Synth 8-294] found qualifier unique on case statement: implementing as parallel_case [/home/mfpdsmbaa/LabCatreda/GR-HEEP/hw/vendor/x-heep/hw/vendor/xheep/cv32e40px/rtl/cv32e40px_id_stage.sv:702]
INFO: [Synth 8-294] found qualifier unique on case statement: implementing as parallel_case [/home/mfpdsmbaa/LabCatreda/GR-HEEP/hw/vendor/x-heep/hw/vendor/xheep/cv32e40px/rtl/cv32e40px_id_stage.sv:842]
INFO: [Synth 8-294] found qualifier unique on case statement: implementing as parallel_case [/home/mfpdsmbaa/LabCatreda/GR-HEEP/hw/vendor/x-heep/hw/vendor/xheep/cv32e40px/rtl/cv32e40px_id_stage.sv:848]
INFO: [Synth 8-294] found qualifier unique on case statement: implementing as parallel_case [/home/mfpdsmbaa/LabCatreda/GR-HEEP/hw/vendor/x-heep/hw/vendor/xheep/cv32e40px/rtl/cv32e40px_id_stage.sv:857]
INFO: [Synth 8-294] found qualifier unique on case statement: implementing as parallel_case [/home/mfpdsmbaa/LabCatreda/GR-HEEP/hw/vendor/x-heep/hw/vendor/xheep/cv32e40px/rtl/cv32e40px_id_stage.sv:863]
INFO: [Synth 8-294] found qualifier unique on case statement: implementing as parallel_case [/home/mfpdsmbaa/LabCatreda/GR-HEEP/hw/vendor/x-heep/hw/vendor/xheep/cv32e40px/rtl/cv32e40px_id_stage.sv:878]
INFO: [Synth 8-6157] synthesizing module 'cv32e40px_register_file' [/home/mfpdsmbaa/LabCatreda/GR-HEEP/hw/vendor/x-heep/hw/vendor/xheep/cv32e40px/rtl/cv32e40px_register_file_ff.sv:30]
	Parameter ADDR_WIDTH bound to: 6 - type: integer 
	Parameter DATA_WIDTH bound to: 32 - type: integer 
	Parameter FPU bound to: 0 - type: integer 
	Parameter ZFINX bound to: 0 - type: integer 
	Parameter COREV_X_IF bound to: 1'b0 
	Parameter X_DUALREAD bound to: 0 - type: integer 
INFO: [Synth 8-6155] done synthesizing module 'cv32e40px_register_file' (0#1) [/home/mfpdsmbaa/LabCatreda/GR-HEEP/hw/vendor/x-heep/hw/vendor/xheep/cv32e40px/rtl/cv32e40px_register_file_ff.sv:30]
INFO: [Synth 8-6157] synthesizing module 'cv32e40px_decoder' [/home/mfpdsmbaa/LabCatreda/GR-HEEP/hw/vendor/x-heep/hw/vendor/xheep/cv32e40px/rtl/cv32e40px_decoder.sv:28]
	Parameter COREV_PULP bound to: 0 - type: integer 
	Parameter COREV_CLUSTER bound to: 0 - type: integer 
	Parameter A_EXTENSION bound to: 0 - type: integer 
	Parameter FPU bound to: 0 - type: integer 
	Parameter FPU_ADDMUL_LAT bound to: 0 - type: integer 
	Parameter FPU_OTHERS_LAT bound to: 0 - type: integer 
	Parameter ZFINX bound to: 0 - type: integer 
	Parameter PULP_SECURE bound to: 0 - type: integer 
	Parameter USE_PMP bound to: 0 - type: integer 
	Parameter APU_WOP_CPU bound to: 6 - type: integer 
	Parameter DEBUG_TRIGGER_EN bound to: 1 - type: integer 
INFO: [Synth 8-294] found qualifier unique on case statement: implementing as parallel_case [/home/mfpdsmbaa/LabCatreda/GR-HEEP/hw/vendor/x-heep/hw/vendor/xheep/cv32e40px/rtl/cv32e40px_decoder.sv:293]
INFO: [Synth 8-294] found qualifier unique on case statement: implementing as parallel_case [/home/mfpdsmbaa/LabCatreda/GR-HEEP/hw/vendor/x-heep/hw/vendor/xheep/cv32e40px/rtl/cv32e40px_decoder.sv:342]
INFO: [Synth 8-294] found qualifier unique on case statement: implementing as parallel_case [/home/mfpdsmbaa/LabCatreda/GR-HEEP/hw/vendor/x-heep/hw/vendor/xheep/cv32e40px/rtl/cv32e40px_decoder.sv:376]
INFO: [Synth 8-294] found qualifier unique on case statement: implementing as parallel_case [/home/mfpdsmbaa/LabCatreda/GR-HEEP/hw/vendor/x-heep/hw/vendor/xheep/cv32e40px/rtl/cv32e40px_decoder.sv:401]
INFO: [Synth 8-294] found qualifier unique on case statement: implementing as parallel_case [/home/mfpdsmbaa/LabCatreda/GR-HEEP/hw/vendor/x-heep/hw/vendor/xheep/cv32e40px/rtl/cv32e40px_decoder.sv:487]
INFO: [Synth 8-294] found qualifier unique on case statement: implementing as parallel_case [/home/mfpdsmbaa/LabCatreda/GR-HEEP/hw/vendor/x-heep/hw/vendor/xheep/cv32e40px/rtl/cv32e40px_decoder.sv:925]
INFO: [Synth 8-294] found qualifier unique on case statement: implementing as parallel_case [/home/mfpdsmbaa/LabCatreda/GR-HEEP/hw/vendor/x-heep/hw/vendor/xheep/cv32e40px/rtl/cv32e40px_decoder.sv:2683]
INFO: [Synth 8-294] found qualifier unique on case statement: implementing as parallel_case [/home/mfpdsmbaa/LabCatreda/GR-HEEP/hw/vendor/x-heep/hw/vendor/xheep/cv32e40px/rtl/cv32e40px_decoder.sv:2704]
INFO: [Synth 8-294] found qualifier unique on case statement: implementing as parallel_case [/home/mfpdsmbaa/LabCatreda/GR-HEEP/hw/vendor/x-heep/hw/vendor/xheep/cv32e40px/rtl/cv32e40px_decoder.sv:2775]
INFO: [Synth 8-6155] done synthesizing module 'cv32e40px_decoder' (0#1) [/home/mfpdsmbaa/LabCatreda/GR-HEEP/hw/vendor/x-heep/hw/vendor/xheep/cv32e40px/rtl/cv32e40px_decoder.sv:28]
INFO: [Synth 8-6157] synthesizing module 'cv32e40px_controller' [/home/mfpdsmbaa/LabCatreda/GR-HEEP/hw/vendor/x-heep/hw/vendor/xheep/cv32e40px/rtl/cv32e40px_controller.sv:31]
	Parameter COREV_CLUSTER bound to: 0 - type: integer 
	Parameter COREV_PULP bound to: 0 - type: integer 
	Parameter FPU bound to: 0 - type: integer 
INFO: [Synth 8-294] found qualifier unique on case statement: implementing as parallel_case [/home/mfpdsmbaa/LabCatreda/GR-HEEP/hw/vendor/x-heep/hw/vendor/xheep/cv32e40px/rtl/cv32e40px_controller.sv:337]
INFO: [Synth 8-294] found qualifier unique on case statement: implementing as parallel_case [/home/mfpdsmbaa/LabCatreda/GR-HEEP/hw/vendor/x-heep/hw/vendor/xheep/cv32e40px/rtl/cv32e40px_controller.sv:553]
INFO: [Synth 8-294] found qualifier unique on case statement: implementing as parallel_case [/home/mfpdsmbaa/LabCatreda/GR-HEEP/hw/vendor/x-heep/hw/vendor/xheep/cv32e40px/rtl/cv32e40px_controller.sv:689]
INFO: [Synth 8-294] found qualifier unique on case statement: implementing as parallel_case [/home/mfpdsmbaa/LabCatreda/GR-HEEP/hw/vendor/x-heep/hw/vendor/xheep/cv32e40px/rtl/cv32e40px_controller.sv:949]
INFO: [Synth 8-294] found qualifier unique on case statement: implementing as parallel_case [/home/mfpdsmbaa/LabCatreda/GR-HEEP/hw/vendor/x-heep/hw/vendor/xheep/cv32e40px/rtl/cv32e40px_controller.sv:1071]
INFO: [Synth 8-294] found qualifier unique on case statement: implementing as parallel_case [/home/mfpdsmbaa/LabCatreda/GR-HEEP/hw/vendor/x-heep/hw/vendor/xheep/cv32e40px/rtl/cv32e40px_controller.sv:1139]
INFO: [Synth 8-6155] done synthesizing module 'cv32e40px_controller' (0#1) [/home/mfpdsmbaa/LabCatreda/GR-HEEP/hw/vendor/x-heep/hw/vendor/xheep/cv32e40px/rtl/cv32e40px_controller.sv:31]
INFO: [Synth 8-6157] synthesizing module 'cv32e40px_int_controller' [/home/mfpdsmbaa/LabCatreda/GR-HEEP/hw/vendor/x-heep/hw/vendor/xheep/cv32e40px/rtl/cv32e40px_int_controller.sv:24]
	Parameter PULP_SECURE bound to: 0 - type: integer 
INFO: [Synth 8-6155] done synthesizing module 'cv32e40px_int_controller' (0#1) [/home/mfpdsmbaa/LabCatreda/GR-HEEP/hw/vendor/x-heep/hw/vendor/xheep/cv32e40px/rtl/cv32e40px_int_controller.sv:24]
INFO: [Synth 8-6155] done synthesizing module 'cv32e40px_id_stage' (0#1) [/home/mfpdsmbaa/LabCatreda/GR-HEEP/hw/vendor/x-heep/hw/vendor/xheep/cv32e40px/rtl/cv32e40px_id_stage.sv:30]
INFO: [Synth 8-6157] synthesizing module 'cv32e40px_ex_stage' [/home/mfpdsmbaa/LabCatreda/GR-HEEP/hw/vendor/x-heep/hw/vendor/xheep/cv32e40px/rtl/cv32e40px_ex_stage.sv:32]
	Parameter COREV_PULP bound to: 0 - type: integer 
	Parameter FPU bound to: 0 - type: integer 
	Parameter APU_NARGS_CPU bound to: 3 - type: integer 
	Parameter APU_WOP_CPU bound to: 6 - type: integer 
	Parameter APU_NDSFLAGS_CPU bound to: 15 - type: integer 
	Parameter APU_NUSFLAGS_CPU bound to: 5 - type: integer 
INFO: [Synth 8-6157] synthesizing module 'cv32e40px_alu' [/home/mfpdsmbaa/LabCatreda/GR-HEEP/hw/vendor/x-heep/hw/vendor/xheep/cv32e40px/rtl/cv32e40px_alu.sv:28]
INFO: [Synth 8-155] case statement is not full and has no default [/home/mfpdsmbaa/LabCatreda/GR-HEEP/hw/vendor/x-heep/hw/vendor/xheep/cv32e40px/rtl/cv32e40px_alu.sv:139]
INFO: [Synth 8-155] case statement is not full and has no default [/home/mfpdsmbaa/LabCatreda/GR-HEEP/hw/vendor/x-heep/hw/vendor/xheep/cv32e40px/rtl/cv32e40px_alu.sv:153]
INFO: [Synth 8-294] found qualifier unique on case statement: implementing as parallel_case [/home/mfpdsmbaa/LabCatreda/GR-HEEP/hw/vendor/x-heep/hw/vendor/xheep/cv32e40px/rtl/cv32e40px_alu.sv:348]
INFO: [Synth 8-294] found qualifier unique on case statement: implementing as parallel_case [/home/mfpdsmbaa/LabCatreda/GR-HEEP/hw/vendor/x-heep/hw/vendor/xheep/cv32e40px/rtl/cv32e40px_alu.sv:416]
INFO: [Synth 8-294] found qualifier unique on case statement: implementing as parallel_case [/home/mfpdsmbaa/LabCatreda/GR-HEEP/hw/vendor/x-heep/hw/vendor/xheep/cv32e40px/rtl/cv32e40px_alu.sv:499]
INFO: [Synth 8-294] found qualifier unique on case statement: implementing as parallel_case [/home/mfpdsmbaa/LabCatreda/GR-HEEP/hw/vendor/x-heep/hw/vendor/xheep/cv32e40px/rtl/cv32e40px_alu.sv:535]
INFO: [Synth 8-294] found qualifier unique on case statement: implementing as parallel_case [/home/mfpdsmbaa/LabCatreda/GR-HEEP/hw/vendor/x-heep/hw/vendor/xheep/cv32e40px/rtl/cv32e40px_alu.sv:554]
INFO: [Synth 8-294] found qualifier unique on case statement: implementing as parallel_case [/home/mfpdsmbaa/LabCatreda/GR-HEEP/hw/vendor/x-heep/hw/vendor/xheep/cv32e40px/rtl/cv32e40px_alu.sv:557]
INFO: [Synth 8-294] found qualifier unique on case statement: implementing as parallel_case [/home/mfpdsmbaa/LabCatreda/GR-HEEP/hw/vendor/x-heep/hw/vendor/xheep/cv32e40px/rtl/cv32e40px_alu.sv:591]
INFO: [Synth 8-294] found qualifier unique on case statement: implementing as parallel_case [/home/mfpdsmbaa/LabCatreda/GR-HEEP/hw/vendor/x-heep/hw/vendor/xheep/cv32e40px/rtl/cv32e40px_alu.sv:593]
INFO: [Synth 8-294] found qualifier unique on case statement: implementing as parallel_case [/home/mfpdsmbaa/LabCatreda/GR-HEEP/hw/vendor/x-heep/hw/vendor/xheep/cv32e40px/rtl/cv32e40px_alu.sv:613]
INFO: [Synth 8-294] found qualifier unique on case statement: implementing as parallel_case [/home/mfpdsmbaa/LabCatreda/GR-HEEP/hw/vendor/x-heep/hw/vendor/xheep/cv32e40px/rtl/cv32e40px_alu.sv:633]
INFO: [Synth 8-294] found qualifier unique on case statement: implementing as parallel_case [/home/mfpdsmbaa/LabCatreda/GR-HEEP/hw/vendor/x-heep/hw/vendor/xheep/cv32e40px/rtl/cv32e40px_alu.sv:653]
INFO: [Synth 8-6157] synthesizing module 'cv32e40px_popcnt' [/home/mfpdsmbaa/LabCatreda/GR-HEEP/hw/vendor/x-heep/hw/vendor/xheep/cv32e40px/rtl/cv32e40px_popcnt.sv:25]
INFO: [Synth 8-6155] done synthesizing module 'cv32e40px_popcnt' (0#1) [/home/mfpdsmbaa/LabCatreda/GR-HEEP/hw/vendor/x-heep/hw/vendor/xheep/cv32e40px/rtl/cv32e40px_popcnt.sv:25]
INFO: [Synth 8-155] case statement is not full and has no default [/home/mfpdsmbaa/LabCatreda/GR-HEEP/hw/vendor/x-heep/hw/vendor/xheep/cv32e40px/rtl/cv32e40px_alu.sv:752]
INFO: [Synth 8-6157] synthesizing module 'cv32e40px_ff_one' [/home/mfpdsmbaa/LabCatreda/GR-HEEP/hw/vendor/x-heep/hw/vendor/xheep/cv32e40px/rtl/cv32e40px_ff_one.sv:25]
INFO: [Synth 8-6155] done synthesizing module 'cv32e40px_ff_one' (0#1) [/home/mfpdsmbaa/LabCatreda/GR-HEEP/hw/vendor/x-heep/hw/vendor/xheep/cv32e40px/rtl/cv32e40px_ff_one.sv:25]
INFO: [Synth 8-294] found qualifier unique on case statement: implementing as parallel_case [/home/mfpdsmbaa/LabCatreda/GR-HEEP/hw/vendor/x-heep/hw/vendor/xheep/cv32e40px/rtl/cv32e40px_alu.sv:863]
INFO: [Synth 8-6157] synthesizing module 'cv32e40px_alu_div' [/home/mfpdsmbaa/LabCatreda/GR-HEEP/hw/vendor/x-heep/hw/vendor/xheep/cv32e40px/rtl/cv32e40px_alu_div.sv:26]
INFO: [Synth 8-6155] done synthesizing module 'cv32e40px_alu_div' (0#1) [/home/mfpdsmbaa/LabCatreda/GR-HEEP/hw/vendor/x-heep/hw/vendor/xheep/cv32e40px/rtl/cv32e40px_alu_div.sv:26]
INFO: [Synth 8-294] found qualifier unique on case statement: implementing as parallel_case [/home/mfpdsmbaa/LabCatreda/GR-HEEP/hw/vendor/x-heep/hw/vendor/xheep/cv32e40px/rtl/cv32e40px_alu.sv:931]
INFO: [Synth 8-6155] done synthesizing module 'cv32e40px_alu' (0#1) [/home/mfpdsmbaa/LabCatreda/GR-HEEP/hw/vendor/x-heep/hw/vendor/xheep/cv32e40px/rtl/cv32e40px_alu.sv:28]
INFO: [Synth 8-6157] synthesizing module 'cv32e40px_mult' [/home/mfpdsmbaa/LabCatreda/GR-HEEP/hw/vendor/x-heep/hw/vendor/xheep/cv32e40px/rtl/cv32e40px_mult.sv:26]
INFO: [Synth 8-155] case statement is not full and has no default [/home/mfpdsmbaa/LabCatreda/GR-HEEP/hw/vendor/x-heep/hw/vendor/xheep/cv32e40px/rtl/cv32e40px_mult.sv:140]
INFO: [Synth 8-294] found qualifier unique on case statement: implementing as parallel_case [/home/mfpdsmbaa/LabCatreda/GR-HEEP/hw/vendor/x-heep/hw/vendor/xheep/cv32e40px/rtl/cv32e40px_mult.sv:326]
INFO: [Synth 8-6155] done synthesizing module 'cv32e40px_mult' (0#1) [/home/mfpdsmbaa/LabCatreda/GR-HEEP/hw/vendor/x-heep/hw/vendor/xheep/cv32e40px/rtl/cv32e40px_mult.sv:26]
INFO: [Synth 8-6155] done synthesizing module 'cv32e40px_ex_stage' (0#1) [/home/mfpdsmbaa/LabCatreda/GR-HEEP/hw/vendor/x-heep/hw/vendor/xheep/cv32e40px/rtl/cv32e40px_ex_stage.sv:32]
INFO: [Synth 8-6157] synthesizing module 'cv32e40px_load_store_unit' [/home/mfpdsmbaa/LabCatreda/GR-HEEP/hw/vendor/x-heep/hw/vendor/xheep/cv32e40px/rtl/cv32e40px_load_store_unit.sv:26]
	Parameter PULP_OBI bound to: 0 - type: integer 
INFO: [Synth 8-155] case statement is not full and has no default [/home/mfpdsmbaa/LabCatreda/GR-HEEP/hw/vendor/x-heep/hw/vendor/xheep/cv32e40px/rtl/cv32e40px_load_store_unit.sv:332]
INFO: [Synth 8-294] found qualifier unique on case statement: implementing as parallel_case [/home/mfpdsmbaa/LabCatreda/GR-HEEP/hw/vendor/x-heep/hw/vendor/xheep/cv32e40px/rtl/cv32e40px_load_store_unit.sv:419]
INFO: [Synth 8-6157] synthesizing module 'cv32e40px_obi_interface__parameterized0' [/home/mfpdsmbaa/LabCatreda/GR-HEEP/hw/vendor/x-heep/hw/vendor/xheep/cv32e40px/rtl/cv32e40px_obi_interface.sv:38]
	Parameter TRANS_STABLE bound to: 1 - type: integer 
INFO: [Synth 8-6155] done synthesizing module 'cv32e40px_obi_interface__parameterized0' (0#1) [/home/mfpdsmbaa/LabCatreda/GR-HEEP/hw/vendor/x-heep/hw/vendor/xheep/cv32e40px/rtl/cv32e40px_obi_interface.sv:38]
INFO: [Synth 8-6155] done synthesizing module 'cv32e40px_load_store_unit' (0#1) [/home/mfpdsmbaa/LabCatreda/GR-HEEP/hw/vendor/x-heep/hw/vendor/xheep/cv32e40px/rtl/cv32e40px_load_store_unit.sv:26]
INFO: [Synth 8-6157] synthesizing module 'cv32e40px_cs_registers' [/home/mfpdsmbaa/LabCatreda/GR-HEEP/hw/vendor/x-heep/hw/vendor/xheep/cv32e40px/rtl/cv32e40px_cs_registers.sv:30]
	Parameter N_HWLP bound to: 2 - type: integer 
	Parameter APU bound to: 0 - type: integer 
	Parameter A_EXTENSION bound to: 0 - type: integer 
	Parameter FPU bound to: 0 - type: integer 
	Parameter ZFINX bound to: 0 - type: integer 
	Parameter PULP_SECURE bound to: 0 - type: integer 
	Parameter USE_PMP bound to: 0 - type: integer 
	Parameter N_PMP_ENTRIES bound to: 16 - type: integer 
	Parameter NUM_MHPMCOUNTERS bound to: 1 - type: integer 
	Parameter COREV_PULP bound to: 0 - type: integer 
	Parameter COREV_CLUSTER bound to: 0 - type: integer 
	Parameter DEBUG_TRIGGER_EN bound to: 1 - type: integer 
INFO: [Synth 8-155] case statement is not full and has no default [/home/mfpdsmbaa/LabCatreda/GR-HEEP/hw/vendor/x-heep/hw/vendor/xheep/cv32e40px/rtl/cv32e40px_cs_registers.sv:920]
INFO: [Synth 8-294] found qualifier unique on case statement: implementing as parallel_case [/home/mfpdsmbaa/LabCatreda/GR-HEEP/hw/vendor/x-heep/hw/vendor/xheep/cv32e40px/rtl/cv32e40px_cs_registers.sv:1041]
INFO: [Synth 8-294] found qualifier unique on case statement: implementing as parallel_case [/home/mfpdsmbaa/LabCatreda/GR-HEEP/hw/vendor/x-heep/hw/vendor/xheep/cv32e40px/rtl/cv32e40px_cs_registers.sv:1044]
INFO: [Synth 8-6155] done synthesizing module 'cv32e40px_cs_registers' (0#1) [/home/mfpdsmbaa/LabCatreda/GR-HEEP/hw/vendor/x-heep/hw/vendor/xheep/cv32e40px/rtl/cv32e40px_cs_registers.sv:30]
INFO: [Synth 8-6155] done synthesizing module 'cv32e40px_core' (0#1) [/home/mfpdsmbaa/LabCatreda/GR-HEEP/hw/vendor/x-heep/hw/vendor/xheep/cv32e40px/rtl/cv32e40px_core.sv:31]
INFO: [Synth 8-6155] done synthesizing module 'cv32e40px_top' (0#1) [/home/mfpdsmbaa/LabCatreda/GR-HEEP/hw/vendor/x-heep/hw/vendor/xheep/cv32e40px/rtl/cv32e40px_top.sv:26]
INFO: [Synth 8-6155] done synthesizing module 'cv32e40px_xif_wrapper' (0#1) [/home/mfpdsmbaa/LabCatreda/GR-HEEP/hw/vendor/x-heep/hw/core-v-mini-mcu/cv32e40px_xif_wrapper.sv:7]
INFO: [Synth 8-6155] done synthesizing module 'cpu_subsystem' (0#1) [/home/mfpdsmbaa/LabCatreda/GR-HEEP/hw/vendor/x-heep/hw/core-v-mini-mcu/cpu_subsystem.sv:7]
INFO: [Synth 8-6157] synthesizing module 'debug_subsystem' [/home/mfpdsmbaa/LabCatreda/GR-HEEP/hw/vendor/x-heep/hw/core-v-mini-mcu/debug_subsystem.sv:5]
	Parameter NRHARTS bound to: 2 - type: integer 
	Parameter JTAG_IDCODE bound to: 268442629 - type: integer 
	Parameter SPI_SLAVE bound to: 1 - type: integer 
INFO: [Synth 8-6157] synthesizing module 'obi_spi_slave' [/home/mfpdsmbaa/LabCatreda/GR-HEEP/hw/vendor/x-heep/hw/vendor/xheep/obi_spi_slave/obi_spi_slave.sv:11]
INFO: [Synth 8-6157] synthesizing module 'spi_slave_rx' [/home/mfpdsmbaa/LabCatreda/GR-HEEP/hw/vendor/x-heep/hw/vendor/xheep/obi_spi_slave/spi_slave_rx.sv:11]
INFO: [Synth 8-6155] done synthesizing module 'spi_slave_rx' (0#1) [/home/mfpdsmbaa/LabCatreda/GR-HEEP/hw/vendor/x-heep/hw/vendor/xheep/obi_spi_slave/spi_slave_rx.sv:11]
INFO: [Synth 8-6157] synthesizing module 'spi_slave_tx' [/home/mfpdsmbaa/LabCatreda/GR-HEEP/hw/vendor/x-heep/hw/vendor/xheep/obi_spi_slave/spi_slave_tx.sv:11]
INFO: [Synth 8-6157] synthesizing module 'pulp_clock_inverter' [/home/mfpdsmbaa/LabCatreda/GR-HEEP/hw/fpga/prim_xilinx_clk.sv:67]
INFO: [Synth 8-6157] synthesizing module 'xilinx_clk_inverter' [/home/mfpdsmbaa/LabCatreda/GR-HEEP/hw/fpga/prim_xilinx_clk.sv:21]
INFO: [Synth 8-6155] done synthesizing module 'xilinx_clk_inverter' (0#1) [/home/mfpdsmbaa/LabCatreda/GR-HEEP/hw/fpga/prim_xilinx_clk.sv:21]
INFO: [Synth 8-6155] done synthesizing module 'pulp_clock_inverter' (0#1) [/home/mfpdsmbaa/LabCatreda/GR-HEEP/hw/fpga/prim_xilinx_clk.sv:67]
INFO: [Synth 8-6157] synthesizing module 'pulp_clock_mux2' [/home/mfpdsmbaa/LabCatreda/GR-HEEP/hw/fpga/prim_xilinx_clk.sv:56]
INFO: [Synth 8-6155] done synthesizing module 'pulp_clock_mux2' (0#1) [/home/mfpdsmbaa/LabCatreda/GR-HEEP/hw/fpga/prim_xilinx_clk.sv:56]
INFO: [Synth 8-6155] done synthesizing module 'spi_slave_tx' (0#1) [/home/mfpdsmbaa/LabCatreda/GR-HEEP/hw/vendor/x-heep/hw/vendor/xheep/obi_spi_slave/spi_slave_tx.sv:11]
INFO: [Synth 8-6157] synthesizing module 'spi_slave_controller' [/home/mfpdsmbaa/LabCatreda/GR-HEEP/hw/vendor/x-heep/hw/vendor/xheep/obi_spi_slave/spi_slave_controller.sv:12]
	Parameter DUMMY_CYCLES bound to: 32 - type: integer 
INFO: [Synth 8-6157] synthesizing module 'spi_slave_cmd_parser' [/home/mfpdsmbaa/LabCatreda/GR-HEEP/hw/vendor/x-heep/hw/vendor/xheep/obi_spi_slave/spi_slave_cmd_parser.sv:22]
INFO: [Synth 8-6155] done synthesizing module 'spi_slave_cmd_parser' (0#1) [/home/mfpdsmbaa/LabCatreda/GR-HEEP/hw/vendor/x-heep/hw/vendor/xheep/obi_spi_slave/spi_slave_cmd_parser.sv:22]
INFO: [Synth 8-6157] synthesizing module 'spi_slave_regs' [/home/mfpdsmbaa/LabCatreda/GR-HEEP/hw/vendor/x-heep/hw/vendor/xheep/obi_spi_slave/spi_slave_regs.sv:11]
	Parameter REG_SIZE bound to: 8 - type: integer 
	Parameter DUMMY_CYCLES bound to: 32 - type: integer 
INFO: [Synth 8-6155] done synthesizing module 'spi_slave_regs' (0#1) [/home/mfpdsmbaa/LabCatreda/GR-HEEP/hw/vendor/x-heep/hw/vendor/xheep/obi_spi_slave/spi_slave_regs.sv:11]
INFO: [Synth 8-6155] done synthesizing module 'spi_slave_controller' (0#1) [/home/mfpdsmbaa/LabCatreda/GR-HEEP/hw/vendor/x-heep/hw/vendor/xheep/obi_spi_slave/spi_slave_controller.sv:12]
INFO: [Synth 8-6157] synthesizing module 'spi_slave_dc_fifo' [/home/mfpdsmbaa/LabCatreda/GR-HEEP/hw/vendor/x-heep/hw/vendor/xheep/obi_spi_slave/spi_slave_dc_fifo.sv:11]
	Parameter DATA_WIDTH bound to: 32 - type: integer 
INFO: [Synth 8-6157] synthesizing module 'cdc_fifo_gray' [/home/mfpdsmbaa/LabCatreda/GR-HEEP/hw/vendor/x-heep/hw/vendor/pulp_platform/common_cells/src/cdc_fifo_gray.sv:101]
	Parameter WIDTH bound to: 32'b00000000000000000000000000100000 
	Parameter LOG_DEPTH bound to: 32'sb00000000000000000000000000000100 
	Parameter SYNC_STAGES bound to: 32'sb00000000000000000000000000000010 
INFO: [Synth 8-6157] synthesizing module 'cdc_fifo_gray_src' [/home/mfpdsmbaa/LabCatreda/GR-HEEP/hw/vendor/x-heep/hw/vendor/pulp_platform/common_cells/src/cdc_fifo_gray.sv:169]
	Parameter LOG_DEPTH bound to: 32'sb00000000000000000000000000000100 
INFO: [Synth 8-6157] synthesizing module 'sync' [/home/mfpdsmbaa/LabCatreda/GR-HEEP/hw/vendor/x-heep/hw/vendor/pulp_platform/common_cells/src/sync.sv:13]
	Parameter STAGES bound to: 32'b00000000000000000000000000000010 
INFO: [Synth 8-6155] done synthesizing module 'sync' (0#1) [/home/mfpdsmbaa/LabCatreda/GR-HEEP/hw/vendor/x-heep/hw/vendor/pulp_platform/common_cells/src/sync.sv:13]
INFO: [Synth 8-6157] synthesizing module 'gray_to_binary' [/home/mfpdsmbaa/LabCatreda/GR-HEEP/hw/vendor/x-heep/hw/vendor/pulp_platform/common_cells/src/gray_to_binary.sv:15]
	Parameter N bound to: 32'sb00000000000000000000000000000101 
INFO: [Synth 8-6155] done synthesizing module 'gray_to_binary' (0#1) [/home/mfpdsmbaa/LabCatreda/GR-HEEP/hw/vendor/x-heep/hw/vendor/pulp_platform/common_cells/src/gray_to_binary.sv:15]
INFO: [Synth 8-6157] synthesizing module 'binary_to_gray' [/home/mfpdsmbaa/LabCatreda/GR-HEEP/hw/vendor/x-heep/hw/vendor/pulp_platform/common_cells/src/binary_to_gray.sv:15]
	Parameter N bound to: 32'sb00000000000000000000000000000101 
INFO: [Synth 8-6155] done synthesizing module 'binary_to_gray' (0#1) [/home/mfpdsmbaa/LabCatreda/GR-HEEP/hw/vendor/x-heep/hw/vendor/pulp_platform/common_cells/src/binary_to_gray.sv:15]
INFO: [Synth 8-6155] done synthesizing module 'cdc_fifo_gray_src' (0#1) [/home/mfpdsmbaa/LabCatreda/GR-HEEP/hw/vendor/x-heep/hw/vendor/pulp_platform/common_cells/src/cdc_fifo_gray.sv:169]
INFO: [Synth 8-6157] synthesizing module 'cdc_fifo_gray_dst' [/home/mfpdsmbaa/LabCatreda/GR-HEEP/hw/vendor/x-heep/hw/vendor/pulp_platform/common_cells/src/cdc_fifo_gray.sv:227]
	Parameter LOG_DEPTH bound to: 32'sb00000000000000000000000000000100 
INFO: [Synth 8-6157] synthesizing module 'spill_register' [/home/mfpdsmbaa/LabCatreda/GR-HEEP/hw/vendor/x-heep/hw/vendor/pulp_platform/common_cells/src/spill_register.sv:17]
INFO: [Synth 8-6157] synthesizing module 'spill_register_flushable' [/home/mfpdsmbaa/LabCatreda/GR-HEEP/hw/vendor/x-heep/hw/vendor/pulp_platform/common_cells/src/spill_register_flushable.sv:18]
	Parameter Bypass bound to: 1'b0 
INFO: [Synth 8-6155] done synthesizing module 'spill_register_flushable' (0#1) [/home/mfpdsmbaa/LabCatreda/GR-HEEP/hw/vendor/x-heep/hw/vendor/pulp_platform/common_cells/src/spill_register_flushable.sv:18]
INFO: [Synth 8-6155] done synthesizing module 'spill_register' (0#1) [/home/mfpdsmbaa/LabCatreda/GR-HEEP/hw/vendor/x-heep/hw/vendor/pulp_platform/common_cells/src/spill_register.sv:17]
INFO: [Synth 8-6155] done synthesizing module 'cdc_fifo_gray_dst' (0#1) [/home/mfpdsmbaa/LabCatreda/GR-HEEP/hw/vendor/x-heep/hw/vendor/pulp_platform/common_cells/src/cdc_fifo_gray.sv:227]
INFO: [Synth 8-6155] done synthesizing module 'cdc_fifo_gray' (0#1) [/home/mfpdsmbaa/LabCatreda/GR-HEEP/hw/vendor/x-heep/hw/vendor/pulp_platform/common_cells/src/cdc_fifo_gray.sv:101]
INFO: [Synth 8-6155] done synthesizing module 'spi_slave_dc_fifo' (0#1) [/home/mfpdsmbaa/LabCatreda/GR-HEEP/hw/vendor/x-heep/hw/vendor/xheep/obi_spi_slave/spi_slave_dc_fifo.sv:11]
INFO: [Synth 8-6157] synthesizing module 'spi_slave_obi_plug' [/home/mfpdsmbaa/LabCatreda/GR-HEEP/hw/vendor/x-heep/hw/vendor/xheep/obi_spi_slave/spi_slave_obi_plug.sv:14]
	Parameter OBI_ADDR_WIDTH bound to: 32 - type: integer 
	Parameter OBI_DATA_WIDTH bound to: 32 - type: integer 
INFO: [Synth 8-6155] done synthesizing module 'spi_slave_obi_plug' (0#1) [/home/mfpdsmbaa/LabCatreda/GR-HEEP/hw/vendor/x-heep/hw/vendor/xheep/obi_spi_slave/spi_slave_obi_plug.sv:14]
INFO: [Synth 8-6157] synthesizing module 'spi_slave_syncro' [/home/mfpdsmbaa/LabCatreda/GR-HEEP/hw/vendor/x-heep/hw/vendor/xheep/obi_spi_slave/spi_slave_syncro.sv:11]
	Parameter AXI_ADDR_WIDTH bound to: 32 - type: integer 
INFO: [Synth 8-6155] done synthesizing module 'spi_slave_syncro' (0#1) [/home/mfpdsmbaa/LabCatreda/GR-HEEP/hw/vendor/x-heep/hw/vendor/xheep/obi_spi_slave/spi_slave_syncro.sv:11]
INFO: [Synth 8-6155] done synthesizing module 'obi_spi_slave' (0#1) [/home/mfpdsmbaa/LabCatreda/GR-HEEP/hw/vendor/x-heep/hw/vendor/xheep/obi_spi_slave/obi_spi_slave.sv:11]
INFO: [Synth 8-6157] synthesizing module 'xbar_varlat_n_to_one' [/home/mfpdsmbaa/LabCatreda/GR-HEEP/hw/vendor/x-heep/hw/core-v-mini-mcu/xbar_varlat_n_to_one.sv:10]
	Parameter XBAR_NMASTER bound to: 32'b00000000000000000000000000000010 
INFO: [Synth 8-6157] synthesizing module 'xbar_varlat' [/home/mfpdsmbaa/LabCatreda/GR-HEEP/hw/vendor/x-heep/hw/vendor/xheep/cluster_interconnect/rtl/tcdm_variable_latency_interconnect/xbar_varlat.sv:16]
	Parameter AggregateGnt bound to: 0 - type: integer 
	Parameter NumIn bound to: 32'b00000000000000000000000000000010 
	Parameter NumOut bound to: 1 - type: integer 
	Parameter ReqDataWidth bound to: 32'b00000000000000000000000001000101 
	Parameter RespDataWidth bound to: 32 - type: integer 
	Parameter ExtPrio bound to: 1'b0 
INFO: [Synth 8-6157] synthesizing module 'addr_dec_resp_mux_varlat' [/home/mfpdsmbaa/LabCatreda/GR-HEEP/hw/vendor/x-heep/hw/vendor/xheep/cluster_interconnect/rtl/tcdm_variable_latency_interconnect/addr_dec_resp_mux_varlat.sv:16]
	Parameter AggregateGnt bound to: 0 - type: integer 
	Parameter NumOut bound to: 1 - type: integer 
	Parameter ReqDataWidth bound to: 32'b00000000000000000000000001000101 
	Parameter RespDataWidth bound to: 32 - type: integer 
INFO: [Synth 8-6155] done synthesizing module 'addr_dec_resp_mux_varlat' (0#1) [/home/mfpdsmbaa/LabCatreda/GR-HEEP/hw/vendor/x-heep/hw/vendor/xheep/cluster_interconnect/rtl/tcdm_variable_latency_interconnect/addr_dec_resp_mux_varlat.sv:16]
INFO: [Synth 8-6157] synthesizing module 'rr_arb_tree' [/home/mfpdsmbaa/LabCatreda/GR-HEEP/hw/vendor/x-heep/hw/vendor/pulp_platform/common_cells/src/rr_arb_tree.sv:49]
	Parameter NumIn bound to: 32'b00000000000000000000000000000010 
	Parameter DataWidth bound to: 32'b00000000000000000000000001000101 
	Parameter ExtPrio bound to: 1'b0 
INFO: [Synth 8-6157] synthesizing module 'lzc' [/home/mfpdsmbaa/LabCatreda/GR-HEEP/hw/vendor/x-heep/hw/vendor/pulp_platform/common_cells/src/lzc.sv:17]
	Parameter WIDTH bound to: 32'b00000000000000000000000000000010 
	Parameter MODE bound to: 1'b0 
INFO: [Synth 8-6155] done synthesizing module 'lzc' (0#1) [/home/mfpdsmbaa/LabCatreda/GR-HEEP/hw/vendor/x-heep/hw/vendor/pulp_platform/common_cells/src/lzc.sv:17]
INFO: [Synth 8-6155] done synthesizing module 'rr_arb_tree' (0#1) [/home/mfpdsmbaa/LabCatreda/GR-HEEP/hw/vendor/x-heep/hw/vendor/pulp_platform/common_cells/src/rr_arb_tree.sv:49]
INFO: [Synth 8-6155] done synthesizing module 'xbar_varlat' (0#1) [/home/mfpdsmbaa/LabCatreda/GR-HEEP/hw/vendor/x-heep/hw/vendor/xheep/cluster_interconnect/rtl/tcdm_variable_latency_interconnect/xbar_varlat.sv:16]
INFO: [Synth 8-6155] done synthesizing module 'xbar_varlat_n_to_one' (0#1) [/home/mfpdsmbaa/LabCatreda/GR-HEEP/hw/vendor/x-heep/hw/core-v-mini-mcu/xbar_varlat_n_to_one.sv:10]
INFO: [Synth 8-6157] synthesizing module 'obi_fifo' [/home/mfpdsmbaa/LabCatreda/GR-HEEP/hw/vendor/x-heep/hw/ip/obi_fifo/obi_fifo.sv:8]
INFO: [Synth 8-6157] synthesizing module 'fifo_v3' [/home/mfpdsmbaa/LabCatreda/GR-HEEP/hw/vendor/x-heep/hw/vendor/pulp_platform/common_cells/src/fifo_v3.sv:15]
	Parameter DEPTH bound to: 32'b00000000000000000000000000000001 
INFO: [Synth 8-6155] done synthesizing module 'fifo_v3' (0#1) [/home/mfpdsmbaa/LabCatreda/GR-HEEP/hw/vendor/x-heep/hw/vendor/pulp_platform/common_cells/src/fifo_v3.sv:15]
INFO: [Synth 8-6157] synthesizing module 'fifo_v3__parameterized0' [/home/mfpdsmbaa/LabCatreda/GR-HEEP/hw/vendor/x-heep/hw/vendor/pulp_platform/common_cells/src/fifo_v3.sv:15]
	Parameter DEPTH bound to: 32'b00000000000000000000000000000001 
INFO: [Synth 8-6155] done synthesizing module 'fifo_v3__parameterized0' (0#1) [/home/mfpdsmbaa/LabCatreda/GR-HEEP/hw/vendor/x-heep/hw/vendor/pulp_platform/common_cells/src/fifo_v3.sv:15]
INFO: [Synth 8-6155] done synthesizing module 'obi_fifo' (0#1) [/home/mfpdsmbaa/LabCatreda/GR-HEEP/hw/vendor/x-heep/hw/ip/obi_fifo/obi_fifo.sv:8]
INFO: [Synth 8-6157] synthesizing module 'dmi_jtag' [/home/mfpdsmbaa/LabCatreda/GR-HEEP/hw/vendor/x-heep/hw/vendor/pulp_platform/riscv_dbg/src/dmi_jtag.sv:19]
	Parameter IdcodeValue bound to: 268442629 - type: integer 
INFO: [Synth 8-294] found qualifier unique on case statement: implementing as parallel_case [/home/mfpdsmbaa/LabCatreda/GR-HEEP/hw/vendor/x-heep/hw/vendor/pulp_platform/riscv_dbg/src/dmi_jtag.sv:156]
INFO: [Synth 8-294] found qualifier unique on case statement: implementing as parallel_case [/home/mfpdsmbaa/LabCatreda/GR-HEEP/hw/vendor/x-heep/hw/vendor/pulp_platform/riscv_dbg/src/dmi_jtag.sv:182]
INFO: [Synth 8-294] found qualifier unique on case statement: implementing as parallel_case [/home/mfpdsmbaa/LabCatreda/GR-HEEP/hw/vendor/x-heep/hw/vendor/pulp_platform/riscv_dbg/src/dmi_jtag.sv:213]
INFO: [Synth 8-6157] synthesizing module 'dmi_jtag_tap' [/home/mfpdsmbaa/LabCatreda/GR-HEEP/hw/vendor/x-heep/hw/vendor/pulp_platform/riscv_dbg/src/dmi_jtag_tap.sv:19]
	Parameter IrLength bound to: 32'b00000000000000000000000000000101 
	Parameter IdcodeValue bound to: 268442629 - type: integer 
INFO: [Synth 8-294] found qualifier unique on case statement: implementing as parallel_case [/home/mfpdsmbaa/LabCatreda/GR-HEEP/hw/vendor/x-heep/hw/vendor/pulp_platform/riscv_dbg/src/dmi_jtag_tap.sv:155]
INFO: [Synth 8-294] found qualifier unique on case statement: implementing as parallel_case [/home/mfpdsmbaa/LabCatreda/GR-HEEP/hw/vendor/x-heep/hw/vendor/pulp_platform/riscv_dbg/src/dmi_jtag_tap.sv:176]
INFO: [Synth 8-6157] synthesizing module 'tc_clk_inverter' [/home/mfpdsmbaa/LabCatreda/GR-HEEP/hw/fpga/prim_xilinx_clk.sv:159]
INFO: [Synth 8-6155] done synthesizing module 'tc_clk_inverter' (0#1) [/home/mfpdsmbaa/LabCatreda/GR-HEEP/hw/fpga/prim_xilinx_clk.sv:159]
INFO: [Synth 8-294] found qualifier unique on case statement: implementing as parallel_case [/home/mfpdsmbaa/LabCatreda/GR-HEEP/hw/vendor/x-heep/hw/vendor/pulp_platform/riscv_dbg/src/dmi_jtag_tap.sv:229]
INFO: [Synth 8-226] default block is never used [/home/mfpdsmbaa/LabCatreda/GR-HEEP/hw/vendor/x-heep/hw/vendor/pulp_platform/riscv_dbg/src/dmi_jtag_tap.sv:229]
INFO: [Synth 8-6155] done synthesizing module 'dmi_jtag_tap' (0#1) [/home/mfpdsmbaa/LabCatreda/GR-HEEP/hw/vendor/x-heep/hw/vendor/pulp_platform/riscv_dbg/src/dmi_jtag_tap.sv:19]
INFO: [Synth 8-6157] synthesizing module 'dmi_cdc' [/home/mfpdsmbaa/LabCatreda/GR-HEEP/hw/vendor/x-heep/hw/vendor/pulp_platform/riscv_dbg/src/dmi_cdc.sv:19]
INFO: [Synth 8-6157] synthesizing module 'cdc_2phase_clearable' [/home/mfpdsmbaa/LabCatreda/GR-HEEP/hw/vendor/x-heep/hw/vendor/pulp_platform/common_cells/src/cdc_2phase_clearable.sv:54]
INFO: [Synth 8-6157] synthesizing module 'cdc_2phase_src_clearable' [/home/mfpdsmbaa/LabCatreda/GR-HEEP/hw/vendor/x-heep/hw/vendor/pulp_platform/common_cells/src/cdc_2phase_clearable.sv:199]
	Parameter SYNC_STAGES bound to: 32'b00000000000000000000000000000011 
INFO: [Synth 8-6157] synthesizing module 'sync__parameterized0' [/home/mfpdsmbaa/LabCatreda/GR-HEEP/hw/vendor/x-heep/hw/vendor/pulp_platform/common_cells/src/sync.sv:13]
	Parameter STAGES bound to: 32'b00000000000000000000000000000011 
INFO: [Synth 8-6155] done synthesizing module 'sync__parameterized0' (0#1) [/home/mfpdsmbaa/LabCatreda/GR-HEEP/hw/vendor/x-heep/hw/vendor/pulp_platform/common_cells/src/sync.sv:13]
INFO: [Synth 8-6155] done synthesizing module 'cdc_2phase_src_clearable' (0#1) [/home/mfpdsmbaa/LabCatreda/GR-HEEP/hw/vendor/x-heep/hw/vendor/pulp_platform/common_cells/src/cdc_2phase_clearable.sv:199]
INFO: [Synth 8-6157] synthesizing module 'cdc_2phase_dst_clearable' [/home/mfpdsmbaa/LabCatreda/GR-HEEP/hw/vendor/x-heep/hw/vendor/pulp_platform/common_cells/src/cdc_2phase_clearable.sv:269]
	Parameter SYNC_STAGES bound to: 32'b00000000000000000000000000000011 
INFO: [Synth 8-6155] done synthesizing module 'cdc_2phase_dst_clearable' (0#1) [/home/mfpdsmbaa/LabCatreda/GR-HEEP/hw/vendor/x-heep/hw/vendor/pulp_platform/common_cells/src/cdc_2phase_clearable.sv:269]
INFO: [Synth 8-6157] synthesizing module 'cdc_reset_ctrlr' [/home/mfpdsmbaa/LabCatreda/GR-HEEP/hw/vendor/x-heep/hw/vendor/pulp_platform/common_cells/src/cdc_reset_ctrlr.sv:109]
	Parameter SYNC_STAGES bound to: 32'b00000000000000000000000000000010 
INFO: [Synth 8-6157] synthesizing module 'cdc_reset_ctrlr_half' [/home/mfpdsmbaa/LabCatreda/GR-HEEP/hw/vendor/x-heep/hw/vendor/pulp_platform/common_cells/src/cdc_reset_ctrlr.sv:187]
	Parameter SYNC_STAGES bound to: 32'b00000000000000000000000000000010 
	Parameter CLEAR_ON_ASYNC_RESET bound to: 1'b1 
INFO: [Synth 8-6157] synthesizing module 'cdc_4phase_src' [/home/mfpdsmbaa/LabCatreda/GR-HEEP/hw/vendor/x-heep/hw/vendor/pulp_platform/common_cells/src/cdc_4phase.sv:92]
	Parameter SYNC_STAGES bound to: 32'b00000000000000000000000000000010 
	Parameter DECOUPLED bound to: 1'b0 
	Parameter SEND_RESET_MSG bound to: 1'b1 
	Parameter RESET_MSG bound to: 2'b01 
INFO: [Synth 8-6155] done synthesizing module 'cdc_4phase_src' (0#1) [/home/mfpdsmbaa/LabCatreda/GR-HEEP/hw/vendor/x-heep/hw/vendor/pulp_platform/common_cells/src/cdc_4phase.sv:92]
INFO: [Synth 8-6157] synthesizing module 'cdc_4phase_dst' [/home/mfpdsmbaa/LabCatreda/GR-HEEP/hw/vendor/x-heep/hw/vendor/pulp_platform/common_cells/src/cdc_4phase.sv:205]
	Parameter SYNC_STAGES bound to: 32'b00000000000000000000000000000010 
	Parameter DECOUPLED bound to: 1'b0 
INFO: [Synth 8-6155] done synthesizing module 'cdc_4phase_dst' (0#1) [/home/mfpdsmbaa/LabCatreda/GR-HEEP/hw/vendor/x-heep/hw/vendor/pulp_platform/common_cells/src/cdc_4phase.sv:205]
INFO: [Synth 8-226] default block is never used [/home/mfpdsmbaa/LabCatreda/GR-HEEP/hw/vendor/x-heep/hw/vendor/pulp_platform/common_cells/src/cdc_reset_ctrlr.sv:453]
INFO: [Synth 8-226] default block is never used [/home/mfpdsmbaa/LabCatreda/GR-HEEP/hw/vendor/x-heep/hw/vendor/pulp_platform/common_cells/src/cdc_reset_ctrlr.sv:490]
INFO: [Synth 8-6155] done synthesizing module 'cdc_reset_ctrlr_half' (0#1) [/home/mfpdsmbaa/LabCatreda/GR-HEEP/hw/vendor/x-heep/hw/vendor/pulp_platform/common_cells/src/cdc_reset_ctrlr.sv:187]
INFO: [Synth 8-6155] done synthesizing module 'cdc_reset_ctrlr' (0#1) [/home/mfpdsmbaa/LabCatreda/GR-HEEP/hw/vendor/x-heep/hw/vendor/pulp_platform/common_cells/src/cdc_reset_ctrlr.sv:109]
INFO: [Synth 8-6155] done synthesizing module 'cdc_2phase_clearable' (0#1) [/home/mfpdsmbaa/LabCatreda/GR-HEEP/hw/vendor/x-heep/hw/vendor/pulp_platform/common_cells/src/cdc_2phase_clearable.sv:54]
INFO: [Synth 8-6157] synthesizing module 'cdc_2phase_clearable__parameterized0' [/home/mfpdsmbaa/LabCatreda/GR-HEEP/hw/vendor/x-heep/hw/vendor/pulp_platform/common_cells/src/cdc_2phase_clearable.sv:54]
INFO: [Synth 8-6157] synthesizing module 'cdc_2phase_src_clearable__parameterized0' [/home/mfpdsmbaa/LabCatreda/GR-HEEP/hw/vendor/x-heep/hw/vendor/pulp_platform/common_cells/src/cdc_2phase_clearable.sv:199]
	Parameter SYNC_STAGES bound to: 32'b00000000000000000000000000000011 
INFO: [Synth 8-6155] done synthesizing module 'cdc_2phase_src_clearable__parameterized0' (0#1) [/home/mfpdsmbaa/LabCatreda/GR-HEEP/hw/vendor/x-heep/hw/vendor/pulp_platform/common_cells/src/cdc_2phase_clearable.sv:199]
INFO: [Synth 8-6157] synthesizing module 'cdc_2phase_dst_clearable__parameterized0' [/home/mfpdsmbaa/LabCatreda/GR-HEEP/hw/vendor/x-heep/hw/vendor/pulp_platform/common_cells/src/cdc_2phase_clearable.sv:269]
	Parameter SYNC_STAGES bound to: 32'b00000000000000000000000000000011 
INFO: [Synth 8-6155] done synthesizing module 'cdc_2phase_dst_clearable__parameterized0' (0#1) [/home/mfpdsmbaa/LabCatreda/GR-HEEP/hw/vendor/x-heep/hw/vendor/pulp_platform/common_cells/src/cdc_2phase_clearable.sv:269]
INFO: [Synth 8-6155] done synthesizing module 'cdc_2phase_clearable__parameterized0' (0#1) [/home/mfpdsmbaa/LabCatreda/GR-HEEP/hw/vendor/x-heep/hw/vendor/pulp_platform/common_cells/src/cdc_2phase_clearable.sv:54]
INFO: [Synth 8-6155] done synthesizing module 'dmi_cdc' (0#1) [/home/mfpdsmbaa/LabCatreda/GR-HEEP/hw/vendor/x-heep/hw/vendor/pulp_platform/riscv_dbg/src/dmi_cdc.sv:19]
INFO: [Synth 8-6155] done synthesizing module 'dmi_jtag' (0#1) [/home/mfpdsmbaa/LabCatreda/GR-HEEP/hw/vendor/x-heep/hw/vendor/pulp_platform/riscv_dbg/src/dmi_jtag.sv:19]
INFO: [Synth 8-6157] synthesizing module 'dm_obi_top' [/home/mfpdsmbaa/LabCatreda/GR-HEEP/hw/vendor/x-heep/hw/vendor/pulp_platform/riscv_dbg/src/dm_obi_top.sv:63]
	Parameter NrHarts bound to: 2 - type: integer 
INFO: [Synth 8-6157] synthesizing module 'dm_top' [/home/mfpdsmbaa/LabCatreda/GR-HEEP/hw/vendor/x-heep/hw/vendor/pulp_platform/riscv_dbg/src/dm_top.sv:20]
	Parameter NrHarts bound to: 2 - type: integer 
	Parameter BusWidth bound to: 32'b00000000000000000000000000100000 
	Parameter DmBaseAddress bound to: 32'b00000000000000000001000000000000 
	Parameter SelectableHarts bound to: 2'b11 
INFO: [Synth 8-6157] synthesizing module 'dm_csrs' [/home/mfpdsmbaa/LabCatreda/GR-HEEP/hw/vendor/x-heep/hw/vendor/pulp_platform/riscv_dbg/src/dm_csrs.sv:18]
	Parameter NrHarts bound to: 2 - type: integer 
	Parameter BusWidth bound to: 32'b00000000000000000000000000100000 
	Parameter SelectableHarts bound to: 2'b11 
INFO: [Synth 8-294] found qualifier unique on case statement: implementing as parallel_case [/home/mfpdsmbaa/LabCatreda/GR-HEEP/hw/vendor/x-heep/hw/vendor/pulp_platform/riscv_dbg/src/dm_csrs.sv:297]
INFO: [Synth 8-294] found qualifier unique on case statement: implementing as parallel_case [/home/mfpdsmbaa/LabCatreda/GR-HEEP/hw/vendor/x-heep/hw/vendor/pulp_platform/riscv_dbg/src/dm_csrs.sv:371]
INFO: [Synth 8-6157] synthesizing module 'fifo_v2' [/home/mfpdsmbaa/LabCatreda/GR-HEEP/hw/vendor/x-heep/hw/vendor/pulp_platform/common_cells/src/deprecated/fifo_v2.sv:13]
	Parameter DEPTH bound to: 32'b00000000000000000000000000000010 
INFO: [Synth 8-6157] synthesizing module 'fifo_v3__parameterized1' [/home/mfpdsmbaa/LabCatreda/GR-HEEP/hw/vendor/x-heep/hw/vendor/pulp_platform/common_cells/src/fifo_v3.sv:15]
	Parameter FALL_THROUGH bound to: 1'b0 
	Parameter DATA_WIDTH bound to: 32'b00000000000000000000000000100000 
	Parameter DEPTH bound to: 32'b00000000000000000000000000000010 
INFO: [Synth 8-6155] done synthesizing module 'fifo_v3__parameterized1' (0#1) [/home/mfpdsmbaa/LabCatreda/GR-HEEP/hw/vendor/x-heep/hw/vendor/pulp_platform/common_cells/src/fifo_v3.sv:15]
INFO: [Synth 8-6155] done synthesizing module 'fifo_v2' (0#1) [/home/mfpdsmbaa/LabCatreda/GR-HEEP/hw/vendor/x-heep/hw/vendor/pulp_platform/common_cells/src/deprecated/fifo_v2.sv:13]
INFO: [Synth 8-6155] done synthesizing module 'dm_csrs' (0#1) [/home/mfpdsmbaa/LabCatreda/GR-HEEP/hw/vendor/x-heep/hw/vendor/pulp_platform/riscv_dbg/src/dm_csrs.sv:18]
INFO: [Synth 8-6157] synthesizing module 'dm_sba' [/home/mfpdsmbaa/LabCatreda/GR-HEEP/hw/vendor/x-heep/hw/vendor/pulp_platform/riscv_dbg/src/dm_sba.sv:18]
	Parameter BusWidth bound to: 32'b00000000000000000000000000100000 
	Parameter ReadByteEnable bound to: 1'b1 
INFO: [Synth 8-294] found qualifier unique on case statement: implementing as parallel_case [/home/mfpdsmbaa/LabCatreda/GR-HEEP/hw/vendor/x-heep/hw/vendor/pulp_platform/riscv_dbg/src/dm_sba.sv:75]
INFO: [Synth 8-294] found qualifier unique on case statement: implementing as parallel_case [/home/mfpdsmbaa/LabCatreda/GR-HEEP/hw/vendor/x-heep/hw/vendor/pulp_platform/riscv_dbg/src/dm_sba.sv:114]
INFO: [Synth 8-6155] done synthesizing module 'dm_sba' (0#1) [/home/mfpdsmbaa/LabCatreda/GR-HEEP/hw/vendor/x-heep/hw/vendor/pulp_platform/riscv_dbg/src/dm_sba.sv:18]
INFO: [Synth 8-6157] synthesizing module 'dm_mem' [/home/mfpdsmbaa/LabCatreda/GR-HEEP/hw/vendor/x-heep/hw/vendor/pulp_platform/riscv_dbg/src/dm_mem.sv:19]
	Parameter NrHarts bound to: 2 - type: integer 
	Parameter BusWidth bound to: 32'b00000000000000000000000000100000 
	Parameter SelectableHarts bound to: 2'b11 
	Parameter DmBaseAddress bound to: 32'b00000000000000000001000000000000 
INFO: [Synth 8-6157] synthesizing module 'debug_rom' [/home/mfpdsmbaa/LabCatreda/GR-HEEP/hw/vendor/x-heep/hw/vendor/pulp_platform/riscv_dbg/debug_rom/debug_rom.sv:17]
INFO: [Synth 8-6155] done synthesizing module 'debug_rom' (0#1) [/home/mfpdsmbaa/LabCatreda/GR-HEEP/hw/vendor/x-heep/hw/vendor/pulp_platform/riscv_dbg/debug_rom/debug_rom.sv:17]
INFO: [Synth 8-294] found qualifier unique on case statement: implementing as parallel_case [/home/mfpdsmbaa/LabCatreda/GR-HEEP/hw/vendor/x-heep/hw/vendor/pulp_platform/riscv_dbg/src/dm_mem.sv:145]
INFO: [Synth 8-226] default block is never used [/home/mfpdsmbaa/LabCatreda/GR-HEEP/hw/vendor/x-heep/hw/vendor/pulp_platform/riscv_dbg/src/dm_mem.sv:145]
INFO: [Synth 8-294] found qualifier unique on case statement: implementing as parallel_case [/home/mfpdsmbaa/LabCatreda/GR-HEEP/hw/vendor/x-heep/hw/vendor/pulp_platform/riscv_dbg/src/dm_mem.sv:249]
INFO: [Synth 8-294] found qualifier unique on case statement: implementing as parallel_case [/home/mfpdsmbaa/LabCatreda/GR-HEEP/hw/vendor/x-heep/hw/vendor/pulp_platform/riscv_dbg/src/dm_mem.sv:289]
INFO: [Synth 8-294] found qualifier unique on case statement: implementing as parallel_case [/home/mfpdsmbaa/LabCatreda/GR-HEEP/hw/vendor/x-heep/hw/vendor/pulp_platform/riscv_dbg/src/dm_mem.sv:372]
INFO: [Synth 8-6155] done synthesizing module 'dm_mem' (0#1) [/home/mfpdsmbaa/LabCatreda/GR-HEEP/hw/vendor/x-heep/hw/vendor/pulp_platform/riscv_dbg/src/dm_mem.sv:19]
INFO: [Synth 8-6155] done synthesizing module 'dm_top' (0#1) [/home/mfpdsmbaa/LabCatreda/GR-HEEP/hw/vendor/x-heep/hw/vendor/pulp_platform/riscv_dbg/src/dm_top.sv:20]
INFO: [Synth 8-6155] done synthesizing module 'dm_obi_top' (0#1) [/home/mfpdsmbaa/LabCatreda/GR-HEEP/hw/vendor/x-heep/hw/vendor/pulp_platform/riscv_dbg/src/dm_obi_top.sv:63]
INFO: [Synth 8-6155] done synthesizing module 'debug_subsystem' (0#1) [/home/mfpdsmbaa/LabCatreda/GR-HEEP/hw/vendor/x-heep/hw/core-v-mini-mcu/debug_subsystem.sv:5]
INFO: [Synth 8-6157] synthesizing module 'system_bus' [/home/mfpdsmbaa/LabCatreda/GR-HEEP/hw/vendor/x-heep/hw/core-v-mini-mcu/system_bus.sv:20]
	Parameter NUM_BANKS bound to: 10 - type: integer 
	Parameter EXT_XBAR_NMASTER bound to: 0 - type: integer 
INFO: [Synth 8-6157] synthesizing module 'xbar_varlat_one_to_n' [/home/mfpdsmbaa/LabCatreda/GR-HEEP/hw/vendor/x-heep/hw/core-v-mini-mcu/xbar_varlat_one_to_n.sv:10]
	Parameter XBAR_NSLAVE bound to: 2 - type: integer 
	Parameter NUM_RULES bound to: 1 - type: integer 
INFO: [Synth 8-6157] synthesizing module 'addr_decode' [/home/mfpdsmbaa/LabCatreda/GR-HEEP/hw/vendor/x-heep/hw/vendor/pulp_platform/common_cells/src/addr_decode.sv:35]
	Parameter NoIndices bound to: 2 - type: integer 
	Parameter NoRules bound to: 1 - type: integer 
	Parameter Napot bound to: 1'b0 
INFO: [Synth 8-6157] synthesizing module 'addr_decode_dync' [/home/mfpdsmbaa/LabCatreda/GR-HEEP/hw/vendor/x-heep/hw/vendor/pulp_platform/common_cells/src/addr_decode_dync.sv:40]
	Parameter NoIndices bound to: 2 - type: integer 
	Parameter NoRules bound to: 1 - type: integer 
	Parameter Napot bound to: 1'b0 
INFO: [Synth 8-6155] done synthesizing module 'addr_decode_dync' (0#1) [/home/mfpdsmbaa/LabCatreda/GR-HEEP/hw/vendor/x-heep/hw/vendor/pulp_platform/common_cells/src/addr_decode_dync.sv:40]
INFO: [Synth 8-6155] done synthesizing module 'addr_decode' (0#1) [/home/mfpdsmbaa/LabCatreda/GR-HEEP/hw/vendor/x-heep/hw/vendor/pulp_platform/common_cells/src/addr_decode.sv:35]
INFO: [Synth 8-6157] synthesizing module 'xbar_varlat__parameterized0' [/home/mfpdsmbaa/LabCatreda/GR-HEEP/hw/vendor/x-heep/hw/vendor/xheep/cluster_interconnect/rtl/tcdm_variable_latency_interconnect/xbar_varlat.sv:16]
	Parameter AggregateGnt bound to: 0 - type: integer 
	Parameter NumIn bound to: 1 - type: integer 
	Parameter NumOut bound to: 2 - type: integer 
	Parameter ReqDataWidth bound to: 32'b00000000000000000000000001000101 
	Parameter RespDataWidth bound to: 32 - type: integer 
	Parameter ExtPrio bound to: 1'b0 
INFO: [Synth 8-6157] synthesizing module 'addr_dec_resp_mux_varlat__parameterized0' [/home/mfpdsmbaa/LabCatreda/GR-HEEP/hw/vendor/x-heep/hw/vendor/xheep/cluster_interconnect/rtl/tcdm_variable_latency_interconnect/addr_dec_resp_mux_varlat.sv:16]
	Parameter AggregateGnt bound to: 0 - type: integer 
	Parameter NumOut bound to: 2 - type: integer 
	Parameter ReqDataWidth bound to: 32'b00000000000000000000000001000101 
	Parameter RespDataWidth bound to: 32 - type: integer 
INFO: [Synth 8-6155] done synthesizing module 'addr_dec_resp_mux_varlat__parameterized0' (0#1) [/home/mfpdsmbaa/LabCatreda/GR-HEEP/hw/vendor/x-heep/hw/vendor/xheep/cluster_interconnect/rtl/tcdm_variable_latency_interconnect/addr_dec_resp_mux_varlat.sv:16]
INFO: [Synth 8-6155] done synthesizing module 'xbar_varlat__parameterized0' (0#1) [/home/mfpdsmbaa/LabCatreda/GR-HEEP/hw/vendor/x-heep/hw/vendor/xheep/cluster_interconnect/rtl/tcdm_variable_latency_interconnect/xbar_varlat.sv:16]
INFO: [Synth 8-6155] done synthesizing module 'xbar_varlat_one_to_n' (0#1) [/home/mfpdsmbaa/LabCatreda/GR-HEEP/hw/vendor/x-heep/hw/core-v-mini-mcu/xbar_varlat_one_to_n.sv:10]
INFO: [Synth 8-6157] synthesizing module 'system_xbar' [/home/mfpdsmbaa/LabCatreda/GR-HEEP/hw/vendor/x-heep/hw/core-v-mini-mcu/system_xbar.sv:7]
INFO: [Common 17-14] Message 'Synth 8-6157' appears 100 times and further instances of the messages will be disabled. Use the Tcl command set_msg_config to change the current settings.
	Parameter XBAR_NMASTER bound to: 9 - type: integer 
	Parameter XBAR_NSLAVE bound to: 15 - type: integer 
	Parameter NoIndices bound to: 15 - type: integer 
	Parameter NoRules bound to: 15 - type: integer 
	Parameter NoIndices bound to: 15 - type: integer 
	Parameter NoRules bound to: 15 - type: integer 
	Parameter Napot bound to: 1'b0 
INFO: [Synth 8-6155] done synthesizing module 'addr_decode_dync__parameterized0' (0#1) [/home/mfpdsmbaa/LabCatreda/GR-HEEP/hw/vendor/x-heep/hw/vendor/pulp_platform/common_cells/src/addr_decode_dync.sv:40]
INFO: [Synth 8-6155] done synthesizing module 'addr_decode__parameterized0' (0#1) [/home/mfpdsmbaa/LabCatreda/GR-HEEP/hw/vendor/x-heep/hw/vendor/pulp_platform/common_cells/src/addr_decode.sv:35]
	Parameter AggregateGnt bound to: 32'b00000000000000000000000000000000 
	Parameter NumIn bound to: 9 - type: integer 
	Parameter NumOut bound to: 15 - type: integer 
	Parameter ReqDataWidth bound to: 32'b00000000000000000000000001000101 
	Parameter RespDataWidth bound to: 32'b00000000000000000000000000100000 
	Parameter AggregateGnt bound to: 32'b00000000000000000000000000000000 
	Parameter NumOut bound to: 15 - type: integer 
	Parameter ReqDataWidth bound to: 32'b00000000000000000000000001000101 
	Parameter RespDataWidth bound to: 32'b00000000000000000000000000100000 
INFO: [Synth 8-6155] done synthesizing module 'addr_dec_resp_mux_varlat__parameterized1' (0#1) [/home/mfpdsmbaa/LabCatreda/GR-HEEP/hw/vendor/x-heep/hw/vendor/xheep/cluster_interconnect/rtl/tcdm_variable_latency_interconnect/addr_dec_resp_mux_varlat.sv:16]
	Parameter NumIn bound to: 9 - type: integer 
	Parameter DataWidth bound to: 32'b00000000000000000000000001000101 
	Parameter ExtPrio bound to: 1'b0 
	Parameter WIDTH bound to: 9 - type: integer 
	Parameter MODE bound to: 1'b0 
INFO: [Synth 8-6155] done synthesizing module 'lzc__parameterized0' (0#1) [/home/mfpdsmbaa/LabCatreda/GR-HEEP/hw/vendor/x-heep/hw/vendor/pulp_platform/common_cells/src/lzc.sv:17]
INFO: [Synth 8-6155] done synthesizing module 'rr_arb_tree__parameterized0' (0#1) [/home/mfpdsmbaa/LabCatreda/GR-HEEP/hw/vendor/x-heep/hw/vendor/pulp_platform/common_cells/src/rr_arb_tree.sv:49]
INFO: [Common 17-14] Message 'Synth 8-6155' appears 100 times and further instances of the messages will be disabled. Use the Tcl command set_msg_config to change the current settings.
	Parameter NUM_BANKS bound to: 10 - type: integer 
	Parameter NumWords bound to: 32'b00000000000000000010000000000000 
	Parameter DataWidth bound to: 32 - type: integer 
	Parameter NumWords bound to: 32'b00000000000000000001000000000000 
	Parameter DataWidth bound to: 32 - type: integer 
	Parameter AO_SPC_NUM bound to: 1 - type: integer 
	Parameter NoPorts bound to: 32'b00000000000000000000000000000010 
	Parameter AW bound to: 32'b00000000000000000000000000100000 
	Parameter DW bound to: 32'b00000000000000000000000000100000 
	Parameter N_INP bound to: 2 - type: integer 
	Parameter N_INP bound to: 2 - type: integer 
	Parameter ARBITER bound to: rr - type: string 
	Parameter NumIn bound to: 2 - type: integer 
	Parameter ExtPrio bound to: 1'b0 
	Parameter AxiVldRdy bound to: 1'b1 
	Parameter LockIn bound to: 1'b1 
	Parameter IW bound to: 32'b00000000000000000000000000000001 
	Parameter NoIndices bound to: 32'b00000000000000000000000000001100 
	Parameter NoRules bound to: 32'b00000000000000000000000000001100 
	Parameter NoIndices bound to: 32'b00000000000000000000000000001100 
	Parameter NoRules bound to: 32'b00000000000000000000000000001100 
	Parameter Napot bound to: 1'b0 
	Parameter NoPorts bound to: 32'b00000000000000000000000000001100 
	Parameter DW bound to: 32'sb00000000000000000000000000000001 
	Parameter SWACCESS bound to: RW - type: string 
	Parameter RESVAL bound to: 1'b0 
	Parameter DW bound to: 32'sb00000000000000000000000000000001 
	Parameter SWACCESS bound to: RW - type: string 
	Parameter DW bound to: 32'sb00000000000000000000000000100000 
	Parameter SWACCESS bound to: RW - type: string 
	Parameter RESVAL bound to: 0 - type: integer 
	Parameter DW bound to: 32'sb00000000000000000000000000100000 
	Parameter SWACCESS bound to: RW - type: string 
	Parameter DW bound to: 32'sb00000000000000000000000000000001 
	Parameter SWACCESS bound to: RO - type: string 
	Parameter RESVAL bound to: 1'b0 
	Parameter DW bound to: 32'sb00000000000000000000000000000001 
	Parameter SWACCESS bound to: RO - type: string 
	Parameter DW bound to: 32'sb00000000000000000000000000100000 
	Parameter SWACCESS bound to: RW - type: string 
	Parameter RESVAL bound to: 384 - type: integer 
	Parameter DW bound to: 32'sb00000000000000000000000000000001 
	Parameter SWACCESS bound to: RW - type: string 
	Parameter RESVAL bound to: 1'b1 
	Parameter DW bound to: 32'sb00000000000000000000000000100000 
	Parameter SWACCESS bound to: RW - type: string 
	Parameter RESVAL bound to: 1 - type: integer 
INFO: [Synth 8-294] found qualifier unique on case statement: implementing as parallel_case [/home/mfpdsmbaa/LabCatreda/GR-HEEP/hw/vendor/x-heep/hw/ip/soc_ctrl/rtl/soc_ctrl_reg_top.sv:459]
INFO: [Synth 8-226] default block is never used [/home/mfpdsmbaa/LabCatreda/GR-HEEP/hw/vendor/x-heep/hw/ip/obi_spimemio/rtl/obi_to_picorv32.sv:70]
WARNING: [Synth 8-4446] all outputs are unconnected for this instance and logic may be removed [/home/mfpdsmbaa/LabCatreda/GR-HEEP/hw/vendor/x-heep/hw/ip/obi_spimemio/rtl/obi_spimemio_reg_top.sv:108]
	Parameter DW bound to: 32'sb00000000000000000000000000100000 
	Parameter SWACCESS bound to: NONE - type: string 
	Parameter RESVAL bound to: 0 - type: integer 
	Parameter DW bound to: 32'sb00000000000000000000000000100000 
	Parameter SWACCESS bound to: NONE - type: string 
INFO: [Synth 8-294] found qualifier unique on case statement: implementing as parallel_case [/home/mfpdsmbaa/LabCatreda/GR-HEEP/hw/vendor/x-heep/hw/ip/obi_spimemio/rtl/obi_spimemio_reg_top.sv:151]
INFO: [Synth 8-155] case statement is not full and has no default [/home/mfpdsmbaa/LabCatreda/GR-HEEP/hw/vendor/x-heep/hw/vendor/xheep/spi/vendor/yosyshq_picorv32/picosoc/spimemio.v:479]
INFO: [Synth 8-155] case statement is not full and has no default [/home/mfpdsmbaa/LabCatreda/GR-HEEP/hw/vendor/x-heep/hw/vendor/xheep/spi/vendor/yosyshq_picorv32/picosoc/spimemio.v:249]
INFO: [Synth 8-226] default block is never used [/home/mfpdsmbaa/LabCatreda/GR-HEEP/hw/vendor/x-heep/hw/vendor/xheep/spi/rtl/w25q128jw_controller/rtl/w25q128jw_controller.sv:795]
	Parameter DW bound to: 32'sb00000000000000000000000000001000 
	Parameter SWACCESS bound to: RW - type: string 
	Parameter RESVAL bound to: 8'b00000000 
	Parameter DW bound to: 32'sb00000000000000000000000000001000 
	Parameter SWACCESS bound to: RW - type: string 
INFO: [Synth 8-294] found qualifier unique on case statement: implementing as parallel_case [/home/mfpdsmbaa/LabCatreda/GR-HEEP/hw/vendor/x-heep/hw/vendor/xheep/spi/rtl/w25q128jw_controller/rtl/w25q128jw_controller_reg_top.sv:470]
	Parameter AsyncOn bound to: 1'b1 
	Parameter IsFatal bound to: 1'b1 
	Parameter AsyncOn bound to: 1'b1 
	Parameter Width bound to: 32'sb00000000000000000000000000000001 
	Parameter ResetValue bound to: 1'b0 
	Parameter Width bound to: 32'sb00000000000000000000000000000001 
	Parameter ResetValue bound to: 1'b0 
	Parameter Width bound to: 32'sb00000000000000000000000000000001 
	Parameter ResetValue bound to: 1'b0 
	Parameter Width bound to: 32'sb00000000000000000000000000000001 
	Parameter ResetValue bound to: 1'b0 
	Parameter Width bound to: 32'sb00000000000000000000000000000001 
	Parameter ResetValue bound to: 1'b1 
	Parameter Width bound to: 32'sb00000000000000000000000000000001 
	Parameter ResetValue bound to: 1'b1 
	Parameter Width bound to: 32'sb00000000000000000000000000000001 
	Parameter ResetValue bound to: 1'b1 
	Parameter Width bound to: 32'sb00000000000000000000000000000001 
	Parameter ResetValue bound to: 1'b1 
INFO: [Synth 8-294] found qualifier unique on case statement: implementing as parallel_case [/home/mfpdsmbaa/LabCatreda/GR-HEEP/hw/vendor/x-heep/hw/vendor/lowrisc/opentitan/hw/ip/prim/rtl/prim_diff_decode.sv:115]
INFO: [Synth 8-294] found qualifier unique on case statement: implementing as parallel_case [/home/mfpdsmbaa/LabCatreda/GR-HEEP/hw/vendor/x-heep/hw/vendor/lowrisc/opentitan/hw/ip/prim/rtl/prim_alert_sender.sv:172]
INFO: [Synth 8-226] default block is never used [/home/mfpdsmbaa/LabCatreda/GR-HEEP/hw/vendor/x-heep/hw/vendor/lowrisc/opentitan/hw/ip/prim/rtl/prim_alert_sender.sv:172]
	Parameter Width bound to: 32'sb00000000000000000000000000000001 
	Parameter NoPorts bound to: 32'b00000000000000000000000000000011 
	Parameter DW bound to: 32'sb00000000000000000000000000000001 
	Parameter SWACCESS bound to: W1C - type: string 
	Parameter RESVAL bound to: 1'b0 
	Parameter DW bound to: 32'sb00000000000000000000000000000001 
	Parameter SWACCESS bound to: W1C - type: string 
	Parameter DW bound to: 32'b00000000000000000000000000000001 
	Parameter DW bound to: 32'sb00000000000000000000000000001000 
	Parameter SWACCESS bound to: RW - type: string 
	Parameter RESVAL bound to: 8'b01111111 
	Parameter DW bound to: 32'sb00000000000000000000000000001000 
	Parameter SWACCESS bound to: RO - type: string 
	Parameter RESVAL bound to: 8'b00000000 
	Parameter DW bound to: 32'sb00000000000000000000000000001000 
	Parameter SWACCESS bound to: RO - type: string 
	Parameter DW bound to: 32'sb00000000000000000000000000000100 
	Parameter SWACCESS bound to: RO - type: string 
	Parameter RESVAL bound to: 4'b0000 
	Parameter DW bound to: 32'sb00000000000000000000000000000100 
	Parameter SWACCESS bound to: RO - type: string 
	Parameter DW bound to: 32'sb00000000000000000000000000010000 
	Parameter SWACCESS bound to: RW - type: string 
	Parameter RESVAL bound to: 16'b0000000000000000 
	Parameter DW bound to: 32'sb00000000000000000000000000010000 
	Parameter SWACCESS bound to: RW - type: string 
	Parameter DW bound to: 32'sb00000000000000000000000000000100 
	Parameter SWACCESS bound to: RW - type: string 
	Parameter RESVAL bound to: 4'b0000 
	Parameter DW bound to: 32'sb00000000000000000000000000000100 
	Parameter SWACCESS bound to: RW - type: string 
	Parameter DW bound to: 32'b00000000000000000000000000011000 
	Parameter DW bound to: 32'b00000000000000000000000000000010 
INFO: [Synth 8-294] found qualifier unique on case statement: implementing as parallel_case [/home/mfpdsmbaa/LabCatreda/GR-HEEP/hw/vendor/x-heep/hw/vendor/xheep/spi/vendor/lowrisc_opentitan_spi_host/rtl/spi_host_reg_top.sv:2005]
INFO: [Synth 8-294] found qualifier unique on case statement: implementing as parallel_case [/home/mfpdsmbaa/LabCatreda/GR-HEEP/hw/vendor/x-heep/hw/vendor/xheep/spi/vendor/lowrisc_opentitan_spi_host/rtl/spi_host.sv:194]
INFO: [Synth 8-294] found qualifier unique on case statement: implementing as parallel_case [/home/mfpdsmbaa/LabCatreda/GR-HEEP/hw/vendor/x-heep/hw/vendor/xheep/spi/vendor/lowrisc_opentitan_spi_host/rtl/spi_host.sv:211]
	Parameter CmdDepth bound to: 32'sb00000000000000000000000000000100 
	Parameter Width bound to: 32'b00000000000000000000000000111101 
	Parameter Pass bound to: 1'b1 
	Parameter Depth bound to: 32'b00000000000000000000000000000100 
INFO: [Synth 8-294] found qualifier unique on case statement: implementing as parallel_case [/home/mfpdsmbaa/LabCatreda/GR-HEEP/hw/vendor/x-heep/hw/vendor/xheep/spi/vendor/lowrisc_opentitan_spi_host/rtl/spi_host.sv:383]
	Parameter TxDepth bound to: 32'sb00000000000000000000000001001000 
	Parameter RxDepth bound to: 32'sb00000000000000000000000001000000 
	Parameter SwapBytes bound to: 1'b0 
	Parameter Width bound to: 32'b00000000000000000000000000100100 
	Parameter Pass bound to: 1'b1 
	Parameter Depth bound to: 32'b00000000000000000000000001001000 
	Parameter Width bound to: 32'b00000000000000000000000000100000 
	Parameter Pass bound to: 1'b1 
	Parameter Depth bound to: 32'b00000000000000000000000001000000 
	Parameter NumCS bound to: 32'sb00000000000000000000000000000010 
	Parameter InW bound to: 32'sb00000000000000000000000000001000 
	Parameter OutW bound to: 32'sb00000000000000000000000000100000 
	Parameter InW bound to: 32'sb00000000000000000000000000100100 
	Parameter OutW bound to: 32'sb00000000000000000000000000001001 
	Parameter NumCS bound to: 32'sb00000000000000000000000000000010 
INFO: [Synth 8-294] found qualifier unique on case statement: implementing as parallel_case [/home/mfpdsmbaa/LabCatreda/GR-HEEP/hw/vendor/x-heep/hw/vendor/xheep/spi/vendor/lowrisc_opentitan_spi_host/rtl/spi_host_fsm.sv:246]
INFO: [Synth 8-226] default block is never used [/home/mfpdsmbaa/LabCatreda/GR-HEEP/hw/vendor/x-heep/hw/vendor/xheep/spi/vendor/lowrisc_opentitan_spi_host/rtl/spi_host_fsm.sv:246]
INFO: [Synth 8-294] found qualifier unique on case statement: implementing as parallel_case [/home/mfpdsmbaa/LabCatreda/GR-HEEP/hw/vendor/x-heep/hw/vendor/xheep/spi/vendor/lowrisc_opentitan_spi_host/rtl/spi_host_fsm.sv:405]
INFO: [Synth 8-294] found qualifier unique on case statement: implementing as parallel_case [/home/mfpdsmbaa/LabCatreda/GR-HEEP/hw/vendor/x-heep/hw/vendor/xheep/spi/vendor/lowrisc_opentitan_spi_host/rtl/spi_host_fsm.sv:465]
INFO: [Synth 8-294] found qualifier unique on case statement: implementing as parallel_case [/home/mfpdsmbaa/LabCatreda/GR-HEEP/hw/vendor/x-heep/hw/vendor/xheep/spi/vendor/lowrisc_opentitan_spi_host/rtl/spi_host_fsm.sv:528]
	Parameter Width bound to: 32'sb00000000000000000000000000000001 
	Parameter ResetValue bound to: 1'b0 
INFO: [Synth 8-294] found qualifier unique on case statement: implementing as parallel_case [/home/mfpdsmbaa/LabCatreda/GR-HEEP/hw/vendor/x-heep/hw/vendor/xheep/spi/vendor/lowrisc_opentitan_spi_host/rtl/spi_host_fsm.sv:567]
	Parameter Width bound to: 32'b00000000000000000000000000000001 
	Parameter DW bound to: 32'sb00000000000000000000000000000011 
	Parameter SWACCESS bound to: RO - type: string 
	Parameter RESVAL bound to: 3'b000 
	Parameter DW bound to: 32'sb00000000000000000000000000000011 
	Parameter SWACCESS bound to: RO - type: string 
	Parameter DW bound to: 32'sb00000000000000000000000000000010 
	Parameter SWACCESS bound to: RO - type: string 
	Parameter RESVAL bound to: 2'b00 
	Parameter DW bound to: 32'sb00000000000000000000000000000010 
	Parameter SWACCESS bound to: RO - type: string 
INFO: [Synth 8-294] found qualifier unique on case statement: implementing as parallel_case [/home/mfpdsmbaa/LabCatreda/GR-HEEP/hw/vendor/x-heep/hw/ip/power_manager/rtl/power_manager_reg_top.sv:3712]
	Parameter DW bound to: 32'sb00000000000000000000000000010000 
	Parameter ExpireValue bound to: 16'b0000000000000000 
INFO: [Synth 8-294] found qualifier unique on case statement: implementing as parallel_case [/home/mfpdsmbaa/LabCatreda/GR-HEEP/hw/vendor/x-heep/hw/ip/power_manager/rtl/reg_to_counter.sv:52]
	Parameter IDLE_VALUE bound to: 1'b1 
	Parameter ONOFF_AT_RESET bound to: 1'b0 
INFO: [Synth 8-294] found qualifier unique on case statement: implementing as parallel_case [/home/mfpdsmbaa/LabCatreda/GR-HEEP/hw/vendor/x-heep/hw/ip/power_manager/rtl/power_manager_counter_sequence.sv:67]
	Parameter IDLE_VALUE bound to: 1'b1 
	Parameter ONOFF_AT_RESET bound to: 1'b1 
INFO: [Synth 8-294] found qualifier unique on case statement: implementing as parallel_case [/home/mfpdsmbaa/LabCatreda/GR-HEEP/hw/vendor/x-heep/hw/ip/power_manager/rtl/power_manager_counter_sequence.sv:67]
	Parameter IDLE_VALUE bound to: 1'b1 
	Parameter ONOFF_AT_RESET bound to: 1'b0 
INFO: [Synth 8-294] found qualifier unique on case statement: implementing as parallel_case [/home/mfpdsmbaa/LabCatreda/GR-HEEP/hw/vendor/x-heep/hw/ip/power_manager/rtl/power_manager_sequence.sv:55]
	Parameter IDLE_VALUE bound to: 1'b1 
	Parameter ONOFF_AT_RESET bound to: 1'b1 
INFO: [Synth 8-294] found qualifier unique on case statement: implementing as parallel_case [/home/mfpdsmbaa/LabCatreda/GR-HEEP/hw/vendor/x-heep/hw/ip/power_manager/rtl/power_manager_sequence.sv:55]
	Parameter TL_A_USER_DEFAULT[rsvd] bound to: 5'b00000 
	Parameter TL_A_USER_DEFAULT[tl_type] bound to: 2'b10 
	Parameter TL_A_USER_DEFAULT[cmd_intg] bound to: 7'b0000000 
	Parameter TL_A_USER_DEFAULT[data_intg] bound to: 7'b0000000 
	Parameter PutFullData bound to: 3'b000 
	Parameter Get bound to: 3'b100 
	Parameter N bound to: 32'sb00000000000000000000000000000001 
	Parameter EnableDataIntgGen bound to: 1'b0 
	Parameter RegAw bound to: 32'sb00000000000000000000000000001010 
	Parameter RegDw bound to: 32'sb00000000000000000000000000100000 
INFO: [Synth 8-294] found qualifier unique on case statement: implementing as parallel_case [/home/mfpdsmbaa/LabCatreda/GR-HEEP/hw/vendor/x-heep/hw/vendor/lowrisc/opentitan/hw/ip/tlul/rtl/tlul_err.sv:58]
	Parameter DW bound to: 32'sb00000000000000000000000000001100 
	Parameter SWACCESS bound to: RW - type: string 
	Parameter RESVAL bound to: 12'b000000000000 
	Parameter DW bound to: 32'sb00000000000000000000000000001100 
	Parameter SWACCESS bound to: RW - type: string 
	Parameter DW bound to: 32'sb00000000000000000000000000001000 
	Parameter SWACCESS bound to: RW - type: string 
	Parameter RESVAL bound to: 8'b00000001 
	Parameter DW bound to: 32'sb00000000000000000000000000100000 
	Parameter SWACCESS bound to: RW - type: string 
	Parameter RESVAL bound to: -1 - type: integer 
INFO: [Synth 8-294] found qualifier unique on case statement: implementing as parallel_case [/home/mfpdsmbaa/LabCatreda/GR-HEEP/hw/vendor/x-heep/hw/vendor/lowrisc/opentitan/hw/ip/rv_timer/rtl/rv_timer_reg_top.sv:783]
	Parameter GLOBAL_SLOT_NUM bound to: 5 - type: integer 
	Parameter EXT_SLOT_NUM bound to: 8 - type: integer 
	Parameter FIFO_DEPTH bound to: 32'sb00000000000000000000000000000100 
	Parameter RVALID_FIFO_DEPTH bound to: 4 - type: integer 
	Parameter SLOT_NUM bound to: 32'b00000000000000000000000000000111 
	Parameter DW bound to: 32'sb00000000000000000000000000000110 
	Parameter SWACCESS bound to: RW - type: string 
	Parameter RESVAL bound to: 6'b000100 
	Parameter DW bound to: 32'sb00000000000000000000000000000110 
	Parameter SWACCESS bound to: RW - type: string 
	Parameter DW bound to: 32'sb00000000000000000000000000010111 
	Parameter SWACCESS bound to: RW - type: string 
	Parameter RESVAL bound to: 23'b00000000000000000000100 
	Parameter DW bound to: 32'sb00000000000000000000000000010111 
	Parameter SWACCESS bound to: RW - type: string 
	Parameter DW bound to: 32'sb00000000000000000000000000000010 
	Parameter SWACCESS bound to: RW - type: string 
	Parameter RESVAL bound to: 2'b00 
	Parameter DW bound to: 32'sb00000000000000000000000000000010 
	Parameter SWACCESS bound to: RW - type: string 
	Parameter DW bound to: 32'sb00000000000000000000000000000110 
	Parameter SWACCESS bound to: RW - type: string 
	Parameter RESVAL bound to: 6'b000000 
	Parameter DW bound to: 32'sb00000000000000000000000000001101 
	Parameter SWACCESS bound to: RW - type: string 
	Parameter RESVAL bound to: 13'b0000000000000 
	Parameter DW bound to: 32'sb00000000000000000000000000001101 
	Parameter SWACCESS bound to: RW - type: string 
INFO: [Synth 8-294] found qualifier unique on case statement: implementing as parallel_case [/home/mfpdsmbaa/LabCatreda/GR-HEEP/hw/vendor/x-heep/hw/vendor/xheep/dma/rtl/dma_reg_top.sv:1146]
	Parameter FIFO_DEPTH bound to: 32'sb00000000000000000000000000000100 
	Parameter FIFO_DEPTH bound to: 32'sb00000000000000000000000000000100 
	Parameter FALL_THROUGH bound to: 1'b0 
	Parameter DATA_WIDTH bound to: 32'b00000000000000000000000000001000 
	Parameter DEPTH bound to: 32'b00000000000000000000000000000100 
	Parameter FALL_THROUGH bound to: 1'b0 
	Parameter DEPTH bound to: 32'b00000000000000000000000000000100 
INFO: [Synth 8-294] found qualifier unique on case statement: implementing as parallel_case [/home/mfpdsmbaa/LabCatreda/GR-HEEP/hw/vendor/x-heep/hw/vendor/xheep/dma/rtl/dma_units/dma_buffer_unit/dma_buffer_control.sv:111]
	Parameter RVALID_FIFO_DEPTH bound to: 4 - type: integer 
INFO: [Synth 8-294] found qualifier unique on case statement: implementing as parallel_case [/home/mfpdsmbaa/LabCatreda/GR-HEEP/hw/vendor/x-heep/hw/vendor/xheep/dma/rtl/dma_units/dma_read_unit.sv:243]
	Parameter FALL_THROUGH bound to: 1'b0 
	Parameter DATA_WIDTH bound to: 32'b00000000000000000000000000000010 
	Parameter DEPTH bound to: 4 - type: integer 
INFO: [Synth 8-294] found qualifier unique on case statement: implementing as parallel_case [/home/mfpdsmbaa/LabCatreda/GR-HEEP/hw/vendor/x-heep/hw/vendor/xheep/dma/rtl/dma_units/dma_read_unit.sv:366]
INFO: [Synth 8-294] found qualifier unique on case statement: implementing as parallel_case [/home/mfpdsmbaa/LabCatreda/GR-HEEP/hw/vendor/x-heep/hw/vendor/xheep/dma/rtl/dma_units/dma_read_unit.sv:384]
INFO: [Synth 8-294] found qualifier unique on case statement: implementing as parallel_case [/home/mfpdsmbaa/LabCatreda/GR-HEEP/hw/vendor/x-heep/hw/vendor/xheep/dma/rtl/dma_units/dma_read_addr_unit.sv:121]
INFO: [Synth 8-294] found qualifier unique on case statement: implementing as parallel_case [/home/mfpdsmbaa/LabCatreda/GR-HEEP/hw/vendor/x-heep/hw/vendor/xheep/dma/rtl/dma_units/dma_processing_unit.sv:122]
INFO: [Synth 8-294] found qualifier unique on case statement: implementing as parallel_case [/home/mfpdsmbaa/LabCatreda/GR-HEEP/hw/vendor/x-heep/hw/vendor/xheep/dma/rtl/dma_units/dma_write_unit.sv:230]
INFO: [Synth 8-226] default block is never used [/home/mfpdsmbaa/LabCatreda/GR-HEEP/hw/vendor/x-heep/hw/vendor/xheep/dma/rtl/dma_units/dma_write_unit.sv:230]
INFO: [Synth 8-294] found qualifier unique on case statement: implementing as parallel_case [/home/mfpdsmbaa/LabCatreda/GR-HEEP/hw/vendor/x-heep/hw/vendor/xheep/dma/rtl/dma_units/dma_write_unit.sv:303]
INFO: [Synth 8-294] found qualifier unique on case statement: implementing as parallel_case [/home/mfpdsmbaa/LabCatreda/GR-HEEP/hw/vendor/x-heep/hw/vendor/xheep/dma/rtl/dma_units/dma_write_unit.sv:321]
INFO: [Synth 8-155] case statement is not full and has no default [/home/mfpdsmbaa/LabCatreda/GR-HEEP/hw/vendor/x-heep/hw/vendor/xheep/dma/rtl/dma.sv:377]
	Parameter XBAR_NMASTER bound to: 32'b00000000000000000000000000000100 
	Parameter XBAR_MSLAVE bound to: 32'b00000000000000000000000000000010 
	Parameter NoIndices bound to: 32'b00000000000000000000000000000100 
	Parameter NoRules bound to: 32'b00000000000000000000000000000100 
	Parameter NoIndices bound to: 32'b00000000000000000000000000000100 
	Parameter NoRules bound to: 32'b00000000000000000000000000000100 
	Parameter Napot bound to: 1'b0 
	Parameter NoPorts bound to: 32'b00000000000000000000000000000100 
	Parameter DW bound to: 32'sb00000000000000000000000000010000 
	Parameter SWACCESS bound to: RO - type: string 
	Parameter RESVAL bound to: 16'b0000000000000000 
	Parameter DW bound to: 32'sb00000000000000000000000000010000 
	Parameter SWACCESS bound to: RO - type: string 
	Parameter DW bound to: 32'sb00000000000000000000000000010000 
	Parameter SWACCESS bound to: RW - type: string 
	Parameter RESVAL bound to: 16'b0111111111111111 
INFO: [Synth 8-294] found qualifier unique on case statement: implementing as parallel_case [/home/mfpdsmbaa/LabCatreda/GR-HEEP/hw/vendor/x-heep/hw/ip/fast_intr_ctrl/rtl/fast_intr_ctrl_reg_top.sv:189]
	Parameter NrSyncStages bound to: 2 - type: integer 
WARNING: [Synth 8-589] replacing case/wildcard equality operator !== with logical equality operator != [/home/mfpdsmbaa/LabCatreda/GR-HEEP/hw/vendor/x-heep/hw/vendor/pulp_platform/gpio/src/gpio.sv:163]
INFO: [Synth 8-226] default block is never used [/home/mfpdsmbaa/LabCatreda/GR-HEEP/hw/vendor/x-heep/hw/vendor/pulp_platform/gpio/src/gpio.sv:164]
INFO: [Synth 8-294] found qualifier unique on case statement: implementing as parallel_case [/home/mfpdsmbaa/LabCatreda/GR-HEEP/hw/vendor/x-heep/hw/vendor/pulp_platform/gpio/src/gpio.sv:193]
INFO: [Common 17-14] Message 'Synth 8-294' appears 100 times and further instances of the messages will be disabled. Use the Tcl command set_msg_config to change the current settings.
WARNING: [Synth 8-589] replacing case/wildcard equality operator !== with logical equality operator != [/home/mfpdsmbaa/LabCatreda/GR-HEEP/hw/vendor/x-heep/hw/vendor/pulp_platform/gpio/src/gpio.sv:194]
WARNING: [Synth 8-589] replacing case/wildcard equality operator !== with logical equality operator != [/home/mfpdsmbaa/LabCatreda/GR-HEEP/hw/vendor/x-heep/hw/vendor/pulp_platform/gpio/src/gpio.sv:198]
WARNING: [Synth 8-589] replacing case/wildcard equality operator !== with logical equality operator != [/home/mfpdsmbaa/LabCatreda/GR-HEEP/hw/vendor/x-heep/hw/vendor/pulp_platform/gpio/src/gpio.sv:202]
WARNING: [Synth 8-589] replacing case/wildcard equality operator !== with logical equality operator != [/home/mfpdsmbaa/LabCatreda/GR-HEEP/hw/vendor/x-heep/hw/vendor/pulp_platform/gpio/src/gpio.sv:213]
WARNING: [Synth 8-589] replacing case/wildcard equality operator !== with logical equality operator != [/home/mfpdsmbaa/LabCatreda/GR-HEEP/hw/vendor/x-heep/hw/vendor/pulp_platform/gpio/src/gpio.sv:163]
INFO: [Synth 8-226] default block is never used [/home/mfpdsmbaa/LabCatreda/GR-HEEP/hw/vendor/x-heep/hw/vendor/pulp_platform/gpio/src/gpio.sv:164]
WARNING: [Synth 8-589] replacing case/wildcard equality operator !== with logical equality operator != [/home/mfpdsmbaa/LabCatreda/GR-HEEP/hw/vendor/x-heep/hw/vendor/pulp_platform/gpio/src/gpio.sv:194]
WARNING: [Synth 8-589] replacing case/wildcard equality operator !== with logical equality operator != [/home/mfpdsmbaa/LabCatreda/GR-HEEP/hw/vendor/x-heep/hw/vendor/pulp_platform/gpio/src/gpio.sv:198]
WARNING: [Synth 8-589] replacing case/wildcard equality operator !== with logical equality operator != [/home/mfpdsmbaa/LabCatreda/GR-HEEP/hw/vendor/x-heep/hw/vendor/pulp_platform/gpio/src/gpio.sv:202]
WARNING: [Synth 8-589] replacing case/wildcard equality operator !== with logical equality operator != [/home/mfpdsmbaa/LabCatreda/GR-HEEP/hw/vendor/x-heep/hw/vendor/pulp_platform/gpio/src/gpio.sv:213]
WARNING: [Synth 8-589] replacing case/wildcard equality operator !== with logical equality operator != [/home/mfpdsmbaa/LabCatreda/GR-HEEP/hw/vendor/x-heep/hw/vendor/pulp_platform/gpio/src/gpio.sv:163]
INFO: [Synth 8-226] default block is never used [/home/mfpdsmbaa/LabCatreda/GR-HEEP/hw/vendor/x-heep/hw/vendor/pulp_platform/gpio/src/gpio.sv:164]
WARNING: [Synth 8-589] replacing case/wildcard equality operator !== with logical equality operator != [/home/mfpdsmbaa/LabCatreda/GR-HEEP/hw/vendor/x-heep/hw/vendor/pulp_platform/gpio/src/gpio.sv:194]
WARNING: [Synth 8-589] replacing case/wildcard equality operator !== with logical equality operator != [/home/mfpdsmbaa/LabCatreda/GR-HEEP/hw/vendor/x-heep/hw/vendor/pulp_platform/gpio/src/gpio.sv:198]
WARNING: [Synth 8-589] replacing case/wildcard equality operator !== with logical equality operator != [/home/mfpdsmbaa/LabCatreda/GR-HEEP/hw/vendor/x-heep/hw/vendor/pulp_platform/gpio/src/gpio.sv:202]
WARNING: [Synth 8-589] replacing case/wildcard equality operator !== with logical equality operator != [/home/mfpdsmbaa/LabCatreda/GR-HEEP/hw/vendor/x-heep/hw/vendor/pulp_platform/gpio/src/gpio.sv:213]
WARNING: [Synth 8-589] replacing case/wildcard equality operator !== with logical equality operator != [/home/mfpdsmbaa/LabCatreda/GR-HEEP/hw/vendor/x-heep/hw/vendor/pulp_platform/gpio/src/gpio.sv:163]
INFO: [Synth 8-226] default block is never used [/home/mfpdsmbaa/LabCatreda/GR-HEEP/hw/vendor/x-heep/hw/vendor/pulp_platform/gpio/src/gpio.sv:164]
WARNING: [Synth 8-589] replacing case/wildcard equality operator !== with logical equality operator != [/home/mfpdsmbaa/LabCatreda/GR-HEEP/hw/vendor/x-heep/hw/vendor/pulp_platform/gpio/src/gpio.sv:194]
WARNING: [Synth 8-589] replacing case/wildcard equality operator !== with logical equality operator != [/home/mfpdsmbaa/LabCatreda/GR-HEEP/hw/vendor/x-heep/hw/vendor/pulp_platform/gpio/src/gpio.sv:198]
WARNING: [Synth 8-589] replacing case/wildcard equality operator !== with logical equality operator != [/home/mfpdsmbaa/LabCatreda/GR-HEEP/hw/vendor/x-heep/hw/vendor/pulp_platform/gpio/src/gpio.sv:202]
WARNING: [Synth 8-589] replacing case/wildcard equality operator !== with logical equality operator != [/home/mfpdsmbaa/LabCatreda/GR-HEEP/hw/vendor/x-heep/hw/vendor/pulp_platform/gpio/src/gpio.sv:213]
WARNING: [Synth 8-589] replacing case/wildcard equality operator !== with logical equality operator != [/home/mfpdsmbaa/LabCatreda/GR-HEEP/hw/vendor/x-heep/hw/vendor/pulp_platform/gpio/src/gpio.sv:163]
INFO: [Synth 8-226] default block is never used [/home/mfpdsmbaa/LabCatreda/GR-HEEP/hw/vendor/x-heep/hw/vendor/pulp_platform/gpio/src/gpio.sv:164]
WARNING: [Synth 8-589] replacing case/wildcard equality operator !== with logical equality operator != [/home/mfpdsmbaa/LabCatreda/GR-HEEP/hw/vendor/x-heep/hw/vendor/pulp_platform/gpio/src/gpio.sv:194]
WARNING: [Synth 8-589] replacing case/wildcard equality operator !== with logical equality operator != [/home/mfpdsmbaa/LabCatreda/GR-HEEP/hw/vendor/x-heep/hw/vendor/pulp_platform/gpio/src/gpio.sv:198]
WARNING: [Synth 8-589] replacing case/wildcard equality operator !== with logical equality operator != [/home/mfpdsmbaa/LabCatreda/GR-HEEP/hw/vendor/x-heep/hw/vendor/pulp_platform/gpio/src/gpio.sv:202]
WARNING: [Synth 8-589] replacing case/wildcard equality operator !== with logical equality operator != [/home/mfpdsmbaa/LabCatreda/GR-HEEP/hw/vendor/x-heep/hw/vendor/pulp_platform/gpio/src/gpio.sv:213]
WARNING: [Synth 8-589] replacing case/wildcard equality operator !== with logical equality operator != [/home/mfpdsmbaa/LabCatreda/GR-HEEP/hw/vendor/x-heep/hw/vendor/pulp_platform/gpio/src/gpio.sv:163]
INFO: [Synth 8-226] default block is never used [/home/mfpdsmbaa/LabCatreda/GR-HEEP/hw/vendor/x-heep/hw/vendor/pulp_platform/gpio/src/gpio.sv:164]
WARNING: [Synth 8-589] replacing case/wildcard equality operator !== with logical equality operator != [/home/mfpdsmbaa/LabCatreda/GR-HEEP/hw/vendor/x-heep/hw/vendor/pulp_platform/gpio/src/gpio.sv:194]
WARNING: [Synth 8-589] replacing case/wildcard equality operator !== with logical equality operator != [/home/mfpdsmbaa/LabCatreda/GR-HEEP/hw/vendor/x-heep/hw/vendor/pulp_platform/gpio/src/gpio.sv:198]
WARNING: [Synth 8-589] replacing case/wildcard equality operator !== with logical equality operator != [/home/mfpdsmbaa/LabCatreda/GR-HEEP/hw/vendor/x-heep/hw/vendor/pulp_platform/gpio/src/gpio.sv:202]
WARNING: [Synth 8-589] replacing case/wildcard equality operator !== with logical equality operator != [/home/mfpdsmbaa/LabCatreda/GR-HEEP/hw/vendor/x-heep/hw/vendor/pulp_platform/gpio/src/gpio.sv:213]
WARNING: [Synth 8-589] replacing case/wildcard equality operator !== with logical equality operator != [/home/mfpdsmbaa/LabCatreda/GR-HEEP/hw/vendor/x-heep/hw/vendor/pulp_platform/gpio/src/gpio.sv:163]
INFO: [Synth 8-226] default block is never used [/home/mfpdsmbaa/LabCatreda/GR-HEEP/hw/vendor/x-heep/hw/vendor/pulp_platform/gpio/src/gpio.sv:164]
WARNING: [Synth 8-589] replacing case/wildcard equality operator !== with logical equality operator != [/home/mfpdsmbaa/LabCatreda/GR-HEEP/hw/vendor/x-heep/hw/vendor/pulp_platform/gpio/src/gpio.sv:194]
WARNING: [Synth 8-589] replacing case/wildcard equality operator !== with logical equality operator != [/home/mfpdsmbaa/LabCatreda/GR-HEEP/hw/vendor/x-heep/hw/vendor/pulp_platform/gpio/src/gpio.sv:198]
WARNING: [Synth 8-589] replacing case/wildcard equality operator !== with logical equality operator != [/home/mfpdsmbaa/LabCatreda/GR-HEEP/hw/vendor/x-heep/hw/vendor/pulp_platform/gpio/src/gpio.sv:202]
WARNING: [Synth 8-589] replacing case/wildcard equality operator !== with logical equality operator != [/home/mfpdsmbaa/LabCatreda/GR-HEEP/hw/vendor/x-heep/hw/vendor/pulp_platform/gpio/src/gpio.sv:213]
WARNING: [Synth 8-589] replacing case/wildcard equality operator !== with logical equality operator != [/home/mfpdsmbaa/LabCatreda/GR-HEEP/hw/vendor/x-heep/hw/vendor/pulp_platform/gpio/src/gpio.sv:163]
INFO: [Synth 8-226] default block is never used [/home/mfpdsmbaa/LabCatreda/GR-HEEP/hw/vendor/x-heep/hw/vendor/pulp_platform/gpio/src/gpio.sv:164]
WARNING: [Synth 8-589] replacing case/wildcard equality operator !== with logical equality operator != [/home/mfpdsmbaa/LabCatreda/GR-HEEP/hw/vendor/x-heep/hw/vendor/pulp_platform/gpio/src/gpio.sv:194]
WARNING: [Synth 8-589] replacing case/wildcard equality operator !== with logical equality operator != [/home/mfpdsmbaa/LabCatreda/GR-HEEP/hw/vendor/x-heep/hw/vendor/pulp_platform/gpio/src/gpio.sv:198]
WARNING: [Synth 8-589] replacing case/wildcard equality operator !== with logical equality operator != [/home/mfpdsmbaa/LabCatreda/GR-HEEP/hw/vendor/x-heep/hw/vendor/pulp_platform/gpio/src/gpio.sv:202]
WARNING: [Synth 8-589] replacing case/wildcard equality operator !== with logical equality operator != [/home/mfpdsmbaa/LabCatreda/GR-HEEP/hw/vendor/x-heep/hw/vendor/pulp_platform/gpio/src/gpio.sv:213]
WARNING: [Synth 8-589] replacing case/wildcard equality operator !== with logical equality operator != [/home/mfpdsmbaa/LabCatreda/GR-HEEP/hw/vendor/x-heep/hw/vendor/pulp_platform/gpio/src/gpio.sv:163]
INFO: [Synth 8-226] default block is never used [/home/mfpdsmbaa/LabCatreda/GR-HEEP/hw/vendor/x-heep/hw/vendor/pulp_platform/gpio/src/gpio.sv:164]
WARNING: [Synth 8-589] replacing case/wildcard equality operator !== with logical equality operator != [/home/mfpdsmbaa/LabCatreda/GR-HEEP/hw/vendor/x-heep/hw/vendor/pulp_platform/gpio/src/gpio.sv:194]
WARNING: [Synth 8-589] replacing case/wildcard equality operator !== with logical equality operator != [/home/mfpdsmbaa/LabCatreda/GR-HEEP/hw/vendor/x-heep/hw/vendor/pulp_platform/gpio/src/gpio.sv:198]
WARNING: [Synth 8-589] replacing case/wildcard equality operator !== with logical equality operator != [/home/mfpdsmbaa/LabCatreda/GR-HEEP/hw/vendor/x-heep/hw/vendor/pulp_platform/gpio/src/gpio.sv:202]
WARNING: [Synth 8-589] replacing case/wildcard equality operator !== with logical equality operator != [/home/mfpdsmbaa/LabCatreda/GR-HEEP/hw/vendor/x-heep/hw/vendor/pulp_platform/gpio/src/gpio.sv:213]
WARNING: [Synth 8-589] replacing case/wildcard equality operator !== with logical equality operator != [/home/mfpdsmbaa/LabCatreda/GR-HEEP/hw/vendor/x-heep/hw/vendor/pulp_platform/gpio/src/gpio.sv:163]
INFO: [Synth 8-226] default block is never used [/home/mfpdsmbaa/LabCatreda/GR-HEEP/hw/vendor/x-heep/hw/vendor/pulp_platform/gpio/src/gpio.sv:164]
WARNING: [Synth 8-589] replacing case/wildcard equality operator !== with logical equality operator != [/home/mfpdsmbaa/LabCatreda/GR-HEEP/hw/vendor/x-heep/hw/vendor/pulp_platform/gpio/src/gpio.sv:194]
WARNING: [Synth 8-589] replacing case/wildcard equality operator !== with logical equality operator != [/home/mfpdsmbaa/LabCatreda/GR-HEEP/hw/vendor/x-heep/hw/vendor/pulp_platform/gpio/src/gpio.sv:198]
WARNING: [Synth 8-589] replacing case/wildcard equality operator !== with logical equality operator != [/home/mfpdsmbaa/LabCatreda/GR-HEEP/hw/vendor/x-heep/hw/vendor/pulp_platform/gpio/src/gpio.sv:202]
WARNING: [Synth 8-589] replacing case/wildcard equality operator !== with logical equality operator != [/home/mfpdsmbaa/LabCatreda/GR-HEEP/hw/vendor/x-heep/hw/vendor/pulp_platform/gpio/src/gpio.sv:213]
WARNING: [Synth 8-589] replacing case/wildcard equality operator !== with logical equality operator != [/home/mfpdsmbaa/LabCatreda/GR-HEEP/hw/vendor/x-heep/hw/vendor/pulp_platform/gpio/src/gpio.sv:163]
INFO: [Synth 8-226] default block is never used [/home/mfpdsmbaa/LabCatreda/GR-HEEP/hw/vendor/x-heep/hw/vendor/pulp_platform/gpio/src/gpio.sv:164]
WARNING: [Synth 8-589] replacing case/wildcard equality operator !== with logical equality operator != [/home/mfpdsmbaa/LabCatreda/GR-HEEP/hw/vendor/x-heep/hw/vendor/pulp_platform/gpio/src/gpio.sv:194]
WARNING: [Synth 8-589] replacing case/wildcard equality operator !== with logical equality operator != [/home/mfpdsmbaa/LabCatreda/GR-HEEP/hw/vendor/x-heep/hw/vendor/pulp_platform/gpio/src/gpio.sv:198]
WARNING: [Synth 8-589] replacing case/wildcard equality operator !== with logical equality operator != [/home/mfpdsmbaa/LabCatreda/GR-HEEP/hw/vendor/x-heep/hw/vendor/pulp_platform/gpio/src/gpio.sv:202]
WARNING: [Synth 8-589] replacing case/wildcard equality operator !== with logical equality operator != [/home/mfpdsmbaa/LabCatreda/GR-HEEP/hw/vendor/x-heep/hw/vendor/pulp_platform/gpio/src/gpio.sv:213]
WARNING: [Synth 8-589] replacing case/wildcard equality operator !== with logical equality operator != [/home/mfpdsmbaa/LabCatreda/GR-HEEP/hw/vendor/x-heep/hw/vendor/pulp_platform/gpio/src/gpio.sv:163]
INFO: [Synth 8-226] default block is never used [/home/mfpdsmbaa/LabCatreda/GR-HEEP/hw/vendor/x-heep/hw/vendor/pulp_platform/gpio/src/gpio.sv:164]
WARNING: [Synth 8-589] replacing case/wildcard equality operator !== with logical equality operator != [/home/mfpdsmbaa/LabCatreda/GR-HEEP/hw/vendor/x-heep/hw/vendor/pulp_platform/gpio/src/gpio.sv:194]
WARNING: [Synth 8-589] replacing case/wildcard equality operator !== with logical equality operator != [/home/mfpdsmbaa/LabCatreda/GR-HEEP/hw/vendor/x-heep/hw/vendor/pulp_platform/gpio/src/gpio.sv:198]
WARNING: [Synth 8-589] replacing case/wildcard equality operator !== with logical equality operator != [/home/mfpdsmbaa/LabCatreda/GR-HEEP/hw/vendor/x-heep/hw/vendor/pulp_platform/gpio/src/gpio.sv:202]
WARNING: [Synth 8-589] replacing case/wildcard equality operator !== with logical equality operator != [/home/mfpdsmbaa/LabCatreda/GR-HEEP/hw/vendor/x-heep/hw/vendor/pulp_platform/gpio/src/gpio.sv:213]
WARNING: [Synth 8-589] replacing case/wildcard equality operator !== with logical equality operator != [/home/mfpdsmbaa/LabCatreda/GR-HEEP/hw/vendor/x-heep/hw/vendor/pulp_platform/gpio/src/gpio.sv:163]
INFO: [Synth 8-226] default block is never used [/home/mfpdsmbaa/LabCatreda/GR-HEEP/hw/vendor/x-heep/hw/vendor/pulp_platform/gpio/src/gpio.sv:164]
WARNING: [Synth 8-589] replacing case/wildcard equality operator !== with logical equality operator != [/home/mfpdsmbaa/LabCatreda/GR-HEEP/hw/vendor/x-heep/hw/vendor/pulp_platform/gpio/src/gpio.sv:194]
WARNING: [Synth 8-589] replacing case/wildcard equality operator !== with logical equality operator != [/home/mfpdsmbaa/LabCatreda/GR-HEEP/hw/vendor/x-heep/hw/vendor/pulp_platform/gpio/src/gpio.sv:198]
WARNING: [Synth 8-589] replacing case/wildcard equality operator !== with logical equality operator != [/home/mfpdsmbaa/LabCatreda/GR-HEEP/hw/vendor/x-heep/hw/vendor/pulp_platform/gpio/src/gpio.sv:202]
WARNING: [Synth 8-589] replacing case/wildcard equality operator !== with logical equality operator != [/home/mfpdsmbaa/LabCatreda/GR-HEEP/hw/vendor/x-heep/hw/vendor/pulp_platform/gpio/src/gpio.sv:213]
WARNING: [Synth 8-589] replacing case/wildcard equality operator !== with logical equality operator != [/home/mfpdsmbaa/LabCatreda/GR-HEEP/hw/vendor/x-heep/hw/vendor/pulp_platform/gpio/src/gpio.sv:163]
INFO: [Synth 8-226] default block is never used [/home/mfpdsmbaa/LabCatreda/GR-HEEP/hw/vendor/x-heep/hw/vendor/pulp_platform/gpio/src/gpio.sv:164]
WARNING: [Synth 8-589] replacing case/wildcard equality operator !== with logical equality operator != [/home/mfpdsmbaa/LabCatreda/GR-HEEP/hw/vendor/x-heep/hw/vendor/pulp_platform/gpio/src/gpio.sv:194]
WARNING: [Synth 8-589] replacing case/wildcard equality operator !== with logical equality operator != [/home/mfpdsmbaa/LabCatreda/GR-HEEP/hw/vendor/x-heep/hw/vendor/pulp_platform/gpio/src/gpio.sv:198]
WARNING: [Synth 8-589] replacing case/wildcard equality operator !== with logical equality operator != [/home/mfpdsmbaa/LabCatreda/GR-HEEP/hw/vendor/x-heep/hw/vendor/pulp_platform/gpio/src/gpio.sv:202]
WARNING: [Synth 8-589] replacing case/wildcard equality operator !== with logical equality operator != [/home/mfpdsmbaa/LabCatreda/GR-HEEP/hw/vendor/x-heep/hw/vendor/pulp_platform/gpio/src/gpio.sv:213]
WARNING: [Synth 8-589] replacing case/wildcard equality operator !== with logical equality operator != [/home/mfpdsmbaa/LabCatreda/GR-HEEP/hw/vendor/x-heep/hw/vendor/pulp_platform/gpio/src/gpio.sv:163]
INFO: [Synth 8-226] default block is never used [/home/mfpdsmbaa/LabCatreda/GR-HEEP/hw/vendor/x-heep/hw/vendor/pulp_platform/gpio/src/gpio.sv:164]
WARNING: [Synth 8-589] replacing case/wildcard equality operator !== with logical equality operator != [/home/mfpdsmbaa/LabCatreda/GR-HEEP/hw/vendor/x-heep/hw/vendor/pulp_platform/gpio/src/gpio.sv:194]
WARNING: [Synth 8-589] replacing case/wildcard equality operator !== with logical equality operator != [/home/mfpdsmbaa/LabCatreda/GR-HEEP/hw/vendor/x-heep/hw/vendor/pulp_platform/gpio/src/gpio.sv:198]
WARNING: [Synth 8-589] replacing case/wildcard equality operator !== with logical equality operator != [/home/mfpdsmbaa/LabCatreda/GR-HEEP/hw/vendor/x-heep/hw/vendor/pulp_platform/gpio/src/gpio.sv:202]
WARNING: [Synth 8-589] replacing case/wildcard equality operator !== with logical equality operator != [/home/mfpdsmbaa/LabCatreda/GR-HEEP/hw/vendor/x-heep/hw/vendor/pulp_platform/gpio/src/gpio.sv:213]
WARNING: [Synth 8-589] replacing case/wildcard equality operator !== with logical equality operator != [/home/mfpdsmbaa/LabCatreda/GR-HEEP/hw/vendor/x-heep/hw/vendor/pulp_platform/gpio/src/gpio.sv:163]
INFO: [Synth 8-226] default block is never used [/home/mfpdsmbaa/LabCatreda/GR-HEEP/hw/vendor/x-heep/hw/vendor/pulp_platform/gpio/src/gpio.sv:164]
WARNING: [Synth 8-589] replacing case/wildcard equality operator !== with logical equality operator != [/home/mfpdsmbaa/LabCatreda/GR-HEEP/hw/vendor/x-heep/hw/vendor/pulp_platform/gpio/src/gpio.sv:194]
WARNING: [Synth 8-589] replacing case/wildcard equality operator !== with logical equality operator != [/home/mfpdsmbaa/LabCatreda/GR-HEEP/hw/vendor/x-heep/hw/vendor/pulp_platform/gpio/src/gpio.sv:198]
WARNING: [Synth 8-589] replacing case/wildcard equality operator !== with logical equality operator != [/home/mfpdsmbaa/LabCatreda/GR-HEEP/hw/vendor/x-heep/hw/vendor/pulp_platform/gpio/src/gpio.sv:202]
WARNING: [Synth 8-589] replacing case/wildcard equality operator !== with logical equality operator != [/home/mfpdsmbaa/LabCatreda/GR-HEEP/hw/vendor/x-heep/hw/vendor/pulp_platform/gpio/src/gpio.sv:213]
WARNING: [Synth 8-589] replacing case/wildcard equality operator !== with logical equality operator != [/home/mfpdsmbaa/LabCatreda/GR-HEEP/hw/vendor/x-heep/hw/vendor/pulp_platform/gpio/src/gpio.sv:163]
INFO: [Synth 8-226] default block is never used [/home/mfpdsmbaa/LabCatreda/GR-HEEP/hw/vendor/x-heep/hw/vendor/pulp_platform/gpio/src/gpio.sv:164]
WARNING: [Synth 8-589] replacing case/wildcard equality operator !== with logical equality operator != [/home/mfpdsmbaa/LabCatreda/GR-HEEP/hw/vendor/x-heep/hw/vendor/pulp_platform/gpio/src/gpio.sv:194]
WARNING: [Synth 8-589] replacing case/wildcard equality operator !== with logical equality operator != [/home/mfpdsmbaa/LabCatreda/GR-HEEP/hw/vendor/x-heep/hw/vendor/pulp_platform/gpio/src/gpio.sv:198]
WARNING: [Synth 8-589] replacing case/wildcard equality operator !== with logical equality operator != [/home/mfpdsmbaa/LabCatreda/GR-HEEP/hw/vendor/x-heep/hw/vendor/pulp_platform/gpio/src/gpio.sv:202]
WARNING: [Synth 8-589] replacing case/wildcard equality operator !== with logical equality operator != [/home/mfpdsmbaa/LabCatreda/GR-HEEP/hw/vendor/x-heep/hw/vendor/pulp_platform/gpio/src/gpio.sv:213]
WARNING: [Synth 8-589] replacing case/wildcard equality operator !== with logical equality operator != [/home/mfpdsmbaa/LabCatreda/GR-HEEP/hw/vendor/x-heep/hw/vendor/pulp_platform/gpio/src/gpio.sv:163]
INFO: [Synth 8-226] default block is never used [/home/mfpdsmbaa/LabCatreda/GR-HEEP/hw/vendor/x-heep/hw/vendor/pulp_platform/gpio/src/gpio.sv:164]
WARNING: [Synth 8-589] replacing case/wildcard equality operator !== with logical equality operator != [/home/mfpdsmbaa/LabCatreda/GR-HEEP/hw/vendor/x-heep/hw/vendor/pulp_platform/gpio/src/gpio.sv:194]
WARNING: [Synth 8-589] replacing case/wildcard equality operator !== with logical equality operator != [/home/mfpdsmbaa/LabCatreda/GR-HEEP/hw/vendor/x-heep/hw/vendor/pulp_platform/gpio/src/gpio.sv:198]
WARNING: [Synth 8-589] replacing case/wildcard equality operator !== with logical equality operator != [/home/mfpdsmbaa/LabCatreda/GR-HEEP/hw/vendor/x-heep/hw/vendor/pulp_platform/gpio/src/gpio.sv:202]
WARNING: [Synth 8-589] replacing case/wildcard equality operator !== with logical equality operator != [/home/mfpdsmbaa/LabCatreda/GR-HEEP/hw/vendor/x-heep/hw/vendor/pulp_platform/gpio/src/gpio.sv:213]
WARNING: [Synth 8-589] replacing case/wildcard equality operator !== with logical equality operator != [/home/mfpdsmbaa/LabCatreda/GR-HEEP/hw/vendor/x-heep/hw/vendor/pulp_platform/gpio/src/gpio.sv:163]
INFO: [Synth 8-226] default block is never used [/home/mfpdsmbaa/LabCatreda/GR-HEEP/hw/vendor/x-heep/hw/vendor/pulp_platform/gpio/src/gpio.sv:164]
WARNING: [Synth 8-589] replacing case/wildcard equality operator !== with logical equality operator != [/home/mfpdsmbaa/LabCatreda/GR-HEEP/hw/vendor/x-heep/hw/vendor/pulp_platform/gpio/src/gpio.sv:194]
WARNING: [Synth 8-589] replacing case/wildcard equality operator !== with logical equality operator != [/home/mfpdsmbaa/LabCatreda/GR-HEEP/hw/vendor/x-heep/hw/vendor/pulp_platform/gpio/src/gpio.sv:198]
WARNING: [Synth 8-589] replacing case/wildcard equality operator !== with logical equality operator != [/home/mfpdsmbaa/LabCatreda/GR-HEEP/hw/vendor/x-heep/hw/vendor/pulp_platform/gpio/src/gpio.sv:202]
WARNING: [Synth 8-589] replacing case/wildcard equality operator !== with logical equality operator != [/home/mfpdsmbaa/LabCatreda/GR-HEEP/hw/vendor/x-heep/hw/vendor/pulp_platform/gpio/src/gpio.sv:213]
WARNING: [Synth 8-589] replacing case/wildcard equality operator !== with logical equality operator != [/home/mfpdsmbaa/LabCatreda/GR-HEEP/hw/vendor/x-heep/hw/vendor/pulp_platform/gpio/src/gpio.sv:163]
INFO: [Synth 8-226] default block is never used [/home/mfpdsmbaa/LabCatreda/GR-HEEP/hw/vendor/x-heep/hw/vendor/pulp_platform/gpio/src/gpio.sv:164]
WARNING: [Synth 8-589] replacing case/wildcard equality operator !== with logical equality operator != [/home/mfpdsmbaa/LabCatreda/GR-HEEP/hw/vendor/x-heep/hw/vendor/pulp_platform/gpio/src/gpio.sv:194]
WARNING: [Synth 8-589] replacing case/wildcard equality operator !== with logical equality operator != [/home/mfpdsmbaa/LabCatreda/GR-HEEP/hw/vendor/x-heep/hw/vendor/pulp_platform/gpio/src/gpio.sv:198]
WARNING: [Synth 8-589] replacing case/wildcard equality operator !== with logical equality operator != [/home/mfpdsmbaa/LabCatreda/GR-HEEP/hw/vendor/x-heep/hw/vendor/pulp_platform/gpio/src/gpio.sv:202]
WARNING: [Synth 8-589] replacing case/wildcard equality operator !== with logical equality operator != [/home/mfpdsmbaa/LabCatreda/GR-HEEP/hw/vendor/x-heep/hw/vendor/pulp_platform/gpio/src/gpio.sv:213]
INFO: [Common 17-14] Message 'Synth 8-589' appears 100 times and further instances of the messages will be disabled. Use the Tcl command set_msg_config to change the current settings.
INFO: [Synth 8-226] default block is never used [/home/mfpdsmbaa/LabCatreda/GR-HEEP/hw/vendor/x-heep/hw/vendor/pulp_platform/gpio/src/gpio.sv:164]
INFO: [Synth 8-226] default block is never used [/home/mfpdsmbaa/LabCatreda/GR-HEEP/hw/vendor/x-heep/hw/vendor/pulp_platform/gpio/src/gpio.sv:164]
INFO: [Synth 8-226] default block is never used [/home/mfpdsmbaa/LabCatreda/GR-HEEP/hw/vendor/x-heep/hw/vendor/pulp_platform/gpio/src/gpio.sv:164]
INFO: [Synth 8-226] default block is never used [/home/mfpdsmbaa/LabCatreda/GR-HEEP/hw/vendor/x-heep/hw/vendor/pulp_platform/gpio/src/gpio.sv:164]
INFO: [Synth 8-226] default block is never used [/home/mfpdsmbaa/LabCatreda/GR-HEEP/hw/vendor/x-heep/hw/vendor/pulp_platform/gpio/src/gpio.sv:164]
INFO: [Synth 8-226] default block is never used [/home/mfpdsmbaa/LabCatreda/GR-HEEP/hw/vendor/x-heep/hw/vendor/pulp_platform/gpio/src/gpio.sv:164]
INFO: [Synth 8-226] default block is never used [/home/mfpdsmbaa/LabCatreda/GR-HEEP/hw/vendor/x-heep/hw/vendor/pulp_platform/gpio/src/gpio.sv:164]
INFO: [Synth 8-226] default block is never used [/home/mfpdsmbaa/LabCatreda/GR-HEEP/hw/vendor/x-heep/hw/vendor/pulp_platform/gpio/src/gpio.sv:164]
INFO: [Synth 8-226] default block is never used [/home/mfpdsmbaa/LabCatreda/GR-HEEP/hw/vendor/x-heep/hw/vendor/pulp_platform/gpio/src/gpio.sv:164]
INFO: [Synth 8-226] default block is never used [/home/mfpdsmbaa/LabCatreda/GR-HEEP/hw/vendor/x-heep/hw/vendor/pulp_platform/gpio/src/gpio.sv:164]
INFO: [Synth 8-226] default block is never used [/home/mfpdsmbaa/LabCatreda/GR-HEEP/hw/vendor/x-heep/hw/vendor/pulp_platform/gpio/src/gpio.sv:164]
INFO: [Synth 8-226] default block is never used [/home/mfpdsmbaa/LabCatreda/GR-HEEP/hw/vendor/x-heep/hw/vendor/pulp_platform/gpio/src/gpio.sv:164]
	Parameter DW bound to: 32'b00000000000000000000000000001010 
	Parameter NoIndices bound to: 32'b00000000000000000000000000001001 
	Parameter NoRules bound to: 32'b00000000000000000000000000001001 
	Parameter NoIndices bound to: 32'b00000000000000000000000000001001 
	Parameter NoRules bound to: 32'b00000000000000000000000000001001 
	Parameter Napot bound to: 1'b0 
	Parameter NoPorts bound to: 32'b00000000000000000000000000001001 
	Parameter N_SOURCE bound to: 32'sb00000000000000000000000001000000 
	Parameter MAX_PRIO bound to: 32'sb00000000000000000000000000000111 
	Parameter N_SOURCE bound to: 32'sb00000000000000000000000001000000 
	Parameter DW bound to: 32'sb00000000000000000000000000000011 
	Parameter SWACCESS bound to: RW - type: string 
	Parameter RESVAL bound to: 3'b000 
	Parameter DW bound to: 32'sb00000000000000000000000000000011 
	Parameter SWACCESS bound to: RW - type: string 
	Parameter DW bound to: 32'b00000000000000000000000000000110 
	Parameter EnableDataIntgGen bound to: 1'b0 
	Parameter RegAw bound to: 32'sb00000000000000000000000000000111 
	Parameter RegDw bound to: 32'sb00000000000000000000000000100000 
	Parameter DW bound to: 32'b00000000000000000000000000001000 
	Parameter DW bound to: 32'sb00000000000000000000000000001000 
	Parameter SWACCESS bound to: WO - type: string 
	Parameter RESVAL bound to: 8'b00000000 
	Parameter DW bound to: 32'sb00000000000000000000000000001000 
	Parameter SWACCESS bound to: WO - type: string 
	Parameter DW bound to: 32'sb00000000000000000000000000000001 
	Parameter SWACCESS bound to: WO - type: string 
	Parameter RESVAL bound to: 1'b0 
	Parameter DW bound to: 32'sb00000000000000000000000000000001 
	Parameter SWACCESS bound to: WO - type: string 
	Parameter DW bound to: 32'b00000000000000000000000000010000 
	Parameter DW bound to: 32'sb00000000000000000000000000011111 
	Parameter SWACCESS bound to: RW - type: string 
	Parameter RESVAL bound to: 31'b0000000000000000000000000000000 
	Parameter DW bound to: 32'sb00000000000000000000000000011111 
	Parameter SWACCESS bound to: RW - type: string 
	Parameter DW bound to: 32'sb00000000000000000000000000000111 
	Parameter SWACCESS bound to: RW - type: string 
	Parameter RESVAL bound to: 7'b0000000 
	Parameter DW bound to: 32'sb00000000000000000000000000000111 
	Parameter SWACCESS bound to: RW - type: string 
	Parameter Width bound to: 32'b00000000000000000000000000001101 
	Parameter Pass bound to: 1'b1 
	Parameter Depth bound to: 32'b00000000000000000000000000100000 
	Parameter Width bound to: 32'b00000000000000000000000000001000 
	Parameter Pass bound to: 1'b0 
	Parameter Depth bound to: 32'b00000000000000000000000000100000 
	Parameter Width bound to: 32'b00000000000000000000000000001000 
	Parameter Pass bound to: 1'b1 
	Parameter Depth bound to: 32'b00000000000000000000000000100000 
	Parameter Width bound to: 32'b00000000000000000000000000001010 
	Parameter Pass bound to: 1'b0 
	Parameter Depth bound to: 32'b00000000000000000000000000100000 
	Parameter DIV_VALUE_WIDTH bound to: 15 - type: integer 
	Parameter DEFAULT_DIV_VALUE bound to: 32'b00000000000000000000000000000010 
	Parameter IS_FUNCTIONAL bound to: 1'b1 
	Parameter MAX_STAGE_CIC bound to: 6 - type: integer 
	Parameter WIDTH bound to: 18 - type: integer 
	Parameter DECIM_COMBS_CNT_W bound to: 4 - type: integer 
	Parameter DELAYCOMBWIDTH bound to: 4 - type: integer 
	Parameter MAX_STAGE_CIC bound to: 6 - type: integer 
	Parameter WIDTH bound to: 18 - type: integer 
	Parameter WIDTH bound to: 18 - type: integer 
	Parameter COUNTER_WIDTH bound to: 4 - type: integer 
	Parameter MAX_STAGE_CIC bound to: 6 - type: integer 
	Parameter WIDTH bound to: 18 - type: integer 
	Parameter DELAYCOMBWIDTH bound to: 4 - type: integer 
	Parameter WIDTH bound to: 18 - type: integer 
	Parameter DELAYCOMBWIDTH bound to: 4 - type: integer 
	Parameter LOG_DEPTH bound to: 32'sb00000000000000000000000000000010 
	Parameter LOG_DEPTH bound to: 32'sb00000000000000000000000000000010 
	Parameter N bound to: 32'sb00000000000000000000000000000011 
	Parameter N bound to: 32'sb00000000000000000000000000000011 
	Parameter LOG_DEPTH bound to: 32'sb00000000000000000000000000000010 
	Parameter Bypass bound to: 1'b0 
	Parameter NoPorts bound to: 32'b00000000000000000000000000000010 
WARNING: [Synth 8-4446] all outputs are unconnected for this instance and logic may be removed [/home/mfpdsmbaa/LabCatreda/GR-HEEP/hw/vendor/x-heep/hw/vendor/xheep/i2s/rtl/i2s.sv:75]
WARNING: [Synth 8-4446] all outputs are unconnected for this instance and logic may be removed [/home/mfpdsmbaa/LabCatreda/GR-HEEP/hw/vendor/x-heep/hw/vendor/xheep/i2s/rtl/i2s.sv:76]
	Parameter DW bound to: 32'sb00000000000000000000000000000010 
	Parameter SWACCESS bound to: RW - type: string 
	Parameter RESVAL bound to: 2'b11 
	Parameter DW bound to: 32'sb00000000000000000000000000010000 
	Parameter SWACCESS bound to: RW - type: string 
	Parameter RESVAL bound to: 16'b0000000000000100 
	Parameter DW bound to: 32'b00000000000000000000000000100000 
	Parameter MaxWordWidth bound to: 32 - type: integer 
	Parameter ClkDividerWidth bound to: 16 - type: integer 
	Parameter DIV_VALUE_WIDTH bound to: 16 - type: integer 
	Parameter DEFAULT_DIV_VALUE bound to: 32'b00000000000000000000000000000010 
	Parameter MaxWordWidth bound to: 32 - type: integer 
	Parameter MaxWordWidth bound to: 32 - type: integer 
	Parameter LOG_DEPTH bound to: 32'sb00000000000000000000000000000010 
	Parameter LOG_DEPTH bound to: 32'sb00000000000000000000000000000010 
	Parameter LOG_DEPTH bound to: 32'sb00000000000000000000000000000010 
	Parameter WIDTH bound to: 32'b00000000000000000000000000010000 
	Parameter EnableDataIntgGen bound to: 1'b0 
	Parameter RegAw bound to: 32'sb00000000000000000000000000000110 
	Parameter RegDw bound to: 32'sb00000000000000000000000000100000 
	Parameter DW bound to: 32'sb00000000000000000000000000011000 
	Parameter SWACCESS bound to: RW - type: string 
	Parameter RESVAL bound to: 24'b000000000000000000000000 
	Parameter DW bound to: 32'sb00000000000000000000000000011000 
	Parameter SWACCESS bound to: RW - type: string 
INFO: [Synth 8-226] default block is never used [/home/mfpdsmbaa/LabCatreda/GR-HEEP/hw/vendor/x-heep/hw/vendor/lowrisc/opentitan/hw/ip/uart/rtl/uart_core.sv:115]
	Parameter PADATTR bound to: 8 - type: integer 
	Parameter PADATTR bound to: 8 - type: integer 
	Parameter PADATTR bound to: 8 - type: integer 
INFO: [Synth 8-226] default block is never used [/home/mfpdsmbaa/LabCatreda/GR-HEEP/hw/gr-heep/gr_heep.sv:884]
INFO: [Synth 8-226] default block is never used [/home/mfpdsmbaa/LabCatreda/GR-HEEP/hw/gr-heep/gr_heep.sv:907]
INFO: [Synth 8-226] default block is never used [/home/mfpdsmbaa/LabCatreda/GR-HEEP/hw/gr-heep/gr_heep.sv:930]
INFO: [Synth 8-226] default block is never used [/home/mfpdsmbaa/LabCatreda/GR-HEEP/hw/gr-heep/gr_heep.sv:953]
INFO: [Synth 8-226] default block is never used [/home/mfpdsmbaa/LabCatreda/GR-HEEP/hw/gr-heep/gr_heep.sv:976]
INFO: [Synth 8-226] default block is never used [/home/mfpdsmbaa/LabCatreda/GR-HEEP/hw/gr-heep/gr_heep.sv:999]
INFO: [Synth 8-226] default block is never used [/home/mfpdsmbaa/LabCatreda/GR-HEEP/hw/gr-heep/gr_heep.sv:1022]
INFO: [Synth 8-226] default block is never used [/home/mfpdsmbaa/LabCatreda/GR-HEEP/hw/gr-heep/gr_heep.sv:1045]
INFO: [Synth 8-226] default block is never used [/home/mfpdsmbaa/LabCatreda/GR-HEEP/hw/gr-heep/gr_heep.sv:1068]
INFO: [Synth 8-226] default block is never used [/home/mfpdsmbaa/LabCatreda/GR-HEEP/hw/gr-heep/gr_heep.sv:1091]
INFO: [Synth 8-226] default block is never used [/home/mfpdsmbaa/LabCatreda/GR-HEEP/hw/gr-heep/gr_heep.sv:1114]
INFO: [Synth 8-226] default block is never used [/home/mfpdsmbaa/LabCatreda/GR-HEEP/hw/gr-heep/gr_heep.sv:1137]
INFO: [Synth 8-226] default block is never used [/home/mfpdsmbaa/LabCatreda/GR-HEEP/hw/gr-heep/gr_heep.sv:1160]
INFO: [Synth 8-226] default block is never used [/home/mfpdsmbaa/LabCatreda/GR-HEEP/hw/gr-heep/gr_heep.sv:1183]
INFO: [Synth 8-226] default block is never used [/home/mfpdsmbaa/LabCatreda/GR-HEEP/hw/gr-heep/gr_heep.sv:1206]
INFO: [Synth 8-226] default block is never used [/home/mfpdsmbaa/LabCatreda/GR-HEEP/hw/gr-heep/gr_heep.sv:1229]
INFO: [Synth 8-226] default block is never used [/home/mfpdsmbaa/LabCatreda/GR-HEEP/hw/gr-heep/gr_heep.sv:1252]
INFO: [Synth 8-226] default block is never used [/home/mfpdsmbaa/LabCatreda/GR-HEEP/hw/gr-heep/gr_heep.sv:1275]
INFO: [Synth 8-226] default block is never used [/home/mfpdsmbaa/LabCatreda/GR-HEEP/hw/gr-heep/gr_heep.sv:1298]
INFO: [Synth 8-226] default block is never used [/home/mfpdsmbaa/LabCatreda/GR-HEEP/hw/gr-heep/gr_heep.sv:1321]
INFO: [Synth 8-226] default block is never used [/home/mfpdsmbaa/LabCatreda/GR-HEEP/hw/gr-heep/gr_heep.sv:1344]
INFO: [Synth 8-226] default block is never used [/home/mfpdsmbaa/LabCatreda/GR-HEEP/hw/gr-heep/gr_heep.sv:1367]
INFO: [Synth 8-226] default block is never used [/home/mfpdsmbaa/LabCatreda/GR-HEEP/hw/gr-heep/gr_heep.sv:1390]
INFO: [Synth 8-226] default block is never used [/home/mfpdsmbaa/LabCatreda/GR-HEEP/hw/gr-heep/gr_heep.sv:1413]
INFO: [Synth 8-226] default block is never used [/home/mfpdsmbaa/LabCatreda/GR-HEEP/hw/gr-heep/gr_heep.sv:1436]
INFO: [Synth 8-226] default block is never used [/home/mfpdsmbaa/LabCatreda/GR-HEEP/hw/gr-heep/gr_heep.sv:1459]
	Parameter NUM_PAD bound to: 61 - type: integer 
WARNING: [Synth 8-689] width (32) of port connection 'exit_value_o' does not match port width (1) of module 'gr_heep' [/home/mfpdsmbaa/LabCatreda/GR-HEEP/hw/fpga_ext/xilinx_gr_heep_wrapper.sv:171]
WARNING: [Synth 8-6014] Unused sequential element p_elw_busy_q_reg was removed.  [/home/mfpdsmbaa/LabCatreda/GR-HEEP/hw/vendor/x-heep/hw/vendor/xheep/cv32e40px/rtl/cv32e40px_sleep_unit.sv:141]
WARNING: [Synth 8-6014] Unused sequential element gen_mcounteren[0].gen_non_implemented.mcounteren_q_reg was removed.  [/home/mfpdsmbaa/LabCatreda/GR-HEEP/hw/vendor/x-heep/hw/vendor/xheep/cv32e40px/rtl/cv32e40px_cs_registers.sv:1511]
WARNING: [Synth 8-6014] Unused sequential element gen_mcounteren[1].gen_non_implemented.mcounteren_q_reg was removed.  [/home/mfpdsmbaa/LabCatreda/GR-HEEP/hw/vendor/x-heep/hw/vendor/xheep/cv32e40px/rtl/cv32e40px_cs_registers.sv:1511]
WARNING: [Synth 8-6014] Unused sequential element gen_mcounteren[2].gen_non_implemented.mcounteren_q_reg was removed.  [/home/mfpdsmbaa/LabCatreda/GR-HEEP/hw/vendor/x-heep/hw/vendor/xheep/cv32e40px/rtl/cv32e40px_cs_registers.sv:1511]
WARNING: [Synth 8-6014] Unused sequential element gen_mcounteren[3].gen_non_implemented.mcounteren_q_reg was removed.  [/home/mfpdsmbaa/LabCatreda/GR-HEEP/hw/vendor/x-heep/hw/vendor/xheep/cv32e40px/rtl/cv32e40px_cs_registers.sv:1511]
WARNING: [Synth 8-6014] Unused sequential element gen_mcounteren[4].gen_non_implemented.mcounteren_q_reg was removed.  [/home/mfpdsmbaa/LabCatreda/GR-HEEP/hw/vendor/x-heep/hw/vendor/xheep/cv32e40px/rtl/cv32e40px_cs_registers.sv:1511]
WARNING: [Synth 8-6014] Unused sequential element gen_mcounteren[5].gen_non_implemented.mcounteren_q_reg was removed.  [/home/mfpdsmbaa/LabCatreda/GR-HEEP/hw/vendor/x-heep/hw/vendor/xheep/cv32e40px/rtl/cv32e40px_cs_registers.sv:1511]
WARNING: [Synth 8-6014] Unused sequential element gen_mcounteren[6].gen_non_implemented.mcounteren_q_reg was removed.  [/home/mfpdsmbaa/LabCatreda/GR-HEEP/hw/vendor/x-heep/hw/vendor/xheep/cv32e40px/rtl/cv32e40px_cs_registers.sv:1511]
WARNING: [Synth 8-6014] Unused sequential element gen_mcounteren[7].gen_non_implemented.mcounteren_q_reg was removed.  [/home/mfpdsmbaa/LabCatreda/GR-HEEP/hw/vendor/x-heep/hw/vendor/xheep/cv32e40px/rtl/cv32e40px_cs_registers.sv:1511]
WARNING: [Synth 8-6014] Unused sequential element gen_mcounteren[8].gen_non_implemented.mcounteren_q_reg was removed.  [/home/mfpdsmbaa/LabCatreda/GR-HEEP/hw/vendor/x-heep/hw/vendor/xheep/cv32e40px/rtl/cv32e40px_cs_registers.sv:1511]
WARNING: [Synth 8-6014] Unused sequential element gen_mcounteren[9].gen_non_implemented.mcounteren_q_reg was removed.  [/home/mfpdsmbaa/LabCatreda/GR-HEEP/hw/vendor/x-heep/hw/vendor/xheep/cv32e40px/rtl/cv32e40px_cs_registers.sv:1511]
WARNING: [Synth 8-6014] Unused sequential element gen_mcounteren[10].gen_non_implemented.mcounteren_q_reg was removed.  [/home/mfpdsmbaa/LabCatreda/GR-HEEP/hw/vendor/x-heep/hw/vendor/xheep/cv32e40px/rtl/cv32e40px_cs_registers.sv:1511]
WARNING: [Synth 8-6014] Unused sequential element gen_mcounteren[11].gen_non_implemented.mcounteren_q_reg was removed.  [/home/mfpdsmbaa/LabCatreda/GR-HEEP/hw/vendor/x-heep/hw/vendor/xheep/cv32e40px/rtl/cv32e40px_cs_registers.sv:1511]
WARNING: [Synth 8-6014] Unused sequential element gen_mcounteren[12].gen_non_implemented.mcounteren_q_reg was removed.  [/home/mfpdsmbaa/LabCatreda/GR-HEEP/hw/vendor/x-heep/hw/vendor/xheep/cv32e40px/rtl/cv32e40px_cs_registers.sv:1511]
WARNING: [Synth 8-6014] Unused sequential element gen_mcounteren[13].gen_non_implemented.mcounteren_q_reg was removed.  [/home/mfpdsmbaa/LabCatreda/GR-HEEP/hw/vendor/x-heep/hw/vendor/xheep/cv32e40px/rtl/cv32e40px_cs_registers.sv:1511]
WARNING: [Synth 8-6014] Unused sequential element gen_mcounteren[14].gen_non_implemented.mcounteren_q_reg was removed.  [/home/mfpdsmbaa/LabCatreda/GR-HEEP/hw/vendor/x-heep/hw/vendor/xheep/cv32e40px/rtl/cv32e40px_cs_registers.sv:1511]
WARNING: [Synth 8-6014] Unused sequential element gen_mcounteren[15].gen_non_implemented.mcounteren_q_reg was removed.  [/home/mfpdsmbaa/LabCatreda/GR-HEEP/hw/vendor/x-heep/hw/vendor/xheep/cv32e40px/rtl/cv32e40px_cs_registers.sv:1511]
WARNING: [Synth 8-6014] Unused sequential element gen_mcounteren[16].gen_non_implemented.mcounteren_q_reg was removed.  [/home/mfpdsmbaa/LabCatreda/GR-HEEP/hw/vendor/x-heep/hw/vendor/xheep/cv32e40px/rtl/cv32e40px_cs_registers.sv:1511]
WARNING: [Synth 8-6014] Unused sequential element gen_mcounteren[17].gen_non_implemented.mcounteren_q_reg was removed.  [/home/mfpdsmbaa/LabCatreda/GR-HEEP/hw/vendor/x-heep/hw/vendor/xheep/cv32e40px/rtl/cv32e40px_cs_registers.sv:1511]
WARNING: [Synth 8-6014] Unused sequential element gen_mcounteren[18].gen_non_implemented.mcounteren_q_reg was removed.  [/home/mfpdsmbaa/LabCatreda/GR-HEEP/hw/vendor/x-heep/hw/vendor/xheep/cv32e40px/rtl/cv32e40px_cs_registers.sv:1511]
WARNING: [Synth 8-6014] Unused sequential element gen_mcounteren[19].gen_non_implemented.mcounteren_q_reg was removed.  [/home/mfpdsmbaa/LabCatreda/GR-HEEP/hw/vendor/x-heep/hw/vendor/xheep/cv32e40px/rtl/cv32e40px_cs_registers.sv:1511]
WARNING: [Synth 8-6014] Unused sequential element gen_mcounteren[20].gen_non_implemented.mcounteren_q_reg was removed.  [/home/mfpdsmbaa/LabCatreda/GR-HEEP/hw/vendor/x-heep/hw/vendor/xheep/cv32e40px/rtl/cv32e40px_cs_registers.sv:1511]
WARNING: [Synth 8-6014] Unused sequential element gen_mcounteren[21].gen_non_implemented.mcounteren_q_reg was removed.  [/home/mfpdsmbaa/LabCatreda/GR-HEEP/hw/vendor/x-heep/hw/vendor/xheep/cv32e40px/rtl/cv32e40px_cs_registers.sv:1511]
WARNING: [Synth 8-6014] Unused sequential element gen_mcounteren[22].gen_non_implemented.mcounteren_q_reg was removed.  [/home/mfpdsmbaa/LabCatreda/GR-HEEP/hw/vendor/x-heep/hw/vendor/xheep/cv32e40px/rtl/cv32e40px_cs_registers.sv:1511]
WARNING: [Synth 8-6014] Unused sequential element gen_mcounteren[23].gen_non_implemented.mcounteren_q_reg was removed.  [/home/mfpdsmbaa/LabCatreda/GR-HEEP/hw/vendor/x-heep/hw/vendor/xheep/cv32e40px/rtl/cv32e40px_cs_registers.sv:1511]
WARNING: [Synth 8-6014] Unused sequential element gen_mcounteren[24].gen_non_implemented.mcounteren_q_reg was removed.  [/home/mfpdsmbaa/LabCatreda/GR-HEEP/hw/vendor/x-heep/hw/vendor/xheep/cv32e40px/rtl/cv32e40px_cs_registers.sv:1511]
WARNING: [Synth 8-6014] Unused sequential element gen_mcounteren[25].gen_non_implemented.mcounteren_q_reg was removed.  [/home/mfpdsmbaa/LabCatreda/GR-HEEP/hw/vendor/x-heep/hw/vendor/xheep/cv32e40px/rtl/cv32e40px_cs_registers.sv:1511]
WARNING: [Synth 8-6014] Unused sequential element gen_mcounteren[26].gen_non_implemented.mcounteren_q_reg was removed.  [/home/mfpdsmbaa/LabCatreda/GR-HEEP/hw/vendor/x-heep/hw/vendor/xheep/cv32e40px/rtl/cv32e40px_cs_registers.sv:1511]
WARNING: [Synth 8-6014] Unused sequential element gen_mcounteren[27].gen_non_implemented.mcounteren_q_reg was removed.  [/home/mfpdsmbaa/LabCatreda/GR-HEEP/hw/vendor/x-heep/hw/vendor/xheep/cv32e40px/rtl/cv32e40px_cs_registers.sv:1511]
WARNING: [Synth 8-6014] Unused sequential element gen_mcounteren[28].gen_non_implemented.mcounteren_q_reg was removed.  [/home/mfpdsmbaa/LabCatreda/GR-HEEP/hw/vendor/x-heep/hw/vendor/xheep/cv32e40px/rtl/cv32e40px_cs_registers.sv:1511]
WARNING: [Synth 8-6014] Unused sequential element gen_mcounteren[29].gen_non_implemented.mcounteren_q_reg was removed.  [/home/mfpdsmbaa/LabCatreda/GR-HEEP/hw/vendor/x-heep/hw/vendor/xheep/cv32e40px/rtl/cv32e40px_cs_registers.sv:1511]
WARNING: [Synth 8-6014] Unused sequential element gen_mcounteren[30].gen_non_implemented.mcounteren_q_reg was removed.  [/home/mfpdsmbaa/LabCatreda/GR-HEEP/hw/vendor/x-heep/hw/vendor/xheep/cv32e40px/rtl/cv32e40px_cs_registers.sv:1511]
WARNING: [Synth 8-6014] Unused sequential element gen_mcounteren[31].gen_non_implemented.mcounteren_q_reg was removed.  [/home/mfpdsmbaa/LabCatreda/GR-HEEP/hw/vendor/x-heep/hw/vendor/xheep/cv32e40px/rtl/cv32e40px_cs_registers.sv:1511]
WARNING: [Synth 8-6014] Unused sequential element gen_mhpmcounter[4].gen_non_implemented.mhpmcounter_q_reg[4] was removed.  [/home/mfpdsmbaa/LabCatreda/GR-HEEP/hw/vendor/x-heep/hw/vendor/xheep/cv32e40px/rtl/cv32e40px_cs_registers.sv:1462]
WARNING: [Synth 8-6014] Unused sequential element gen_mhpmcounter[5].gen_non_implemented.mhpmcounter_q_reg[5] was removed.  [/home/mfpdsmbaa/LabCatreda/GR-HEEP/hw/vendor/x-heep/hw/vendor/xheep/cv32e40px/rtl/cv32e40px_cs_registers.sv:1462]
WARNING: [Synth 8-6014] Unused sequential element gen_mhpmcounter[6].gen_non_implemented.mhpmcounter_q_reg[6] was removed.  [/home/mfpdsmbaa/LabCatreda/GR-HEEP/hw/vendor/x-heep/hw/vendor/xheep/cv32e40px/rtl/cv32e40px_cs_registers.sv:1462]
WARNING: [Synth 8-6014] Unused sequential element gen_mhpmcounter[7].gen_non_implemented.mhpmcounter_q_reg[7] was removed.  [/home/mfpdsmbaa/LabCatreda/GR-HEEP/hw/vendor/x-heep/hw/vendor/xheep/cv32e40px/rtl/cv32e40px_cs_registers.sv:1462]
WARNING: [Synth 8-6014] Unused sequential element gen_mhpmcounter[8].gen_non_implemented.mhpmcounter_q_reg[8] was removed.  [/home/mfpdsmbaa/LabCatreda/GR-HEEP/hw/vendor/x-heep/hw/vendor/xheep/cv32e40px/rtl/cv32e40px_cs_registers.sv:1462]
WARNING: [Synth 8-6014] Unused sequential element gen_mhpmcounter[9].gen_non_implemented.mhpmcounter_q_reg[9] was removed.  [/home/mfpdsmbaa/LabCatreda/GR-HEEP/hw/vendor/x-heep/hw/vendor/xheep/cv32e40px/rtl/cv32e40px_cs_registers.sv:1462]
WARNING: [Synth 8-6014] Unused sequential element gen_mhpmcounter[10].gen_non_implemented.mhpmcounter_q_reg[10] was removed.  [/home/mfpdsmbaa/LabCatreda/GR-HEEP/hw/vendor/x-heep/hw/vendor/xheep/cv32e40px/rtl/cv32e40px_cs_registers.sv:1462]
WARNING: [Synth 8-6014] Unused sequential element gen_mhpmcounter[11].gen_non_implemented.mhpmcounter_q_reg[11] was removed.  [/home/mfpdsmbaa/LabCatreda/GR-HEEP/hw/vendor/x-heep/hw/vendor/xheep/cv32e40px/rtl/cv32e40px_cs_registers.sv:1462]
WARNING: [Synth 8-6014] Unused sequential element gen_mhpmcounter[12].gen_non_implemented.mhpmcounter_q_reg[12] was removed.  [/home/mfpdsmbaa/LabCatreda/GR-HEEP/hw/vendor/x-heep/hw/vendor/xheep/cv32e40px/rtl/cv32e40px_cs_registers.sv:1462]
WARNING: [Synth 8-6014] Unused sequential element gen_mhpmcounter[13].gen_non_implemented.mhpmcounter_q_reg[13] was removed.  [/home/mfpdsmbaa/LabCatreda/GR-HEEP/hw/vendor/x-heep/hw/vendor/xheep/cv32e40px/rtl/cv32e40px_cs_registers.sv:1462]
WARNING: [Synth 8-6014] Unused sequential element gen_mhpmcounter[14].gen_non_implemented.mhpmcounter_q_reg[14] was removed.  [/home/mfpdsmbaa/LabCatreda/GR-HEEP/hw/vendor/x-heep/hw/vendor/xheep/cv32e40px/rtl/cv32e40px_cs_registers.sv:1462]
WARNING: [Synth 8-6014] Unused sequential element gen_mhpmcounter[15].gen_non_implemented.mhpmcounter_q_reg[15] was removed.  [/home/mfpdsmbaa/LabCatreda/GR-HEEP/hw/vendor/x-heep/hw/vendor/xheep/cv32e40px/rtl/cv32e40px_cs_registers.sv:1462]
WARNING: [Synth 8-6014] Unused sequential element gen_mhpmcounter[16].gen_non_implemented.mhpmcounter_q_reg[16] was removed.  [/home/mfpdsmbaa/LabCatreda/GR-HEEP/hw/vendor/x-heep/hw/vendor/xheep/cv32e40px/rtl/cv32e40px_cs_registers.sv:1462]
WARNING: [Synth 8-6014] Unused sequential element gen_mhpmcounter[17].gen_non_implemented.mhpmcounter_q_reg[17] was removed.  [/home/mfpdsmbaa/LabCatreda/GR-HEEP/hw/vendor/x-heep/hw/vendor/xheep/cv32e40px/rtl/cv32e40px_cs_registers.sv:1462]
WARNING: [Synth 8-6014] Unused sequential element gen_mhpmcounter[18].gen_non_implemented.mhpmcounter_q_reg[18] was removed.  [/home/mfpdsmbaa/LabCatreda/GR-HEEP/hw/vendor/x-heep/hw/vendor/xheep/cv32e40px/rtl/cv32e40px_cs_registers.sv:1462]
WARNING: [Synth 8-6014] Unused sequential element gen_mhpmcounter[19].gen_non_implemented.mhpmcounter_q_reg[19] was removed.  [/home/mfpdsmbaa/LabCatreda/GR-HEEP/hw/vendor/x-heep/hw/vendor/xheep/cv32e40px/rtl/cv32e40px_cs_registers.sv:1462]
WARNING: [Synth 8-6014] Unused sequential element gen_mhpmcounter[20].gen_non_implemented.mhpmcounter_q_reg[20] was removed.  [/home/mfpdsmbaa/LabCatreda/GR-HEEP/hw/vendor/x-heep/hw/vendor/xheep/cv32e40px/rtl/cv32e40px_cs_registers.sv:1462]
WARNING: [Synth 8-6014] Unused sequential element gen_mhpmcounter[21].gen_non_implemented.mhpmcounter_q_reg[21] was removed.  [/home/mfpdsmbaa/LabCatreda/GR-HEEP/hw/vendor/x-heep/hw/vendor/xheep/cv32e40px/rtl/cv32e40px_cs_registers.sv:1462]
WARNING: [Synth 8-6014] Unused sequential element gen_mhpmcounter[22].gen_non_implemented.mhpmcounter_q_reg[22] was removed.  [/home/mfpdsmbaa/LabCatreda/GR-HEEP/hw/vendor/x-heep/hw/vendor/xheep/cv32e40px/rtl/cv32e40px_cs_registers.sv:1462]
WARNING: [Synth 8-6014] Unused sequential element gen_mhpmcounter[23].gen_non_implemented.mhpmcounter_q_reg[23] was removed.  [/home/mfpdsmbaa/LabCatreda/GR-HEEP/hw/vendor/x-heep/hw/vendor/xheep/cv32e40px/rtl/cv32e40px_cs_registers.sv:1462]
WARNING: [Synth 8-6014] Unused sequential element gen_mhpmcounter[24].gen_non_implemented.mhpmcounter_q_reg[24] was removed.  [/home/mfpdsmbaa/LabCatreda/GR-HEEP/hw/vendor/x-heep/hw/vendor/xheep/cv32e40px/rtl/cv32e40px_cs_registers.sv:1462]
WARNING: [Synth 8-6014] Unused sequential element gen_mhpmcounter[25].gen_non_implemented.mhpmcounter_q_reg[25] was removed.  [/home/mfpdsmbaa/LabCatreda/GR-HEEP/hw/vendor/x-heep/hw/vendor/xheep/cv32e40px/rtl/cv32e40px_cs_registers.sv:1462]
WARNING: [Synth 8-6014] Unused sequential element gen_mhpmcounter[26].gen_non_implemented.mhpmcounter_q_reg[26] was removed.  [/home/mfpdsmbaa/LabCatreda/GR-HEEP/hw/vendor/x-heep/hw/vendor/xheep/cv32e40px/rtl/cv32e40px_cs_registers.sv:1462]
WARNING: [Synth 8-6014] Unused sequential element gen_mhpmcounter[27].gen_non_implemented.mhpmcounter_q_reg[27] was removed.  [/home/mfpdsmbaa/LabCatreda/GR-HEEP/hw/vendor/x-heep/hw/vendor/xheep/cv32e40px/rtl/cv32e40px_cs_registers.sv:1462]
WARNING: [Synth 8-6014] Unused sequential element gen_mhpmcounter[28].gen_non_implemented.mhpmcounter_q_reg[28] was removed.  [/home/mfpdsmbaa/LabCatreda/GR-HEEP/hw/vendor/x-heep/hw/vendor/xheep/cv32e40px/rtl/cv32e40px_cs_registers.sv:1462]
WARNING: [Synth 8-6014] Unused sequential element gen_mhpmcounter[29].gen_non_implemented.mhpmcounter_q_reg[29] was removed.  [/home/mfpdsmbaa/LabCatreda/GR-HEEP/hw/vendor/x-heep/hw/vendor/xheep/cv32e40px/rtl/cv32e40px_cs_registers.sv:1462]
WARNING: [Synth 8-6014] Unused sequential element gen_mhpmcounter[30].gen_non_implemented.mhpmcounter_q_reg[30] was removed.  [/home/mfpdsmbaa/LabCatreda/GR-HEEP/hw/vendor/x-heep/hw/vendor/xheep/cv32e40px/rtl/cv32e40px_cs_registers.sv:1462]
WARNING: [Synth 8-6014] Unused sequential element gen_mhpmcounter[31].gen_non_implemented.mhpmcounter_q_reg[31] was removed.  [/home/mfpdsmbaa/LabCatreda/GR-HEEP/hw/vendor/x-heep/hw/vendor/xheep/cv32e40px/rtl/cv32e40px_cs_registers.sv:1462]
WARNING: [Synth 8-6014] Unused sequential element gen_mhpmevent[1].gen_non_implemented.mhpmevent_q_reg[1] was removed.  [/home/mfpdsmbaa/LabCatreda/GR-HEEP/hw/vendor/x-heep/hw/vendor/xheep/cv32e40px/rtl/cv32e40px_cs_registers.sv:1490]
WARNING: [Synth 8-6014] Unused sequential element gen_mhpmevent[2].gen_non_implemented.mhpmevent_q_reg[2] was removed.  [/home/mfpdsmbaa/LabCatreda/GR-HEEP/hw/vendor/x-heep/hw/vendor/xheep/cv32e40px/rtl/cv32e40px_cs_registers.sv:1490]
WARNING: [Synth 8-6014] Unused sequential element gen_mhpmevent[4].gen_non_implemented.mhpmevent_q_reg[4] was removed.  [/home/mfpdsmbaa/LabCatreda/GR-HEEP/hw/vendor/x-heep/hw/vendor/xheep/cv32e40px/rtl/cv32e40px_cs_registers.sv:1490]
WARNING: [Synth 8-6014] Unused sequential element gen_mhpmevent[5].gen_non_implemented.mhpmevent_q_reg[5] was removed.  [/home/mfpdsmbaa/LabCatreda/GR-HEEP/hw/vendor/x-heep/hw/vendor/xheep/cv32e40px/rtl/cv32e40px_cs_registers.sv:1490]
WARNING: [Synth 8-6014] Unused sequential element gen_mhpmevent[6].gen_non_implemented.mhpmevent_q_reg[6] was removed.  [/home/mfpdsmbaa/LabCatreda/GR-HEEP/hw/vendor/x-heep/hw/vendor/xheep/cv32e40px/rtl/cv32e40px_cs_registers.sv:1490]
WARNING: [Synth 8-6014] Unused sequential element gen_mhpmevent[7].gen_non_implemented.mhpmevent_q_reg[7] was removed.  [/home/mfpdsmbaa/LabCatreda/GR-HEEP/hw/vendor/x-heep/hw/vendor/xheep/cv32e40px/rtl/cv32e40px_cs_registers.sv:1490]
WARNING: [Synth 8-6014] Unused sequential element gen_mhpmevent[8].gen_non_implemented.mhpmevent_q_reg[8] was removed.  [/home/mfpdsmbaa/LabCatreda/GR-HEEP/hw/vendor/x-heep/hw/vendor/xheep/cv32e40px/rtl/cv32e40px_cs_registers.sv:1490]
WARNING: [Synth 8-6014] Unused sequential element gen_mhpmevent[9].gen_non_implemented.mhpmevent_q_reg[9] was removed.  [/home/mfpdsmbaa/LabCatreda/GR-HEEP/hw/vendor/x-heep/hw/vendor/xheep/cv32e40px/rtl/cv32e40px_cs_registers.sv:1490]
WARNING: [Synth 8-6014] Unused sequential element gen_mhpmevent[10].gen_non_implemented.mhpmevent_q_reg[10] was removed.  [/home/mfpdsmbaa/LabCatreda/GR-HEEP/hw/vendor/x-heep/hw/vendor/xheep/cv32e40px/rtl/cv32e40px_cs_registers.sv:1490]
WARNING: [Synth 8-6014] Unused sequential element gen_mhpmevent[11].gen_non_implemented.mhpmevent_q_reg[11] was removed.  [/home/mfpdsmbaa/LabCatreda/GR-HEEP/hw/vendor/x-heep/hw/vendor/xheep/cv32e40px/rtl/cv32e40px_cs_registers.sv:1490]
WARNING: [Synth 8-6014] Unused sequential element gen_mhpmevent[12].gen_non_implemented.mhpmevent_q_reg[12] was removed.  [/home/mfpdsmbaa/LabCatreda/GR-HEEP/hw/vendor/x-heep/hw/vendor/xheep/cv32e40px/rtl/cv32e40px_cs_registers.sv:1490]
WARNING: [Synth 8-6014] Unused sequential element gen_mhpmevent[13].gen_non_implemented.mhpmevent_q_reg[13] was removed.  [/home/mfpdsmbaa/LabCatreda/GR-HEEP/hw/vendor/x-heep/hw/vendor/xheep/cv32e40px/rtl/cv32e40px_cs_registers.sv:1490]
WARNING: [Synth 8-6014] Unused sequential element gen_mhpmevent[14].gen_non_implemented.mhpmevent_q_reg[14] was removed.  [/home/mfpdsmbaa/LabCatreda/GR-HEEP/hw/vendor/x-heep/hw/vendor/xheep/cv32e40px/rtl/cv32e40px_cs_registers.sv:1490]
WARNING: [Synth 8-6014] Unused sequential element gen_mhpmevent[15].gen_non_implemented.mhpmevent_q_reg[15] was removed.  [/home/mfpdsmbaa/LabCatreda/GR-HEEP/hw/vendor/x-heep/hw/vendor/xheep/cv32e40px/rtl/cv32e40px_cs_registers.sv:1490]
WARNING: [Synth 8-6014] Unused sequential element gen_mhpmevent[16].gen_non_implemented.mhpmevent_q_reg[16] was removed.  [/home/mfpdsmbaa/LabCatreda/GR-HEEP/hw/vendor/x-heep/hw/vendor/xheep/cv32e40px/rtl/cv32e40px_cs_registers.sv:1490]
WARNING: [Synth 8-6014] Unused sequential element gen_mhpmevent[17].gen_non_implemented.mhpmevent_q_reg[17] was removed.  [/home/mfpdsmbaa/LabCatreda/GR-HEEP/hw/vendor/x-heep/hw/vendor/xheep/cv32e40px/rtl/cv32e40px_cs_registers.sv:1490]
WARNING: [Synth 8-6014] Unused sequential element gen_mhpmevent[18].gen_non_implemented.mhpmevent_q_reg[18] was removed.  [/home/mfpdsmbaa/LabCatreda/GR-HEEP/hw/vendor/x-heep/hw/vendor/xheep/cv32e40px/rtl/cv32e40px_cs_registers.sv:1490]
WARNING: [Synth 8-6014] Unused sequential element gen_mhpmevent[19].gen_non_implemented.mhpmevent_q_reg[19] was removed.  [/home/mfpdsmbaa/LabCatreda/GR-HEEP/hw/vendor/x-heep/hw/vendor/xheep/cv32e40px/rtl/cv32e40px_cs_registers.sv:1490]
WARNING: [Synth 8-6014] Unused sequential element gen_mhpmevent[20].gen_non_implemented.mhpmevent_q_reg[20] was removed.  [/home/mfpdsmbaa/LabCatreda/GR-HEEP/hw/vendor/x-heep/hw/vendor/xheep/cv32e40px/rtl/cv32e40px_cs_registers.sv:1490]
WARNING: [Synth 8-6014] Unused sequential element gen_mhpmevent[21].gen_non_implemented.mhpmevent_q_reg[21] was removed.  [/home/mfpdsmbaa/LabCatreda/GR-HEEP/hw/vendor/x-heep/hw/vendor/xheep/cv32e40px/rtl/cv32e40px_cs_registers.sv:1490]
WARNING: [Synth 8-6014] Unused sequential element gen_mhpmevent[22].gen_non_implemented.mhpmevent_q_reg[22] was removed.  [/home/mfpdsmbaa/LabCatreda/GR-HEEP/hw/vendor/x-heep/hw/vendor/xheep/cv32e40px/rtl/cv32e40px_cs_registers.sv:1490]
WARNING: [Synth 8-6014] Unused sequential element gen_mhpmevent[23].gen_non_implemented.mhpmevent_q_reg[23] was removed.  [/home/mfpdsmbaa/LabCatreda/GR-HEEP/hw/vendor/x-heep/hw/vendor/xheep/cv32e40px/rtl/cv32e40px_cs_registers.sv:1490]
WARNING: [Synth 8-6014] Unused sequential element gen_mhpmevent[24].gen_non_implemented.mhpmevent_q_reg[24] was removed.  [/home/mfpdsmbaa/LabCatreda/GR-HEEP/hw/vendor/x-heep/hw/vendor/xheep/cv32e40px/rtl/cv32e40px_cs_registers.sv:1490]
WARNING: [Synth 8-6014] Unused sequential element gen_mhpmevent[25].gen_non_implemented.mhpmevent_q_reg[25] was removed.  [/home/mfpdsmbaa/LabCatreda/GR-HEEP/hw/vendor/x-heep/hw/vendor/xheep/cv32e40px/rtl/cv32e40px_cs_registers.sv:1490]
WARNING: [Synth 8-6014] Unused sequential element gen_mhpmevent[26].gen_non_implemented.mhpmevent_q_reg[26] was removed.  [/home/mfpdsmbaa/LabCatreda/GR-HEEP/hw/vendor/x-heep/hw/vendor/xheep/cv32e40px/rtl/cv32e40px_cs_registers.sv:1490]
WARNING: [Synth 8-6014] Unused sequential element gen_mhpmevent[27].gen_non_implemented.mhpmevent_q_reg[27] was removed.  [/home/mfpdsmbaa/LabCatreda/GR-HEEP/hw/vendor/x-heep/hw/vendor/xheep/cv32e40px/rtl/cv32e40px_cs_registers.sv:1490]
WARNING: [Synth 8-6014] Unused sequential element gen_mhpmevent[28].gen_non_implemented.mhpmevent_q_reg[28] was removed.  [/home/mfpdsmbaa/LabCatreda/GR-HEEP/hw/vendor/x-heep/hw/vendor/xheep/cv32e40px/rtl/cv32e40px_cs_registers.sv:1490]
WARNING: [Synth 8-6014] Unused sequential element gen_mhpmevent[29].gen_non_implemented.mhpmevent_q_reg[29] was removed.  [/home/mfpdsmbaa/LabCatreda/GR-HEEP/hw/vendor/x-heep/hw/vendor/xheep/cv32e40px/rtl/cv32e40px_cs_registers.sv:1490]
WARNING: [Synth 8-6014] Unused sequential element gen_mhpmevent[30].gen_non_implemented.mhpmevent_q_reg[30] was removed.  [/home/mfpdsmbaa/LabCatreda/GR-HEEP/hw/vendor/x-heep/hw/vendor/xheep/cv32e40px/rtl/cv32e40px_cs_registers.sv:1490]
WARNING: [Synth 8-6014] Unused sequential element gen_mhpmevent[31].gen_non_implemented.mhpmevent_q_reg[31] was removed.  [/home/mfpdsmbaa/LabCatreda/GR-HEEP/hw/vendor/x-heep/hw/vendor/xheep/cv32e40px/rtl/cv32e40px_cs_registers.sv:1490]
WARNING: [Synth 8-3936] Found unconnected internal register 'mcountinhibit_n_reg' and it is trimmed from '32' to '4' bits. [/home/mfpdsmbaa/LabCatreda/GR-HEEP/hw/vendor/x-heep/hw/vendor/xheep/cv32e40px/rtl/cv32e40px_cs_registers.sv:1395]
WARNING: [Synth 8-3936] Found unconnected internal register 'mhpmevent_n_reg[3]' and it is trimmed from '32' to '16' bits. [/home/mfpdsmbaa/LabCatreda/GR-HEEP/hw/vendor/x-heep/hw/vendor/xheep/cv32e40px/rtl/cv32e40px_cs_registers.sv:1396]
WARNING: [Synth 8-6014] Unused sequential element read_pointer_q_reg was removed.  [/home/mfpdsmbaa/LabCatreda/GR-HEEP/hw/vendor/x-heep/hw/vendor/pulp_platform/common_cells/src/fifo_v3.sv:118]
WARNING: [Synth 8-6014] Unused sequential element read_pointer_q_reg was removed.  [/home/mfpdsmbaa/LabCatreda/GR-HEEP/hw/vendor/x-heep/hw/vendor/pulp_platform/common_cells/src/fifo_v3.sv:118]
WARNING: [Synth 8-6014] Unused sequential element xfer_cont_reg was removed.  [/home/mfpdsmbaa/LabCatreda/GR-HEEP/hw/vendor/x-heep/hw/vendor/xheep/spi/vendor/yosyshq_picorv32/picosoc/spimemio.v:559]
WARNING: [Synth 8-7137] Register obuffer_reg in module spimemio_xfer has both Set and reset with same priority. This may cause simulation mismatches. Consider rewriting code  [/home/mfpdsmbaa/LabCatreda/GR-HEEP/hw/vendor/x-heep/hw/vendor/xheep/spi/vendor/yosyshq_picorv32/picosoc/spimemio.v:573]
WARNING: [Synth 8-7137] Register ibuffer_reg in module spimemio_xfer has both Set and reset with same priority. This may cause simulation mismatches. Consider rewriting code  [/home/mfpdsmbaa/LabCatreda/GR-HEEP/hw/vendor/x-heep/hw/vendor/xheep/spi/vendor/yosyshq_picorv32/picosoc/spimemio.v:574]
WARNING: [Synth 8-7137] Register buffer_reg in module spimemio has both Set and reset with same priority. This may cause simulation mismatches. Consider rewriting code  [/home/mfpdsmbaa/LabCatreda/GR-HEEP/hw/vendor/x-heep/hw/vendor/xheep/spi/vendor/yosyshq_picorv32/picosoc/spimemio.v:235]
WARNING: [Synth 8-7137] Register rdata_reg in module spimemio has both Set and reset with same priority. This may cause simulation mismatches. Consider rewriting code  [/home/mfpdsmbaa/LabCatreda/GR-HEEP/hw/vendor/x-heep/hw/vendor/xheep/spi/vendor/yosyshq_picorv32/picosoc/spimemio.v:239]
WARNING: [Synth 8-7137] Register rd_addr_reg in module spimemio has both Set and reset with same priority. This may cause simulation mismatches. Consider rewriting code  [/home/mfpdsmbaa/LabCatreda/GR-HEEP/hw/vendor/x-heep/hw/vendor/xheep/spi/vendor/yosyshq_picorv32/picosoc/spimemio.v:71]
WARNING: [Synth 8-7137] Register rd_wait_reg in module spimemio has both Set and reset with same priority. This may cause simulation mismatches. Consider rewriting code  [/home/mfpdsmbaa/LabCatreda/GR-HEEP/hw/vendor/x-heep/hw/vendor/xheep/spi/vendor/yosyshq_picorv32/picosoc/spimemio.v:242]
WARNING: [Synth 8-7137] Register rd_inc_reg in module spimemio has both Set and reset with same priority. This may cause simulation mismatches. Consider rewriting code  [/home/mfpdsmbaa/LabCatreda/GR-HEEP/hw/vendor/x-heep/hw/vendor/xheep/spi/vendor/yosyshq_picorv32/picosoc/spimemio.v:240]
WARNING: [Synth 8-7137] Register din_data_reg in module spimemio has both Set and reset with same priority. This may cause simulation mismatches. Consider rewriting code  [/home/mfpdsmbaa/LabCatreda/GR-HEEP/hw/vendor/x-heep/hw/vendor/xheep/spi/vendor/yosyshq_picorv32/picosoc/spimemio.v:179]
WARNING: [Synth 8-3848] Net external_subsystem_pwr_ctrl_o[0][retentive_en_n] in module/entity power_manager does not have driver. [/home/mfpdsmbaa/LabCatreda/GR-HEEP/hw/vendor/x-heep/hw/ip/power_manager/rtl/power_manager.sv:55]
WARNING: [Synth 8-3848] Net dma_subsystem_pwr_ctrl_o[3][pwrgate_en_n] in module/entity power_manager does not have driver. [/home/mfpdsmbaa/LabCatreda/GR-HEEP/hw/vendor/x-heep/hw/ip/power_manager/rtl/power_manager.sv:56]
WARNING: [Synth 8-3848] Net dma_subsystem_pwr_ctrl_o[3][isogate_en_n] in module/entity power_manager does not have driver. [/home/mfpdsmbaa/LabCatreda/GR-HEEP/hw/vendor/x-heep/hw/ip/power_manager/rtl/power_manager.sv:56]
WARNING: [Synth 8-3848] Net dma_subsystem_pwr_ctrl_o[3][retentive_en_n] in module/entity power_manager does not have driver. [/home/mfpdsmbaa/LabCatreda/GR-HEEP/hw/vendor/x-heep/hw/ip/power_manager/rtl/power_manager.sv:56]
WARNING: [Synth 8-3848] Net dma_subsystem_pwr_ctrl_o[3][rst_n] in module/entity power_manager does not have driver. [/home/mfpdsmbaa/LabCatreda/GR-HEEP/hw/vendor/x-heep/hw/ip/power_manager/rtl/power_manager.sv:56]
WARNING: [Synth 8-3848] Net dma_subsystem_pwr_ctrl_o[2][pwrgate_en_n] in module/entity power_manager does not have driver. [/home/mfpdsmbaa/LabCatreda/GR-HEEP/hw/vendor/x-heep/hw/ip/power_manager/rtl/power_manager.sv:56]
WARNING: [Synth 8-3848] Net dma_subsystem_pwr_ctrl_o[2][isogate_en_n] in module/entity power_manager does not have driver. [/home/mfpdsmbaa/LabCatreda/GR-HEEP/hw/vendor/x-heep/hw/ip/power_manager/rtl/power_manager.sv:56]
WARNING: [Synth 8-3848] Net dma_subsystem_pwr_ctrl_o[2][retentive_en_n] in module/entity power_manager does not have driver. [/home/mfpdsmbaa/LabCatreda/GR-HEEP/hw/vendor/x-heep/hw/ip/power_manager/rtl/power_manager.sv:56]
WARNING: [Synth 8-3848] Net dma_subsystem_pwr_ctrl_o[2][rst_n] in module/entity power_manager does not have driver. [/home/mfpdsmbaa/LabCatreda/GR-HEEP/hw/vendor/x-heep/hw/ip/power_manager/rtl/power_manager.sv:56]
WARNING: [Synth 8-3848] Net dma_subsystem_pwr_ctrl_o[1][pwrgate_en_n] in module/entity power_manager does not have driver. [/home/mfpdsmbaa/LabCatreda/GR-HEEP/hw/vendor/x-heep/hw/ip/power_manager/rtl/power_manager.sv:56]
WARNING: [Synth 8-3848] Net dma_subsystem_pwr_ctrl_o[1][isogate_en_n] in module/entity power_manager does not have driver. [/home/mfpdsmbaa/LabCatreda/GR-HEEP/hw/vendor/x-heep/hw/ip/power_manager/rtl/power_manager.sv:56]
WARNING: [Synth 8-3848] Net dma_subsystem_pwr_ctrl_o[1][retentive_en_n] in module/entity power_manager does not have driver. [/home/mfpdsmbaa/LabCatreda/GR-HEEP/hw/vendor/x-heep/hw/ip/power_manager/rtl/power_manager.sv:56]
WARNING: [Synth 8-3848] Net dma_subsystem_pwr_ctrl_o[1][rst_n] in module/entity power_manager does not have driver. [/home/mfpdsmbaa/LabCatreda/GR-HEEP/hw/vendor/x-heep/hw/ip/power_manager/rtl/power_manager.sv:56]
WARNING: [Synth 8-3848] Net dma_subsystem_pwr_ctrl_o[0][pwrgate_en_n] in module/entity power_manager does not have driver. [/home/mfpdsmbaa/LabCatreda/GR-HEEP/hw/vendor/x-heep/hw/ip/power_manager/rtl/power_manager.sv:56]
WARNING: [Synth 8-3848] Net dma_subsystem_pwr_ctrl_o[0][isogate_en_n] in module/entity power_manager does not have driver. [/home/mfpdsmbaa/LabCatreda/GR-HEEP/hw/vendor/x-heep/hw/ip/power_manager/rtl/power_manager.sv:56]
WARNING: [Synth 8-3848] Net dma_subsystem_pwr_ctrl_o[0][retentive_en_n] in module/entity power_manager does not have driver. [/home/mfpdsmbaa/LabCatreda/GR-HEEP/hw/vendor/x-heep/hw/ip/power_manager/rtl/power_manager.sv:56]
WARNING: [Synth 8-3848] Net dma_subsystem_pwr_ctrl_o[0][rst_n] in module/entity power_manager does not have driver. [/home/mfpdsmbaa/LabCatreda/GR-HEEP/hw/vendor/x-heep/hw/ip/power_manager/rtl/power_manager.sv:56]
WARNING: [Synth 8-7137] Register r_previousdata_reg[15] in module cic_comb has both Set and reset with same priority. This may cause simulation mismatches. Consider rewriting code  [/home/mfpdsmbaa/LabCatreda/GR-HEEP/hw/vendor/x-heep/hw/ip/pdm2pcm/rtl/cic_comb.sv:66]
WARNING: [Synth 8-3848] Net pad_muxes_o[42] in module/entity pad_control does not have driver. [/home/mfpdsmbaa/LabCatreda/GR-HEEP/hw/vendor/x-heep/hw/system/pad_control/rtl/pad_control.sv:21]
WARNING: [Synth 8-3848] Net pad_muxes_o[41] in module/entity pad_control does not have driver. [/home/mfpdsmbaa/LabCatreda/GR-HEEP/hw/vendor/x-heep/hw/system/pad_control/rtl/pad_control.sv:21]
WARNING: [Synth 8-3848] Net pad_muxes_o[40] in module/entity pad_control does not have driver. [/home/mfpdsmbaa/LabCatreda/GR-HEEP/hw/vendor/x-heep/hw/system/pad_control/rtl/pad_control.sv:21]
WARNING: [Synth 8-3848] Net pad_muxes_o[39] in module/entity pad_control does not have driver. [/home/mfpdsmbaa/LabCatreda/GR-HEEP/hw/vendor/x-heep/hw/system/pad_control/rtl/pad_control.sv:21]
WARNING: [Synth 8-3848] Net pad_muxes_o[38] in module/entity pad_control does not have driver. [/home/mfpdsmbaa/LabCatreda/GR-HEEP/hw/vendor/x-heep/hw/system/pad_control/rtl/pad_control.sv:21]
WARNING: [Synth 8-3848] Net pad_muxes_o[37] in module/entity pad_control does not have driver. [/home/mfpdsmbaa/LabCatreda/GR-HEEP/hw/vendor/x-heep/hw/system/pad_control/rtl/pad_control.sv:21]
WARNING: [Synth 8-3848] Net pad_muxes_o[36] in module/entity pad_control does not have driver. [/home/mfpdsmbaa/LabCatreda/GR-HEEP/hw/vendor/x-heep/hw/system/pad_control/rtl/pad_control.sv:21]
WARNING: [Synth 8-3848] Net pad_muxes_o[35] in module/entity pad_control does not have driver. [/home/mfpdsmbaa/LabCatreda/GR-HEEP/hw/vendor/x-heep/hw/system/pad_control/rtl/pad_control.sv:21]
WARNING: [Synth 8-3848] Net pad_muxes_o[34] in module/entity pad_control does not have driver. [/home/mfpdsmbaa/LabCatreda/GR-HEEP/hw/vendor/x-heep/hw/system/pad_control/rtl/pad_control.sv:21]
WARNING: [Synth 8-3848] Net pad_muxes_o[33] in module/entity pad_control does not have driver. [/home/mfpdsmbaa/LabCatreda/GR-HEEP/hw/vendor/x-heep/hw/system/pad_control/rtl/pad_control.sv:21]
WARNING: [Synth 8-3848] Net pad_muxes_o[32] in module/entity pad_control does not have driver. [/home/mfpdsmbaa/LabCatreda/GR-HEEP/hw/vendor/x-heep/hw/system/pad_control/rtl/pad_control.sv:21]
WARNING: [Synth 8-3848] Net pad_muxes_o[31] in module/entity pad_control does not have driver. [/home/mfpdsmbaa/LabCatreda/GR-HEEP/hw/vendor/x-heep/hw/system/pad_control/rtl/pad_control.sv:21]
WARNING: [Synth 8-3848] Net pad_muxes_o[30] in module/entity pad_control does not have driver. [/home/mfpdsmbaa/LabCatreda/GR-HEEP/hw/vendor/x-heep/hw/system/pad_control/rtl/pad_control.sv:21]
WARNING: [Synth 8-3848] Net pad_muxes_o[29] in module/entity pad_control does not have driver. [/home/mfpdsmbaa/LabCatreda/GR-HEEP/hw/vendor/x-heep/hw/system/pad_control/rtl/pad_control.sv:21]
WARNING: [Synth 8-3848] Net pad_muxes_o[28] in module/entity pad_control does not have driver. [/home/mfpdsmbaa/LabCatreda/GR-HEEP/hw/vendor/x-heep/hw/system/pad_control/rtl/pad_control.sv:21]
WARNING: [Synth 8-3848] Net pad_muxes_o[27] in module/entity pad_control does not have driver. [/home/mfpdsmbaa/LabCatreda/GR-HEEP/hw/vendor/x-heep/hw/system/pad_control/rtl/pad_control.sv:21]
WARNING: [Synth 8-3848] Net pad_muxes_o[26] in module/entity pad_control does not have driver. [/home/mfpdsmbaa/LabCatreda/GR-HEEP/hw/vendor/x-heep/hw/system/pad_control/rtl/pad_control.sv:21]
WARNING: [Synth 8-3848] Net pad_muxes_o[20] in module/entity pad_control does not have driver. [/home/mfpdsmbaa/LabCatreda/GR-HEEP/hw/vendor/x-heep/hw/system/pad_control/rtl/pad_control.sv:21]
WARNING: [Synth 8-3848] Net pad_muxes_o[19] in module/entity pad_control does not have driver. [/home/mfpdsmbaa/LabCatreda/GR-HEEP/hw/vendor/x-heep/hw/system/pad_control/rtl/pad_control.sv:21]
WARNING: [Synth 8-3848] Net pad_muxes_o[15] in module/entity pad_control does not have driver. [/home/mfpdsmbaa/LabCatreda/GR-HEEP/hw/vendor/x-heep/hw/system/pad_control/rtl/pad_control.sv:21]
WARNING: [Synth 8-3848] Net pad_muxes_o[14] in module/entity pad_control does not have driver. [/home/mfpdsmbaa/LabCatreda/GR-HEEP/hw/vendor/x-heep/hw/system/pad_control/rtl/pad_control.sv:21]
WARNING: [Synth 8-3848] Net pad_muxes_o[13] in module/entity pad_control does not have driver. [/home/mfpdsmbaa/LabCatreda/GR-HEEP/hw/vendor/x-heep/hw/system/pad_control/rtl/pad_control.sv:21]
WARNING: [Synth 8-3848] Net pad_muxes_o[12] in module/entity pad_control does not have driver. [/home/mfpdsmbaa/LabCatreda/GR-HEEP/hw/vendor/x-heep/hw/system/pad_control/rtl/pad_control.sv:21]
WARNING: [Synth 8-3848] Net pad_muxes_o[11] in module/entity pad_control does not have driver. [/home/mfpdsmbaa/LabCatreda/GR-HEEP/hw/vendor/x-heep/hw/system/pad_control/rtl/pad_control.sv:21]
WARNING: [Synth 8-3848] Net pad_muxes_o[10] in module/entity pad_control does not have driver. [/home/mfpdsmbaa/LabCatreda/GR-HEEP/hw/vendor/x-heep/hw/system/pad_control/rtl/pad_control.sv:21]
WARNING: [Synth 8-3848] Net pad_muxes_o[9] in module/entity pad_control does not have driver. [/home/mfpdsmbaa/LabCatreda/GR-HEEP/hw/vendor/x-heep/hw/system/pad_control/rtl/pad_control.sv:21]
WARNING: [Synth 8-3848] Net pad_muxes_o[8] in module/entity pad_control does not have driver. [/home/mfpdsmbaa/LabCatreda/GR-HEEP/hw/vendor/x-heep/hw/system/pad_control/rtl/pad_control.sv:21]
WARNING: [Synth 8-3848] Net pad_muxes_o[7] in module/entity pad_control does not have driver. [/home/mfpdsmbaa/LabCatreda/GR-HEEP/hw/vendor/x-heep/hw/system/pad_control/rtl/pad_control.sv:21]
WARNING: [Synth 8-3848] Net pad_muxes_o[6] in module/entity pad_control does not have driver. [/home/mfpdsmbaa/LabCatreda/GR-HEEP/hw/vendor/x-heep/hw/system/pad_control/rtl/pad_control.sv:21]
WARNING: [Synth 8-3848] Net pad_muxes_o[5] in module/entity pad_control does not have driver. [/home/mfpdsmbaa/LabCatreda/GR-HEEP/hw/vendor/x-heep/hw/system/pad_control/rtl/pad_control.sv:21]
WARNING: [Synth 8-3848] Net pad_muxes_o[4] in module/entity pad_control does not have driver. [/home/mfpdsmbaa/LabCatreda/GR-HEEP/hw/vendor/x-heep/hw/system/pad_control/rtl/pad_control.sv:21]
WARNING: [Synth 8-3848] Net pad_muxes_o[3] in module/entity pad_control does not have driver. [/home/mfpdsmbaa/LabCatreda/GR-HEEP/hw/vendor/x-heep/hw/system/pad_control/rtl/pad_control.sv:21]
WARNING: [Synth 8-3848] Net pad_muxes_o[2] in module/entity pad_control does not have driver. [/home/mfpdsmbaa/LabCatreda/GR-HEEP/hw/vendor/x-heep/hw/system/pad_control/rtl/pad_control.sv:21]
WARNING: [Synth 8-3848] Net pad_muxes_o[1] in module/entity pad_control does not have driver. [/home/mfpdsmbaa/LabCatreda/GR-HEEP/hw/vendor/x-heep/hw/system/pad_control/rtl/pad_control.sv:21]
WARNING: [Synth 8-3848] Net pad_muxes_o[0] in module/entity pad_control does not have driver. [/home/mfpdsmbaa/LabCatreda/GR-HEEP/hw/vendor/x-heep/hw/system/pad_control/rtl/pad_control.sv:21]
WARNING: [Synth 8-3848] Net ext_xif\.compressed_ready in module/entity gr_heep does not have driver. [/home/mfpdsmbaa/LabCatreda/GR-HEEP/hw/vendor/x-heep/hw/vendor/openhwgroup/cv32e40x/rtl/if_xif.sv:122]
WARNING: [Synth 8-3848] Net ext_xif\.compressed_resp[instr] in module/entity gr_heep does not have driver. [/home/mfpdsmbaa/LabCatreda/GR-HEEP/hw/vendor/x-heep/hw/vendor/openhwgroup/cv32e40x/rtl/if_xif.sv:124]
WARNING: [Synth 8-3848] Net ext_xif\.compressed_resp[accept] in module/entity gr_heep does not have driver. [/home/mfpdsmbaa/LabCatreda/GR-HEEP/hw/vendor/x-heep/hw/vendor/openhwgroup/cv32e40x/rtl/if_xif.sv:124]
WARNING: [Synth 8-3848] Net ext_xif\.issue_ready in module/entity gr_heep does not have driver. [/home/mfpdsmbaa/LabCatreda/GR-HEEP/hw/vendor/x-heep/hw/vendor/openhwgroup/cv32e40x/rtl/if_xif.sv:128]
WARNING: [Synth 8-3848] Net ext_xif\.issue_resp[accept] in module/entity gr_heep does not have driver. [/home/mfpdsmbaa/LabCatreda/GR-HEEP/hw/vendor/x-heep/hw/vendor/openhwgroup/cv32e40x/rtl/if_xif.sv:130]
WARNING: [Synth 8-3848] Net ext_xif\.issue_resp[writeback] in module/entity gr_heep does not have driver. [/home/mfpdsmbaa/LabCatreda/GR-HEEP/hw/vendor/x-heep/hw/vendor/openhwgroup/cv32e40x/rtl/if_xif.sv:130]
WARNING: [Synth 8-3848] Net ext_xif\.issue_resp[dualwrite] in module/entity gr_heep does not have driver. [/home/mfpdsmbaa/LabCatreda/GR-HEEP/hw/vendor/x-heep/hw/vendor/openhwgroup/cv32e40x/rtl/if_xif.sv:130]
WARNING: [Synth 8-3848] Net ext_xif\.issue_resp[dualread] in module/entity gr_heep does not have driver. [/home/mfpdsmbaa/LabCatreda/GR-HEEP/hw/vendor/x-heep/hw/vendor/openhwgroup/cv32e40x/rtl/if_xif.sv:130]
WARNING: [Synth 8-3848] Net ext_xif\.issue_resp[loadstore] in module/entity gr_heep does not have driver. [/home/mfpdsmbaa/LabCatreda/GR-HEEP/hw/vendor/x-heep/hw/vendor/openhwgroup/cv32e40x/rtl/if_xif.sv:130]
WARNING: [Synth 8-3848] Net ext_xif\.issue_resp[ecswrite] in module/entity gr_heep does not have driver. [/home/mfpdsmbaa/LabCatreda/GR-HEEP/hw/vendor/x-heep/hw/vendor/openhwgroup/cv32e40x/rtl/if_xif.sv:130]
WARNING: [Synth 8-3848] Net ext_xif\.issue_resp[exc] in module/entity gr_heep does not have driver. [/home/mfpdsmbaa/LabCatreda/GR-HEEP/hw/vendor/x-heep/hw/vendor/openhwgroup/cv32e40x/rtl/if_xif.sv:130]
WARNING: [Synth 8-3848] Net ext_xif\.mem_valid in module/entity gr_heep does not have driver. [/home/mfpdsmbaa/LabCatreda/GR-HEEP/hw/vendor/x-heep/hw/vendor/openhwgroup/cv32e40x/rtl/if_xif.sv:137]
WARNING: [Synth 8-3848] Net ext_xif\.mem_req[id] in module/entity gr_heep does not have driver. [/home/mfpdsmbaa/LabCatreda/GR-HEEP/hw/vendor/x-heep/hw/vendor/openhwgroup/cv32e40x/rtl/if_xif.sv:139]
WARNING: [Synth 8-3848] Net ext_xif\.mem_req[addr] in module/entity gr_heep does not have driver. [/home/mfpdsmbaa/LabCatreda/GR-HEEP/hw/vendor/x-heep/hw/vendor/openhwgroup/cv32e40x/rtl/if_xif.sv:139]
WARNING: [Synth 8-3848] Net ext_xif\.mem_req[mode] in module/entity gr_heep does not have driver. [/home/mfpdsmbaa/LabCatreda/GR-HEEP/hw/vendor/x-heep/hw/vendor/openhwgroup/cv32e40x/rtl/if_xif.sv:139]
WARNING: [Synth 8-3848] Net ext_xif\.mem_req[we] in module/entity gr_heep does not have driver. [/home/mfpdsmbaa/LabCatreda/GR-HEEP/hw/vendor/x-heep/hw/vendor/openhwgroup/cv32e40x/rtl/if_xif.sv:139]
WARNING: [Synth 8-3848] Net ext_xif\.mem_req[size] in module/entity gr_heep does not have driver. [/home/mfpdsmbaa/LabCatreda/GR-HEEP/hw/vendor/x-heep/hw/vendor/openhwgroup/cv32e40x/rtl/if_xif.sv:139]
WARNING: [Synth 8-3848] Net ext_xif\.mem_req[be] in module/entity gr_heep does not have driver. [/home/mfpdsmbaa/LabCatreda/GR-HEEP/hw/vendor/x-heep/hw/vendor/openhwgroup/cv32e40x/rtl/if_xif.sv:139]
WARNING: [Synth 8-3848] Net ext_xif\.mem_req[attr] in module/entity gr_heep does not have driver. [/home/mfpdsmbaa/LabCatreda/GR-HEEP/hw/vendor/x-heep/hw/vendor/openhwgroup/cv32e40x/rtl/if_xif.sv:139]
WARNING: [Synth 8-3848] Net ext_xif\.mem_req[wdata] in module/entity gr_heep does not have driver. [/home/mfpdsmbaa/LabCatreda/GR-HEEP/hw/vendor/x-heep/hw/vendor/openhwgroup/cv32e40x/rtl/if_xif.sv:139]
WARNING: [Synth 8-3848] Net ext_xif\.mem_req[last] in module/entity gr_heep does not have driver. [/home/mfpdsmbaa/LabCatreda/GR-HEEP/hw/vendor/x-heep/hw/vendor/openhwgroup/cv32e40x/rtl/if_xif.sv:139]
WARNING: [Synth 8-3848] Net ext_xif\.mem_req[spec] in module/entity gr_heep does not have driver. [/home/mfpdsmbaa/LabCatreda/GR-HEEP/hw/vendor/x-heep/hw/vendor/openhwgroup/cv32e40x/rtl/if_xif.sv:139]
WARNING: [Synth 8-3848] Net ext_xif\.result_valid in module/entity gr_heep does not have driver. [/home/mfpdsmbaa/LabCatreda/GR-HEEP/hw/vendor/x-heep/hw/vendor/openhwgroup/cv32e40x/rtl/if_xif.sv:147]
WARNING: [Synth 8-3848] Net ext_xif\.result[id] in module/entity gr_heep does not have driver. [/home/mfpdsmbaa/LabCatreda/GR-HEEP/hw/vendor/x-heep/hw/vendor/openhwgroup/cv32e40x/rtl/if_xif.sv:149]
WARNING: [Synth 8-3848] Net ext_xif\.result[data] in module/entity gr_heep does not have driver. [/home/mfpdsmbaa/LabCatreda/GR-HEEP/hw/vendor/x-heep/hw/vendor/openhwgroup/cv32e40x/rtl/if_xif.sv:149]
WARNING: [Synth 8-3848] Net ext_xif\.result[rd] in module/entity gr_heep does not have driver. [/home/mfpdsmbaa/LabCatreda/GR-HEEP/hw/vendor/x-heep/hw/vendor/openhwgroup/cv32e40x/rtl/if_xif.sv:149]
WARNING: [Synth 8-3848] Net ext_xif\.result[we] in module/entity gr_heep does not have driver. [/home/mfpdsmbaa/LabCatreda/GR-HEEP/hw/vendor/x-heep/hw/vendor/openhwgroup/cv32e40x/rtl/if_xif.sv:149]
WARNING: [Synth 8-3848] Net ext_xif\.result[ecsdata] in module/entity gr_heep does not have driver. [/home/mfpdsmbaa/LabCatreda/GR-HEEP/hw/vendor/x-heep/hw/vendor/openhwgroup/cv32e40x/rtl/if_xif.sv:149]
WARNING: [Synth 8-3848] Net ext_xif\.result[ecswe] in module/entity gr_heep does not have driver. [/home/mfpdsmbaa/LabCatreda/GR-HEEP/hw/vendor/x-heep/hw/vendor/openhwgroup/cv32e40x/rtl/if_xif.sv:149]
WARNING: [Synth 8-3848] Net ext_xif\.result[exc] in module/entity gr_heep does not have driver. [/home/mfpdsmbaa/LabCatreda/GR-HEEP/hw/vendor/x-heep/hw/vendor/openhwgroup/cv32e40x/rtl/if_xif.sv:149]
WARNING: [Synth 8-3848] Net ext_xif\.result[exccode] in module/entity gr_heep does not have driver. [/home/mfpdsmbaa/LabCatreda/GR-HEEP/hw/vendor/x-heep/hw/vendor/openhwgroup/cv32e40x/rtl/if_xif.sv:149]
WARNING: [Synth 8-3848] Net ext_xif\.result[err] in module/entity gr_heep does not have driver. [/home/mfpdsmbaa/LabCatreda/GR-HEEP/hw/vendor/x-heep/hw/vendor/openhwgroup/cv32e40x/rtl/if_xif.sv:149]
WARNING: [Synth 8-3848] Net ext_xif\.result[dbg] in module/entity gr_heep does not have driver. [/home/mfpdsmbaa/LabCatreda/GR-HEEP/hw/vendor/x-heep/hw/vendor/openhwgroup/cv32e40x/rtl/if_xif.sv:149]
WARNING: [Synth 8-3848] Net cpu_subsystem_powergate_switch_ack_n in module/entity gr_heep does not have driver. [/home/mfpdsmbaa/LabCatreda/GR-HEEP/hw/gr-heep/gr_heep.sv:135]
WARNING: [Synth 8-3848] Net peripheral_subsystem_powergate_switch_ack_n in module/entity gr_heep does not have driver. [/home/mfpdsmbaa/LabCatreda/GR-HEEP/hw/gr-heep/gr_heep.sv:137]
WARNING: [Synth 8-3848] Net external_subsystem_powergate_switch_ack_n in module/entity gr_heep does not have driver. [/home/mfpdsmbaa/LabCatreda/GR-HEEP/hw/gr-heep/gr_heep.sv:152]
WARNING: [Synth 8-7129] Port q[7] in module prim_subreg_arb__parameterized3 is either unconnected or has no load
WARNING: [Synth 8-7129] Port q[6] in module prim_subreg_arb__parameterized3 is either unconnected or has no load
WARNING: [Synth 8-7129] Port q[5] in module prim_subreg_arb__parameterized3 is either unconnected or has no load
WARNING: [Synth 8-7129] Port q[4] in module prim_subreg_arb__parameterized3 is either unconnected or has no load
WARNING: [Synth 8-7129] Port q[3] in module prim_subreg_arb__parameterized3 is either unconnected or has no load
WARNING: [Synth 8-7129] Port q[2] in module prim_subreg_arb__parameterized3 is either unconnected or has no load
WARNING: [Synth 8-7129] Port q[1] in module prim_subreg_arb__parameterized3 is either unconnected or has no load
WARNING: [Synth 8-7129] Port q[0] in module prim_subreg_arb__parameterized3 is either unconnected or has no load
WARNING: [Synth 8-7129] Port q[0] in module prim_subreg_arb is either unconnected or has no load
WARNING: [Synth 8-7129] Port reg_req_i[addr][31] in module pad_control_reg_top is either unconnected or has no load
WARNING: [Synth 8-7129] Port reg_req_i[addr][30] in module pad_control_reg_top is either unconnected or has no load
WARNING: [Synth 8-7129] Port reg_req_i[addr][29] in module pad_control_reg_top is either unconnected or has no load
WARNING: [Synth 8-7129] Port reg_req_i[addr][28] in module pad_control_reg_top is either unconnected or has no load
WARNING: [Synth 8-7129] Port reg_req_i[addr][27] in module pad_control_reg_top is either unconnected or has no load
WARNING: [Synth 8-7129] Port reg_req_i[addr][26] in module pad_control_reg_top is either unconnected or has no load
WARNING: [Synth 8-7129] Port reg_req_i[addr][25] in module pad_control_reg_top is either unconnected or has no load
WARNING: [Synth 8-7129] Port reg_req_i[addr][24] in module pad_control_reg_top is either unconnected or has no load
WARNING: [Synth 8-7129] Port reg_req_i[addr][23] in module pad_control_reg_top is either unconnected or has no load
WARNING: [Synth 8-7129] Port reg_req_i[addr][22] in module pad_control_reg_top is either unconnected or has no load
WARNING: [Synth 8-7129] Port reg_req_i[addr][21] in module pad_control_reg_top is either unconnected or has no load
WARNING: [Synth 8-7129] Port reg_req_i[addr][20] in module pad_control_reg_top is either unconnected or has no load
WARNING: [Synth 8-7129] Port reg_req_i[addr][19] in module pad_control_reg_top is either unconnected or has no load
WARNING: [Synth 8-7129] Port reg_req_i[addr][18] in module pad_control_reg_top is either unconnected or has no load
WARNING: [Synth 8-7129] Port reg_req_i[addr][17] in module pad_control_reg_top is either unconnected or has no load
WARNING: [Synth 8-7129] Port reg_req_i[addr][16] in module pad_control_reg_top is either unconnected or has no load
WARNING: [Synth 8-7129] Port reg_req_i[addr][15] in module pad_control_reg_top is either unconnected or has no load
WARNING: [Synth 8-7129] Port reg_req_i[addr][14] in module pad_control_reg_top is either unconnected or has no load
WARNING: [Synth 8-7129] Port reg_req_i[addr][13] in module pad_control_reg_top is either unconnected or has no load
WARNING: [Synth 8-7129] Port reg_req_i[addr][12] in module pad_control_reg_top is either unconnected or has no load
WARNING: [Synth 8-7129] Port reg_req_i[addr][11] in module pad_control_reg_top is either unconnected or has no load
WARNING: [Synth 8-7129] Port reg_req_i[addr][10] in module pad_control_reg_top is either unconnected or has no load
WARNING: [Synth 8-7129] Port reg_req_i[addr][9] in module pad_control_reg_top is either unconnected or has no load
WARNING: [Synth 8-7129] Port reg_req_i[wdata][31] in module pad_control_reg_top is either unconnected or has no load
WARNING: [Synth 8-7129] Port reg_req_i[wdata][30] in module pad_control_reg_top is either unconnected or has no load
WARNING: [Synth 8-7129] Port reg_req_i[wdata][29] in module pad_control_reg_top is either unconnected or has no load
WARNING: [Synth 8-7129] Port reg_req_i[wdata][28] in module pad_control_reg_top is either unconnected or has no load
WARNING: [Synth 8-7129] Port reg_req_i[wdata][27] in module pad_control_reg_top is either unconnected or has no load
WARNING: [Synth 8-7129] Port reg_req_i[wdata][26] in module pad_control_reg_top is either unconnected or has no load
WARNING: [Synth 8-7129] Port reg_req_i[wdata][25] in module pad_control_reg_top is either unconnected or has no load
WARNING: [Synth 8-7129] Port reg_req_i[wdata][24] in module pad_control_reg_top is either unconnected or has no load
WARNING: [Synth 8-7129] Port reg_req_i[wdata][23] in module pad_control_reg_top is either unconnected or has no load
WARNING: [Synth 8-7129] Port reg_req_i[wdata][22] in module pad_control_reg_top is either unconnected or has no load
WARNING: [Synth 8-7129] Port reg_req_i[wdata][21] in module pad_control_reg_top is either unconnected or has no load
WARNING: [Synth 8-7129] Port reg_req_i[wdata][20] in module pad_control_reg_top is either unconnected or has no load
WARNING: [Synth 8-7129] Port reg_req_i[wdata][19] in module pad_control_reg_top is either unconnected or has no load
WARNING: [Synth 8-7129] Port reg_req_i[wdata][18] in module pad_control_reg_top is either unconnected or has no load
WARNING: [Synth 8-7129] Port reg_req_i[wdata][17] in module pad_control_reg_top is either unconnected or has no load
WARNING: [Synth 8-7129] Port reg_req_i[wdata][16] in module pad_control_reg_top is either unconnected or has no load
WARNING: [Synth 8-7129] Port reg_req_i[wdata][15] in module pad_control_reg_top is either unconnected or has no load
WARNING: [Synth 8-7129] Port reg_req_i[wdata][14] in module pad_control_reg_top is either unconnected or has no load
WARNING: [Synth 8-7129] Port reg_req_i[wdata][13] in module pad_control_reg_top is either unconnected or has no load
WARNING: [Synth 8-7129] Port reg_req_i[wdata][12] in module pad_control_reg_top is either unconnected or has no load
WARNING: [Synth 8-7129] Port reg_req_i[wdata][11] in module pad_control_reg_top is either unconnected or has no load
WARNING: [Synth 8-7129] Port reg_req_i[wdata][10] in module pad_control_reg_top is either unconnected or has no load
WARNING: [Synth 8-7129] Port reg_req_i[wdata][9] in module pad_control_reg_top is either unconnected or has no load
WARNING: [Synth 8-7129] Port reg_req_i[wdata][8] in module pad_control_reg_top is either unconnected or has no load
WARNING: [Synth 8-7129] Port pad_muxes_o[42][0] in module pad_control is either unconnected or has no load
WARNING: [Synth 8-7129] Port pad_muxes_o[41][0] in module pad_control is either unconnected or has no load
WARNING: [Synth 8-7129] Port pad_muxes_o[40][0] in module pad_control is either unconnected or has no load
WARNING: [Synth 8-7129] Port pad_muxes_o[39][0] in module pad_control is either unconnected or has no load
WARNING: [Synth 8-7129] Port pad_muxes_o[38][0] in module pad_control is either unconnected or has no load
WARNING: [Synth 8-7129] Port pad_muxes_o[37][0] in module pad_control is either unconnected or has no load
WARNING: [Synth 8-7129] Port pad_muxes_o[36][0] in module pad_control is either unconnected or has no load
WARNING: [Synth 8-7129] Port pad_muxes_o[35][0] in module pad_control is either unconnected or has no load
WARNING: [Synth 8-7129] Port pad_muxes_o[34][0] in module pad_control is either unconnected or has no load
WARNING: [Synth 8-7129] Port pad_muxes_o[33][0] in module pad_control is either unconnected or has no load
WARNING: [Synth 8-7129] Port pad_muxes_o[32][0] in module pad_control is either unconnected or has no load
WARNING: [Synth 8-7129] Port pad_muxes_o[31][0] in module pad_control is either unconnected or has no load
WARNING: [Synth 8-7129] Port pad_muxes_o[30][0] in module pad_control is either unconnected or has no load
WARNING: [Synth 8-7129] Port pad_muxes_o[29][0] in module pad_control is either unconnected or has no load
WARNING: [Synth 8-7129] Port pad_muxes_o[28][0] in module pad_control is either unconnected or has no load
WARNING: [Synth 8-7129] Port pad_muxes_o[27][0] in module pad_control is either unconnected or has no load
WARNING: [Synth 8-7129] Port pad_muxes_o[26][0] in module pad_control is either unconnected or has no load
WARNING: [Synth 8-7129] Port pad_muxes_o[20][0] in module pad_control is either unconnected or has no load
WARNING: [Synth 8-7129] Port pad_muxes_o[19][0] in module pad_control is either unconnected or has no load
WARNING: [Synth 8-7129] Port pad_muxes_o[15][0] in module pad_control is either unconnected or has no load
WARNING: [Synth 8-7129] Port pad_muxes_o[14][0] in module pad_control is either unconnected or has no load
WARNING: [Synth 8-7129] Port pad_muxes_o[13][0] in module pad_control is either unconnected or has no load
WARNING: [Synth 8-7129] Port pad_muxes_o[12][0] in module pad_control is either unconnected or has no load
WARNING: [Synth 8-7129] Port pad_muxes_o[11][0] in module pad_control is either unconnected or has no load
WARNING: [Synth 8-7129] Port pad_muxes_o[10][0] in module pad_control is either unconnected or has no load
WARNING: [Synth 8-7129] Port pad_muxes_o[9][0] in module pad_control is either unconnected or has no load
WARNING: [Synth 8-7129] Port pad_muxes_o[8][0] in module pad_control is either unconnected or has no load
WARNING: [Synth 8-7129] Port pad_muxes_o[7][0] in module pad_control is either unconnected or has no load
WARNING: [Synth 8-7129] Port pad_muxes_o[6][0] in module pad_control is either unconnected or has no load
WARNING: [Synth 8-7129] Port pad_muxes_o[5][0] in module pad_control is either unconnected or has no load
WARNING: [Synth 8-7129] Port pad_muxes_o[4][0] in module pad_control is either unconnected or has no load
WARNING: [Synth 8-7129] Port pad_muxes_o[3][0] in module pad_control is either unconnected or has no load
WARNING: [Synth 8-7129] Port pad_muxes_o[2][0] in module pad_control is either unconnected or has no load
WARNING: [Synth 8-7129] Port pad_muxes_o[1][0] in module pad_control is either unconnected or has no load
WARNING: [Synth 8-7129] Port pad_muxes_o[0][0] in module pad_control is either unconnected or has no load
WARNING: [Synth 8-7129] Port pad_attributes_i[7] in module pad_cell_inout is either unconnected or has no load
WARNING: [Synth 8-7129] Port pad_attributes_i[6] in module pad_cell_inout is either unconnected or has no load
WARNING: [Synth 8-7129] Port pad_attributes_i[5] in module pad_cell_inout is either unconnected or has no load
WARNING: [Synth 8-7129] Port pad_attributes_i[4] in module pad_cell_inout is either unconnected or has no load
WARNING: [Synth 8-7129] Port pad_attributes_i[3] in module pad_cell_inout is either unconnected or has no load
WARNING: [Synth 8-7129] Port pad_attributes_i[2] in module pad_cell_inout is either unconnected or has no load
WARNING: [Synth 8-7129] Port pad_attributes_i[1] in module pad_cell_inout is either unconnected or has no load
WARNING: [Synth 8-7129] Port pad_attributes_i[0] in module pad_cell_inout is either unconnected or has no load
WARNING: [Synth 8-7129] Port pad_oe_i in module pad_cell_output is either unconnected or has no load
INFO: [Common 17-14] Message 'Synth 8-7129' appears 100 times and further instances of the messages will be disabled. Use the Tcl command set_msg_config to change the current settings.
---------------------------------------------------------------------------------
Finished RTL Elaboration : Time (s): cpu = 00:00:06 ; elapsed = 00:00:07 . Memory (MB): peak = 2486.223 ; gain = 829.902 ; free physical = 12829 ; free virtual = 85264
---------------------------------------------------------------------------------
---------------------------------------------------------------------------------
Start Handling Custom Attributes
---------------------------------------------------------------------------------
---------------------------------------------------------------------------------
Finished Handling Custom Attributes : Time (s): cpu = 00:00:07 ; elapsed = 00:00:07 . Memory (MB): peak = 2492.160 ; gain = 835.840 ; free physical = 12829 ; free virtual = 85264
---------------------------------------------------------------------------------
---------------------------------------------------------------------------------
Finished RTL Optimization Phase 1 : Time (s): cpu = 00:00:07 ; elapsed = 00:00:07 . Memory (MB): peak = 2492.160 ; gain = 835.840 ; free physical = 12829 ; free virtual = 85264
---------------------------------------------------------------------------------
Netlist sorting complete. Time (s): cpu = 00:00:00.43 ; elapsed = 00:00:00.43 . Memory (MB): peak = 2495.129 ; gain = 0.000 ; free physical = 12831 ; free virtual = 85266
INFO: [Netlist 29-17] Analyzing 55 Unisim elements for replacement
INFO: [Netlist 29-28] Unisim Transformation completed in 0 CPU seconds
INFO: [Project 1-570] Preparing netlist for logic optimization

Processing XDC Constraints
Initializing timing engine
Parsing XDC File [/home/mfpdsmbaa/LabCatreda/GR-HEEP/build/x-heep_systems_gr-heep_0/nexys-a7-100t-vivado/x-heep_systems_gr-heep_0.gen/sources_1/bd/xilinx_clk_wizard/ip/xilinx_clk_wizard_clk_wiz_0_0/xilinx_clk_wizard_clk_wiz_0_0/xilinx_clk_wizard_clk_wiz_0_0_in_context.xdc] for cell 'xilinx_clk_wizard_wrapper_i/xilinx_clk_wizard_i/clk_wiz_0'
Finished Parsing XDC File [/home/mfpdsmbaa/LabCatreda/GR-HEEP/build/x-heep_systems_gr-heep_0/nexys-a7-100t-vivado/x-heep_systems_gr-heep_0.gen/sources_1/bd/xilinx_clk_wizard/ip/xilinx_clk_wizard_clk_wiz_0_0/xilinx_clk_wizard_clk_wiz_0_0/xilinx_clk_wizard_clk_wiz_0_0_in_context.xdc] for cell 'xilinx_clk_wizard_wrapper_i/xilinx_clk_wizard_i/clk_wiz_0'
Parsing XDC File [/home/mfpdsmbaa/LabCatreda/GR-HEEP/build/x-heep_systems_gr-heep_0/nexys-a7-100t-vivado/x-heep_systems_gr-heep_0.gen/sources_1/ip/xilinx_mem_gen_8192/xilinx_mem_gen_8192/xilinx_mem_gen_8192_in_context.xdc] for cell 'gr_heep_i/core_v_mini_mcu_i/memory_subsystem_i/ram0_i/tc_ram_i'
Finished Parsing XDC File [/home/mfpdsmbaa/LabCatreda/GR-HEEP/build/x-heep_systems_gr-heep_0/nexys-a7-100t-vivado/x-heep_systems_gr-heep_0.gen/sources_1/ip/xilinx_mem_gen_8192/xilinx_mem_gen_8192/xilinx_mem_gen_8192_in_context.xdc] for cell 'gr_heep_i/core_v_mini_mcu_i/memory_subsystem_i/ram0_i/tc_ram_i'
Parsing XDC File [/home/mfpdsmbaa/LabCatreda/GR-HEEP/build/x-heep_systems_gr-heep_0/nexys-a7-100t-vivado/x-heep_systems_gr-heep_0.gen/sources_1/ip/xilinx_mem_gen_8192/xilinx_mem_gen_8192/xilinx_mem_gen_8192_in_context.xdc] for cell 'gr_heep_i/core_v_mini_mcu_i/memory_subsystem_i/ram1_i/tc_ram_i'
Finished Parsing XDC File [/home/mfpdsmbaa/LabCatreda/GR-HEEP/build/x-heep_systems_gr-heep_0/nexys-a7-100t-vivado/x-heep_systems_gr-heep_0.gen/sources_1/ip/xilinx_mem_gen_8192/xilinx_mem_gen_8192/xilinx_mem_gen_8192_in_context.xdc] for cell 'gr_heep_i/core_v_mini_mcu_i/memory_subsystem_i/ram1_i/tc_ram_i'
Parsing XDC File [/home/mfpdsmbaa/LabCatreda/GR-HEEP/build/x-heep_systems_gr-heep_0/nexys-a7-100t-vivado/x-heep_systems_gr-heep_0.gen/sources_1/ip/xilinx_mem_gen_8192/xilinx_mem_gen_8192/xilinx_mem_gen_8192_in_context.xdc] for cell 'gr_heep_i/core_v_mini_mcu_i/memory_subsystem_i/ram2_i/tc_ram_i'
Finished Parsing XDC File [/home/mfpdsmbaa/LabCatreda/GR-HEEP/build/x-heep_systems_gr-heep_0/nexys-a7-100t-vivado/x-heep_systems_gr-heep_0.gen/sources_1/ip/xilinx_mem_gen_8192/xilinx_mem_gen_8192/xilinx_mem_gen_8192_in_context.xdc] for cell 'gr_heep_i/core_v_mini_mcu_i/memory_subsystem_i/ram2_i/tc_ram_i'
Parsing XDC File [/home/mfpdsmbaa/LabCatreda/GR-HEEP/build/x-heep_systems_gr-heep_0/nexys-a7-100t-vivado/x-heep_systems_gr-heep_0.gen/sources_1/ip/xilinx_mem_gen_8192/xilinx_mem_gen_8192/xilinx_mem_gen_8192_in_context.xdc] for cell 'gr_heep_i/core_v_mini_mcu_i/memory_subsystem_i/ram3_i/tc_ram_i'
Finished Parsing XDC File [/home/mfpdsmbaa/LabCatreda/GR-HEEP/build/x-heep_systems_gr-heep_0/nexys-a7-100t-vivado/x-heep_systems_gr-heep_0.gen/sources_1/ip/xilinx_mem_gen_8192/xilinx_mem_gen_8192/xilinx_mem_gen_8192_in_context.xdc] for cell 'gr_heep_i/core_v_mini_mcu_i/memory_subsystem_i/ram3_i/tc_ram_i'
Parsing XDC File [/home/mfpdsmbaa/LabCatreda/GR-HEEP/build/x-heep_systems_gr-heep_0/nexys-a7-100t-vivado/x-heep_systems_gr-heep_0.gen/sources_1/ip/xilinx_mem_gen_8192/xilinx_mem_gen_8192/xilinx_mem_gen_8192_in_context.xdc] for cell 'gr_heep_i/core_v_mini_mcu_i/memory_subsystem_i/ram4_i/tc_ram_i'
Finished Parsing XDC File [/home/mfpdsmbaa/LabCatreda/GR-HEEP/build/x-heep_systems_gr-heep_0/nexys-a7-100t-vivado/x-heep_systems_gr-heep_0.gen/sources_1/ip/xilinx_mem_gen_8192/xilinx_mem_gen_8192/xilinx_mem_gen_8192_in_context.xdc] for cell 'gr_heep_i/core_v_mini_mcu_i/memory_subsystem_i/ram4_i/tc_ram_i'
Parsing XDC File [/home/mfpdsmbaa/LabCatreda/GR-HEEP/build/x-heep_systems_gr-heep_0/nexys-a7-100t-vivado/x-heep_systems_gr-heep_0.gen/sources_1/ip/xilinx_mem_gen_8192/xilinx_mem_gen_8192/xilinx_mem_gen_8192_in_context.xdc] for cell 'gr_heep_i/core_v_mini_mcu_i/memory_subsystem_i/ram5_i/tc_ram_i'
Finished Parsing XDC File [/home/mfpdsmbaa/LabCatreda/GR-HEEP/build/x-heep_systems_gr-heep_0/nexys-a7-100t-vivado/x-heep_systems_gr-heep_0.gen/sources_1/ip/xilinx_mem_gen_8192/xilinx_mem_gen_8192/xilinx_mem_gen_8192_in_context.xdc] for cell 'gr_heep_i/core_v_mini_mcu_i/memory_subsystem_i/ram5_i/tc_ram_i'
Parsing XDC File [/home/mfpdsmbaa/LabCatreda/GR-HEEP/build/x-heep_systems_gr-heep_0/nexys-a7-100t-vivado/x-heep_systems_gr-heep_0.gen/sources_1/ip/xilinx_mem_gen_4096/xilinx_mem_gen_4096/xilinx_mem_gen_4096_in_context.xdc] for cell 'gr_heep_i/core_v_mini_mcu_i/memory_subsystem_i/ram6_i/tc_ram_i'
Finished Parsing XDC File [/home/mfpdsmbaa/LabCatreda/GR-HEEP/build/x-heep_systems_gr-heep_0/nexys-a7-100t-vivado/x-heep_systems_gr-heep_0.gen/sources_1/ip/xilinx_mem_gen_4096/xilinx_mem_gen_4096/xilinx_mem_gen_4096_in_context.xdc] for cell 'gr_heep_i/core_v_mini_mcu_i/memory_subsystem_i/ram6_i/tc_ram_i'
Parsing XDC File [/home/mfpdsmbaa/LabCatreda/GR-HEEP/build/x-heep_systems_gr-heep_0/nexys-a7-100t-vivado/x-heep_systems_gr-heep_0.gen/sources_1/ip/xilinx_mem_gen_4096/xilinx_mem_gen_4096/xilinx_mem_gen_4096_in_context.xdc] for cell 'gr_heep_i/core_v_mini_mcu_i/memory_subsystem_i/ram7_i/tc_ram_i'
Finished Parsing XDC File [/home/mfpdsmbaa/LabCatreda/GR-HEEP/build/x-heep_systems_gr-heep_0/nexys-a7-100t-vivado/x-heep_systems_gr-heep_0.gen/sources_1/ip/xilinx_mem_gen_4096/xilinx_mem_gen_4096/xilinx_mem_gen_4096_in_context.xdc] for cell 'gr_heep_i/core_v_mini_mcu_i/memory_subsystem_i/ram7_i/tc_ram_i'
Parsing XDC File [/home/mfpdsmbaa/LabCatreda/GR-HEEP/build/x-heep_systems_gr-heep_0/nexys-a7-100t-vivado/x-heep_systems_gr-heep_0.gen/sources_1/ip/xilinx_mem_gen_4096/xilinx_mem_gen_4096/xilinx_mem_gen_4096_in_context.xdc] for cell 'gr_heep_i/core_v_mini_mcu_i/memory_subsystem_i/ram8_i/tc_ram_i'
Finished Parsing XDC File [/home/mfpdsmbaa/LabCatreda/GR-HEEP/build/x-heep_systems_gr-heep_0/nexys-a7-100t-vivado/x-heep_systems_gr-heep_0.gen/sources_1/ip/xilinx_mem_gen_4096/xilinx_mem_gen_4096/xilinx_mem_gen_4096_in_context.xdc] for cell 'gr_heep_i/core_v_mini_mcu_i/memory_subsystem_i/ram8_i/tc_ram_i'
Parsing XDC File [/home/mfpdsmbaa/LabCatreda/GR-HEEP/build/x-heep_systems_gr-heep_0/nexys-a7-100t-vivado/x-heep_systems_gr-heep_0.gen/sources_1/ip/xilinx_mem_gen_4096/xilinx_mem_gen_4096/xilinx_mem_gen_4096_in_context.xdc] for cell 'gr_heep_i/core_v_mini_mcu_i/memory_subsystem_i/ram9_i/tc_ram_i'
Finished Parsing XDC File [/home/mfpdsmbaa/LabCatreda/GR-HEEP/build/x-heep_systems_gr-heep_0/nexys-a7-100t-vivado/x-heep_systems_gr-heep_0.gen/sources_1/ip/xilinx_mem_gen_4096/xilinx_mem_gen_4096/xilinx_mem_gen_4096_in_context.xdc] for cell 'gr_heep_i/core_v_mini_mcu_i/memory_subsystem_i/ram9_i/tc_ram_i'
Parsing XDC File [/home/mfpdsmbaa/LabCatreda/GR-HEEP/hw/fpga/constraints/nexys/pin_assign.xdc]
WARNING: [Vivado 12-507] No nets matched 'clk_led_o_OBUF'. [/home/mfpdsmbaa/LabCatreda/GR-HEEP/hw/fpga/constraints/nexys/pin_assign.xdc:16]
WARNING: [Vivado 12-507] No nets matched 'rst_led_o_OBUF'. [/home/mfpdsmbaa/LabCatreda/GR-HEEP/hw/fpga/constraints/nexys/pin_assign.xdc:17]
WARNING: [Vivado 12-507] No nets matched 'jtag_tck_i_IBUF'. [/home/mfpdsmbaa/LabCatreda/GR-HEEP/hw/fpga/constraints/nexys/pin_assign.xdc:100]
Finished Parsing XDC File [/home/mfpdsmbaa/LabCatreda/GR-HEEP/hw/fpga/constraints/nexys/pin_assign.xdc]
WARNING: [Project 1-498] One or more constraints failed evaluation while reading constraint file [/home/mfpdsmbaa/LabCatreda/GR-HEEP/hw/fpga/constraints/nexys/pin_assign.xdc] and the design contains unresolved black boxes. These constraints will be read post-synthesis (as long as their source constraint file is marked as used_in_implementation) and should be applied correctly then. You should review the constraints listed in the file [.Xil/xilinx_gr_heep_wrapper_propImpl.xdc] and check the run log file to verify that these constraints were correctly applied.
INFO: [Project 1-236] Implementation specific constraints were found while reading constraint file [/home/mfpdsmbaa/LabCatreda/GR-HEEP/hw/fpga/constraints/nexys/pin_assign.xdc]. These constraints will be ignored for synthesis but will be used in implementation. Impacted constraints are listed in the file [.Xil/xilinx_gr_heep_wrapper_propImpl.xdc].
Resolution: To avoid this warning, move constraints listed in [.Xil/xilinx_gr_heep_wrapper_propImpl.xdc] to another XDC file and exclude this new file from synthesis with the used_in_synthesis property (File Properties dialog in GUI) and re-run elaboration/synthesis.
Parsing XDC File [/home/mfpdsmbaa/LabCatreda/GR-HEEP/hw/fpga/constraints/nexys/constraints.xdc]
INFO: [Vivado 12-2286] Implicit search of objects for pattern 'gr_heep_i/core_v_mini_mcu_i/debug_subsystem_i/dm_obi_top_i/i_dm_top/i_dm_csrs/dmcontrol_q_reg[ndmreset]/C' matched to 'pin' objects. [/home/mfpdsmbaa/LabCatreda/GR-HEEP/hw/fpga/constraints/nexys/constraints.xdc:6]
Resolution: To avoid ambiguous patterns, provide proper objects using get commands e.g. [get_nets xyz].
INFO: [Vivado 12-2286] Implicit search of objects for pattern 'gr_heep_i/rstgen_i/i_rstgen_bypass/synch_regs_q_reg[3]/C' matched to 'pin' objects. [/home/mfpdsmbaa/LabCatreda/GR-HEEP/hw/fpga/constraints/nexys/constraints.xdc:7]
Resolution: To avoid ambiguous patterns, provide proper objects using get commands e.g. [get_nets xyz].
Finished Parsing XDC File [/home/mfpdsmbaa/LabCatreda/GR-HEEP/hw/fpga/constraints/nexys/constraints.xdc]
Parsing XDC File [/home/mfpdsmbaa/LabCatreda/GR-HEEP/hw/fpga/constraints/common/spi_slave.xdc]
INFO: [Vivado 12-2286] Implicit search of objects for pattern 'gr_heep_i/pad_control_i/pad_control_reg_top_i/u_pad_mux_spi_slave_mosi/q_reg[*]/Q' matched to 'pin' objects. [/home/mfpdsmbaa/LabCatreda/GR-HEEP/hw/fpga/constraints/common/spi_slave.xdc:4]
Resolution: To avoid ambiguous patterns, provide proper objects using get commands e.g. [get_nets xyz].
INFO: [Vivado 12-2286] Implicit search of objects for pattern 'gr_heep_i/pad_control_i/pad_control_reg_top_i/u_pad_mux_spi_slave_miso/q_reg[*]/Q' matched to 'pin' objects. [/home/mfpdsmbaa/LabCatreda/GR-HEEP/hw/fpga/constraints/common/spi_slave.xdc:5]
Resolution: To avoid ambiguous patterns, provide proper objects using get commands e.g. [get_nets xyz].
INFO: [Vivado 12-2286] Implicit search of objects for pattern 'gr_heep_i/pad_control_i/pad_control_reg_top_i/u_pad_mux_spi_slave_sck/q_reg[*]/Q' matched to 'pin' objects. [/home/mfpdsmbaa/LabCatreda/GR-HEEP/hw/fpga/constraints/common/spi_slave.xdc:6]
Resolution: To avoid ambiguous patterns, provide proper objects using get commands e.g. [get_nets xyz].
INFO: [Vivado 12-2286] Implicit search of objects for pattern 'gr_heep_i/pad_control_i/pad_control_reg_top_i/u_pad_mux_spi_slave_cs/q_reg[*]/Q' matched to 'pin' objects. [/home/mfpdsmbaa/LabCatreda/GR-HEEP/hw/fpga/constraints/common/spi_slave.xdc:7]
Resolution: To avoid ambiguous patterns, provide proper objects using get commands e.g. [get_nets xyz].
INFO: [Vivado 12-2286] Implicit search of objects for pattern 'gr_heep_i/core_v_mini_mcu_i/debug_subsystem_i/gen_spi_slave.obi_spi_slave_i/u_slave_sm/u_spiregs/reg2_reg[*]/C' matched to 'pin' objects. [/home/mfpdsmbaa/LabCatreda/GR-HEEP/hw/fpga/constraints/common/spi_slave.xdc:10]
Resolution: To avoid ambiguous patterns, provide proper objects using get commands e.g. [get_nets xyz].
INFO: [Vivado 12-2286] Implicit search of objects for pattern 'gr_heep_i/core_v_mini_mcu_i/debug_subsystem_i/gen_spi_slave.obi_spi_slave_i/u_obiplug/curr_addr_reg[*]/D' matched to 'pin' objects. [/home/mfpdsmbaa/LabCatreda/GR-HEEP/hw/fpga/constraints/common/spi_slave.xdc:10]
Resolution: To avoid ambiguous patterns, provide proper objects using get commands e.g. [get_nets xyz].
INFO: [Vivado 12-2286] Implicit search of objects for pattern 'gr_heep_i/core_v_mini_mcu_i/debug_subsystem_i/gen_spi_slave.obi_spi_slave_i/u_slave_sm/u_spiregs/reg1_reg[*]/C' matched to 'pin' objects. [/home/mfpdsmbaa/LabCatreda/GR-HEEP/hw/fpga/constraints/common/spi_slave.xdc:13]
Resolution: To avoid ambiguous patterns, provide proper objects using get commands e.g. [get_nets xyz].
INFO: [Vivado 12-2286] Implicit search of objects for pattern 'gr_heep_i/core_v_mini_mcu_i/debug_subsystem_i/gen_spi_slave.obi_spi_slave_i/u_obiplug/curr_addr_reg[*]/D' matched to 'pin' objects. [/home/mfpdsmbaa/LabCatreda/GR-HEEP/hw/fpga/constraints/common/spi_slave.xdc:13]
Resolution: To avoid ambiguous patterns, provide proper objects using get commands e.g. [get_nets xyz].
INFO: [Vivado 12-2286] Implicit search of objects for pattern 'gr_heep_i/core_v_mini_mcu_i/debug_subsystem_i/gen_spi_slave.obi_spi_slave_i/u_slave_sm/u_spiregs/reg2_reg[*]/C' matched to 'pin' objects. [/home/mfpdsmbaa/LabCatreda/GR-HEEP/hw/fpga/constraints/common/spi_slave.xdc:16]
Resolution: To avoid ambiguous patterns, provide proper objects using get commands e.g. [get_nets xyz].
INFO: [Vivado 12-2286] Implicit search of objects for pattern 'gr_heep_i/core_v_mini_mcu_i/debug_subsystem_i/gen_spi_slave.obi_spi_slave_i/u_obiplug/tx_counter_reg[*]/D' matched to 'pin' objects. [/home/mfpdsmbaa/LabCatreda/GR-HEEP/hw/fpga/constraints/common/spi_slave.xdc:16]
Resolution: To avoid ambiguous patterns, provide proper objects using get commands e.g. [get_nets xyz].
INFO: [Vivado 12-2286] Implicit search of objects for pattern 'gr_heep_i/core_v_mini_mcu_i/debug_subsystem_i/gen_spi_slave.obi_spi_slave_i/u_slave_sm/u_spiregs/reg1_reg[*]/C' matched to 'pin' objects. [/home/mfpdsmbaa/LabCatreda/GR-HEEP/hw/fpga/constraints/common/spi_slave.xdc:19]
Resolution: To avoid ambiguous patterns, provide proper objects using get commands e.g. [get_nets xyz].
INFO: [Vivado 12-2286] Implicit search of objects for pattern 'gr_heep_i/core_v_mini_mcu_i/debug_subsystem_i/gen_spi_slave.obi_spi_slave_i/u_obiplug/tx_counter_reg[*]/D' matched to 'pin' objects. [/home/mfpdsmbaa/LabCatreda/GR-HEEP/hw/fpga/constraints/common/spi_slave.xdc:19]
Resolution: To avoid ambiguous patterns, provide proper objects using get commands e.g. [get_nets xyz].
INFO: [Vivado 12-2286] Implicit search of objects for pattern 'gr_heep_i/core_v_mini_mcu_i/debug_subsystem_i/gen_spi_slave.obi_spi_slave_i/u_slave_sm/u_spiregs/reg2_reg[*]/C' matched to 'pin' objects. [/home/mfpdsmbaa/LabCatreda/GR-HEEP/hw/fpga/constraints/common/spi_slave.xdc:22]
Resolution: To avoid ambiguous patterns, provide proper objects using get commands e.g. [get_nets xyz].
WARNING: [Vivado 12-1580] clock, cell, port or pin 'gr_heep_i/core_v_mini_mcu_i/debug_subsystem_i/gen_spi_slave.obi_spi_slave_i/u_obiplug/FSM_sequential_OBI_CS_reg[*]/D' not found. [/home/mfpdsmbaa/LabCatreda/GR-HEEP/hw/fpga/constraints/common/spi_slave.xdc:22]
INFO: [Vivado 12-2286] Implicit search of objects for pattern 'gr_heep_i/core_v_mini_mcu_i/debug_subsystem_i/gen_spi_slave.obi_spi_slave_i/u_slave_sm/u_spiregs/reg1_reg[*]/C' matched to 'pin' objects. [/home/mfpdsmbaa/LabCatreda/GR-HEEP/hw/fpga/constraints/common/spi_slave.xdc:25]
Resolution: To avoid ambiguous patterns, provide proper objects using get commands e.g. [get_nets xyz].
WARNING: [Vivado 12-1580] clock, cell, port or pin 'gr_heep_i/core_v_mini_mcu_i/debug_subsystem_i/gen_spi_slave.obi_spi_slave_i/u_obiplug/FSM_sequential_OBI_CS_reg[*]/D' not found. [/home/mfpdsmbaa/LabCatreda/GR-HEEP/hw/fpga/constraints/common/spi_slave.xdc:25]
INFO: [Vivado 12-2286] Implicit search of objects for pattern 'gr_heep_i/core_v_mini_mcu_i/debug_subsystem_i/gen_spi_slave.obi_spi_slave_i/u_slave_sm/addr_reg_reg[*]/C' matched to 'pin' objects. [/home/mfpdsmbaa/LabCatreda/GR-HEEP/hw/fpga/constraints/common/spi_slave.xdc:28]
Resolution: To avoid ambiguous patterns, provide proper objects using get commands e.g. [get_nets xyz].
INFO: [Vivado 12-2286] Implicit search of objects for pattern 'gr_heep_i/core_v_mini_mcu_i/debug_subsystem_i/gen_spi_slave.obi_spi_slave_i/u_obiplug/curr_addr_reg[*]/D' matched to 'pin' objects. [/home/mfpdsmbaa/LabCatreda/GR-HEEP/hw/fpga/constraints/common/spi_slave.xdc:28]
Resolution: To avoid ambiguous patterns, provide proper objects using get commands e.g. [get_nets xyz].
INFO: [Vivado 12-2286] Implicit search of objects for pattern 'spi_slave_mosi_io' matched to 'port' objects. [/home/mfpdsmbaa/LabCatreda/GR-HEEP/hw/fpga/constraints/common/spi_slave.xdc:32]
Resolution: To avoid ambiguous patterns, provide proper objects using get commands e.g. [get_nets xyz].
INFO: [Vivado 12-2286] Implicit search of objects for pattern 'gr_heep_i/core_v_mini_mcu_i/debug_subsystem_i/gen_spi_slave.obi_spi_slave_i/u_syncro/rdwr_reg_reg[*]/D' matched to 'pin' objects. [/home/mfpdsmbaa/LabCatreda/GR-HEEP/hw/fpga/constraints/common/spi_slave.xdc:32]
Resolution: To avoid ambiguous patterns, provide proper objects using get commands e.g. [get_nets xyz].
INFO: [Vivado 12-2286] Implicit search of objects for pattern 'gr_heep_i/core_v_mini_mcu_i/debug_subsystem_i/gen_spi_slave.obi_spi_slave_i/u_rxreg/data_int_reg[*]/C' matched to 'pin' objects. [/home/mfpdsmbaa/LabCatreda/GR-HEEP/hw/fpga/constraints/common/spi_slave.xdc:35]
Resolution: To avoid ambiguous patterns, provide proper objects using get commands e.g. [get_nets xyz].
INFO: [Vivado 12-2286] Implicit search of objects for pattern 'gr_heep_i/core_v_mini_mcu_i/debug_subsystem_i/gen_spi_slave.obi_spi_slave_i/u_syncro/rdwr_reg_reg[*]/D' matched to 'pin' objects. [/home/mfpdsmbaa/LabCatreda/GR-HEEP/hw/fpga/constraints/common/spi_slave.xdc:35]
Resolution: To avoid ambiguous patterns, provide proper objects using get commands e.g. [get_nets xyz].
INFO: [Vivado 12-2286] Implicit search of objects for pattern 'gr_heep_i/core_v_mini_mcu_i/debug_subsystem_i/gen_spi_slave.obi_spi_slave_i/u_rxreg/counter_reg[*]/C' matched to 'pin' objects. [/home/mfpdsmbaa/LabCatreda/GR-HEEP/hw/fpga/constraints/common/spi_slave.xdc:38]
Resolution: To avoid ambiguous patterns, provide proper objects using get commands e.g. [get_nets xyz].
INFO: [Vivado 12-2286] Implicit search of objects for pattern 'gr_heep_i/core_v_mini_mcu_i/debug_subsystem_i/gen_spi_slave.obi_spi_slave_i/u_syncro/rdwr_reg_reg[*]/D' matched to 'pin' objects. [/home/mfpdsmbaa/LabCatreda/GR-HEEP/hw/fpga/constraints/common/spi_slave.xdc:38]
Resolution: To avoid ambiguous patterns, provide proper objects using get commands e.g. [get_nets xyz].
INFO: [Vivado 12-2286] Implicit search of objects for pattern 'gr_heep_i/core_v_mini_mcu_i/debug_subsystem_i/gen_spi_slave.obi_spi_slave_i/u_rxreg/counter_trgt_reg[*]/C' matched to 'pin' objects. [/home/mfpdsmbaa/LabCatreda/GR-HEEP/hw/fpga/constraints/common/spi_slave.xdc:41]
Resolution: To avoid ambiguous patterns, provide proper objects using get commands e.g. [get_nets xyz].
INFO: [Vivado 12-2286] Implicit search of objects for pattern 'gr_heep_i/core_v_mini_mcu_i/debug_subsystem_i/gen_spi_slave.obi_spi_slave_i/u_syncro/rdwr_reg_reg[*]/D' matched to 'pin' objects. [/home/mfpdsmbaa/LabCatreda/GR-HEEP/hw/fpga/constraints/common/spi_slave.xdc:41]
Resolution: To avoid ambiguous patterns, provide proper objects using get commands e.g. [get_nets xyz].
INFO: [Vivado 12-2286] Implicit search of objects for pattern 'gr_heep_i/core_v_mini_mcu_i/debug_subsystem_i/gen_spi_slave.obi_spi_slave_i/u_rxreg/running_reg/C' matched to 'pin' objects. [/home/mfpdsmbaa/LabCatreda/GR-HEEP/hw/fpga/constraints/common/spi_slave.xdc:44]
Resolution: To avoid ambiguous patterns, provide proper objects using get commands e.g. [get_nets xyz].
INFO: [Vivado 12-2286] Implicit search of objects for pattern 'gr_heep_i/core_v_mini_mcu_i/debug_subsystem_i/gen_spi_slave.obi_spi_slave_i/u_syncro/rdwr_reg_reg[*]/D' matched to 'pin' objects. [/home/mfpdsmbaa/LabCatreda/GR-HEEP/hw/fpga/constraints/common/spi_slave.xdc:44]
Resolution: To avoid ambiguous patterns, provide proper objects using get commands e.g. [get_nets xyz].
INFO: [Vivado 12-2286] Implicit search of objects for pattern 'gr_heep_i/core_v_mini_mcu_i/debug_subsystem_i/gen_spi_slave.obi_spi_slave_i/u_rxreg/counter_trgt_reg[*]/C' matched to 'pin' objects. [/home/mfpdsmbaa/LabCatreda/GR-HEEP/hw/fpga/constraints/common/spi_slave.xdc:48]
Resolution: To avoid ambiguous patterns, provide proper objects using get commands e.g. [get_nets xyz].
INFO: [Vivado 12-2286] Implicit search of objects for pattern 'gr_heep_i/core_v_mini_mcu_i/debug_subsystem_i/gen_spi_slave.obi_spi_slave_i/u_syncro/rdwr_reg_reg[*]/D' matched to 'pin' objects. [/home/mfpdsmbaa/LabCatreda/GR-HEEP/hw/fpga/constraints/common/spi_slave.xdc:48]
Resolution: To avoid ambiguous patterns, provide proper objects using get commands e.g. [get_nets xyz].
WARNING: [Vivado 12-1580] clock, cell, port or pin 'gr_heep_i/core_v_mini_mcu_i/debug_subsystem_i/gen_spi_slave.obi_spi_slave_i/u_slave_sm/FSM_sequential_state_reg[*]/C' not found. [/home/mfpdsmbaa/LabCatreda/GR-HEEP/hw/fpga/constraints/common/spi_slave.xdc:52]
INFO: [Vivado 12-2286] Implicit search of objects for pattern 'gr_heep_i/core_v_mini_mcu_i/debug_subsystem_i/gen_spi_slave.obi_spi_slave_i/u_syncro/rdwr_reg_reg[*]/D' matched to 'pin' objects. [/home/mfpdsmbaa/LabCatreda/GR-HEEP/hw/fpga/constraints/common/spi_slave.xdc:52]
Resolution: To avoid ambiguous patterns, provide proper objects using get commands e.g. [get_nets xyz].
INFO: [Vivado 12-2286] Implicit search of objects for pattern 'gr_heep_i/core_v_mini_mcu_i/debug_subsystem_i/gen_spi_slave.obi_spi_slave_i/u_slave_sm/cmd_reg_reg[*]/C' matched to 'pin' objects. [/home/mfpdsmbaa/LabCatreda/GR-HEEP/hw/fpga/constraints/common/spi_slave.xdc:55]
Resolution: To avoid ambiguous patterns, provide proper objects using get commands e.g. [get_nets xyz].
INFO: [Vivado 12-2286] Implicit search of objects for pattern 'gr_heep_i/core_v_mini_mcu_i/debug_subsystem_i/gen_spi_slave.obi_spi_slave_i/u_syncro/rdwr_reg_reg[*]/D' matched to 'pin' objects. [/home/mfpdsmbaa/LabCatreda/GR-HEEP/hw/fpga/constraints/common/spi_slave.xdc:55]
Resolution: To avoid ambiguous patterns, provide proper objects using get commands e.g. [get_nets xyz].
INFO: [Vivado 12-2286] Implicit search of objects for pattern 'gr_heep_i/core_v_mini_mcu_i/debug_subsystem_i/gen_spi_slave.obi_spi_slave_i/u_slave_sm/ctrl_addr_valid_reg/C' matched to 'pin' objects. [/home/mfpdsmbaa/LabCatreda/GR-HEEP/hw/fpga/constraints/common/spi_slave.xdc:58]
Resolution: To avoid ambiguous patterns, provide proper objects using get commands e.g. [get_nets xyz].
INFO: [Vivado 12-2286] Implicit search of objects for pattern 'gr_heep_i/core_v_mini_mcu_i/debug_subsystem_i/gen_spi_slave.obi_spi_slave_i/u_syncro/valid_reg_reg[0]/D' matched to 'pin' objects. [/home/mfpdsmbaa/LabCatreda/GR-HEEP/hw/fpga/constraints/common/spi_slave.xdc:58]
Resolution: To avoid ambiguous patterns, provide proper objects using get commands e.g. [get_nets xyz].
Finished Parsing XDC File [/home/mfpdsmbaa/LabCatreda/GR-HEEP/hw/fpga/constraints/common/spi_slave.xdc]
WARNING: [Project 1-498] One or more constraints failed evaluation while reading constraint file [/home/mfpdsmbaa/LabCatreda/GR-HEEP/hw/fpga/constraints/common/spi_slave.xdc] and the design contains unresolved black boxes. These constraints will be read post-synthesis (as long as their source constraint file is marked as used_in_implementation) and should be applied correctly then. You should review the constraints listed in the file [.Xil/xilinx_gr_heep_wrapper_propImpl.xdc] and check the run log file to verify that these constraints were correctly applied.
INFO: [Project 1-236] Implementation specific constraints were found while reading constraint file [/home/mfpdsmbaa/LabCatreda/GR-HEEP/hw/fpga/constraints/common/spi_slave.xdc]. These constraints will be ignored for synthesis but will be used in implementation. Impacted constraints are listed in the file [.Xil/xilinx_gr_heep_wrapper_propImpl.xdc].
Resolution: To avoid this warning, move constraints listed in [.Xil/xilinx_gr_heep_wrapper_propImpl.xdc] to another XDC file and exclude this new file from synthesis with the used_in_synthesis property (File Properties dialog in GUI) and re-run elaboration/synthesis.
Parsing XDC File [/home/mfpdsmbaa/LabCatreda/GR-HEEP/hw/fpga/constraints/common/jtag.xdc]
WARNING: [Designutils 20-1567] Use of 'set_false_path' with '-hold' is not supported by synthesis. The constraint will not be passed to synthesis. [/home/mfpdsmbaa/LabCatreda/GR-HEEP/hw/fpga/constraints/common/jtag.xdc:3]
CRITICAL WARNING: [Designutils 20-1307] Command 'foreach' is not supported in the xdc constraint file. [/home/mfpdsmbaa/LabCatreda/GR-HEEP/hw/fpga/constraints/common/jtag.xdc:9]
Finished Parsing XDC File [/home/mfpdsmbaa/LabCatreda/GR-HEEP/hw/fpga/constraints/common/jtag.xdc]
INFO: [Project 1-236] Implementation specific constraints were found while reading constraint file [/home/mfpdsmbaa/LabCatreda/GR-HEEP/hw/fpga/constraints/common/jtag.xdc]. These constraints will be ignored for synthesis but will be used in implementation. Impacted constraints are listed in the file [.Xil/xilinx_gr_heep_wrapper_propImpl.xdc].
Resolution: To avoid this warning, move constraints listed in [.Xil/xilinx_gr_heep_wrapper_propImpl.xdc] to another XDC file and exclude this new file from synthesis with the used_in_synthesis property (File Properties dialog in GUI) and re-run elaboration/synthesis.
Parsing XDC File [/home/mfpdsmbaa/LabCatreda/GR-HEEP/hw/fpga/constraints/common/sync.xdc]
CRITICAL WARNING: [Designutils 20-1307] Command 'foreach' is not supported in the xdc constraint file. [/home/mfpdsmbaa/LabCatreda/GR-HEEP/hw/fpga/constraints/common/sync.xdc:5]
Finished Parsing XDC File [/home/mfpdsmbaa/LabCatreda/GR-HEEP/hw/fpga/constraints/common/sync.xdc]
Parsing XDC File [/home/mfpdsmbaa/LabCatreda/GR-HEEP/build/x-heep_systems_gr-heep_0/nexys-a7-100t-vivado/x-heep_systems_gr-heep_0.runs/synth_1/dont_touch.xdc]
Finished Parsing XDC File [/home/mfpdsmbaa/LabCatreda/GR-HEEP/build/x-heep_systems_gr-heep_0/nexys-a7-100t-vivado/x-heep_systems_gr-heep_0.runs/synth_1/dont_touch.xdc]
Completed Processing XDC Constraints

Netlist sorting complete. Time (s): cpu = 00:00:00.01 ; elapsed = 00:00:00.01 . Memory (MB): peak = 2706.879 ; gain = 0.000 ; free physical = 12756 ; free virtual = 85193
INFO: [Project 1-111] Unisim Transformation Summary:
  A total of 55 instances were transformed.
  BUFGMUX => BUFGCTRL (inverted pins: CE0): 9 instances
  IOBUF => IOBUF (IBUF, OBUFT): 46 instances

Constraint Validation Runtime : Time (s): cpu = 00:00:00.1 ; elapsed = 00:00:00.11 . Memory (MB): peak = 2706.914 ; gain = 0.000 ; free physical = 12756 ; free virtual = 85193
---------------------------------------------------------------------------------
Finished Constraint Validation : Time (s): cpu = 00:00:17 ; elapsed = 00:00:15 . Memory (MB): peak = 2706.914 ; gain = 1050.594 ; free physical = 12730 ; free virtual = 85167
---------------------------------------------------------------------------------
---------------------------------------------------------------------------------
Start Loading Part and Timing Information
---------------------------------------------------------------------------------
Loading part: xc7a100tcsg324-1
---------------------------------------------------------------------------------
Finished RTL Optimization Phase 2 : Time (s): cpu = 00:00:24 ; elapsed = 00:00:23 . Memory (MB): peak = 2706.914 ; gain = 1050.594 ; free physical = 9730 ; free virtual = 82176
---------------------------------------------------------------------------------
INFO: [Synth 8-223] decloning instance 'gpio:/i_reg_file/u_cfg_glbl_intrpt_mode' (prim_subreg) to 'gpio:/i_reg_file/u_cfg_pin_lvl_intrpt_mode'
---------------------------------------------------------------------------------
Start RTL Component Statistics 
---------------------------------------------------------------------------------
Detailed RTL Component Info : 
+---Adders : 
	   2 Input   64 Bit       Adders := 7     
	   2 Input   37 Bit       Adders := 1     
	   2 Input   32 Bit       Adders := 33    
	   3 Input   32 Bit       Adders := 2     
	   5 Input   32 Bit       Adders := 1     
	   2 Input   31 Bit       Adders := 1     
	   2 Input   25 Bit       Adders := 1     
	   2 Input   24 Bit       Adders := 8     
	   2 Input   20 Bit       Adders := 1     
	   5 Input   20 Bit       Adders := 1     
	   4 Input   20 Bit       Adders := 2     
	   3 Input   18 Bit       Adders := 9     
	   2 Input   17 Bit       Adders := 31    
	   3 Input   17 Bit       Adders := 16    
	   2 Input   16 Bit       Adders := 14    
	   2 Input   15 Bit       Adders := 1     
	   2 Input   12 Bit       Adders := 5     
	   2 Input   11 Bit       Adders := 1     
	   2 Input    9 Bit       Adders := 1     
	   2 Input    8 Bit       Adders := 16    
	   3 Input    7 Bit       Adders := 12    
	   2 Input    7 Bit       Adders := 14    
	   2 Input    6 Bit       Adders := 16    
	   3 Input    6 Bit       Adders := 12    
	   2 Input    5 Bit       Adders := 11    
	   3 Input    5 Bit       Adders := 1     
	   2 Input    4 Bit       Adders := 22    
	   3 Input    4 Bit       Adders := 4     
	   2 Input    3 Bit       Adders := 57    
	   3 Input    3 Bit       Adders := 9     
	   2 Input    2 Bit       Adders := 85    
	   3 Input    2 Bit       Adders := 1     
	   2 Input    1 Bit       Adders := 10    
+---XORs : 
	   2 Input     32 Bit         XORs := 2     
	   2 Input     17 Bit         XORs := 1     
	   2 Input      8 Bit         XORs := 3     
	   2 Input      7 Bit         XORs := 3     
	   2 Input      6 Bit         XORs := 6     
	   2 Input      5 Bit         XORs := 8     
	   2 Input      4 Bit         XORs := 1     
	   2 Input      3 Bit         XORs := 11    
	   2 Input      1 Bit         XORs := 25    
+---XORs : 
	               10 Bit    Wide XORs := 1     
	                8 Bit    Wide XORs := 1     
	                5 Bit    Wide XORs := 8     
	                4 Bit    Wide XORs := 8     
	                3 Bit    Wide XORs := 16    
	                2 Bit    Wide XORs := 16    
+---Registers : 
	               64 Bit    Registers := 10    
	               61 Bit    Registers := 12    
	               41 Bit    Registers := 1     
	               36 Bit    Registers := 219   
	               34 Bit    Registers := 2     
	               32 Bit    Registers := 439   
	               31 Bit    Registers := 2     
	               24 Bit    Registers := 14    
	               23 Bit    Registers := 8     
	               20 Bit    Registers := 1     
	               18 Bit    Registers := 108   
	               17 Bit    Registers := 25    
	               16 Bit    Registers := 62    
	               15 Bit    Registers := 3     
	               14 Bit    Registers := 1     
	               13 Bit    Registers := 36    
	               12 Bit    Registers := 10    
	               11 Bit    Registers := 2     
	               10 Bit    Registers := 34    
	                9 Bit    Registers := 4     
	                8 Bit    Registers := 318   
	                7 Bit    Registers := 15    
	                6 Bit    Registers := 50    
	                5 Bit    Registers := 14    
	                4 Bit    Registers := 97    
	                3 Bit    Registers := 143   
	                2 Bit    Registers := 344   
	                1 Bit    Registers := 3490  
+---Multipliers : 
	              32x32  Multipliers := 1     
+---Muxes : 
	   2 Input   69 Bit        Muxes := 142   
	   2 Input   64 Bit        Muxes := 59    
	   4 Input   64 Bit        Muxes := 3     
	   8 Input   64 Bit        Muxes := 2     
	   5 Input   64 Bit        Muxes := 1     
	  21 Input   64 Bit        Muxes := 1     
	   4 Input   61 Bit        Muxes := 3     
	   2 Input   61 Bit        Muxes := 6     
	  47 Input   47 Bit        Muxes := 1     
	   2 Input   47 Bit        Muxes := 31    
	   2 Input   41 Bit        Muxes := 4     
	   2 Input   36 Bit        Muxes := 15    
	   2 Input   34 Bit        Muxes := 1     
	   2 Input   33 Bit        Muxes := 1     
	   2 Input   32 Bit        Muxes := 441   
	   3 Input   32 Bit        Muxes := 33    
	   4 Input   32 Bit        Muxes := 39    
	  20 Input   32 Bit        Muxes := 2     
	   9 Input   32 Bit        Muxes := 1     
	  15 Input   32 Bit        Muxes := 2     
	  12 Input   32 Bit        Muxes := 1     
	   7 Input   32 Bit        Muxes := 6     
	   8 Input   32 Bit        Muxes := 6     
	  18 Input   32 Bit        Muxes := 1     
	   5 Input   32 Bit        Muxes := 8     
	  22 Input   32 Bit        Muxes := 1     
	  10 Input   32 Bit        Muxes := 1     
	   2 Input   31 Bit        Muxes := 5     
	  15 Input   30 Bit        Muxes := 1     
	   2 Input   27 Bit        Muxes := 6     
	   2 Input   24 Bit        Muxes := 51    
	   2 Input   23 Bit        Muxes := 16    
	   2 Input   21 Bit        Muxes := 3     
	  20 Input   20 Bit        Muxes := 1     
	   2 Input   20 Bit        Muxes := 2     
	   2 Input   18 Bit        Muxes := 98    
	   4 Input   18 Bit        Muxes := 1     
	   2 Input   17 Bit        Muxes := 74    
	   2 Input   16 Bit        Muxes := 104   
	   3 Input   16 Bit        Muxes := 1     
	  20 Input   16 Bit        Muxes := 1     
	   7 Input   16 Bit        Muxes := 1     
	  16 Input   16 Bit        Muxes := 1     
	   2 Input   15 Bit        Muxes := 30    
	   2 Input   14 Bit        Muxes := 2     
	   2 Input   13 Bit        Muxes := 10    
	   2 Input   12 Bit        Muxes := 14    
	   2 Input   11 Bit        Muxes := 4     
	   2 Input   10 Bit        Muxes := 10    
	  47 Input   10 Bit        Muxes := 1     
	   2 Input    9 Bit        Muxes := 6     
	   2 Input    8 Bit        Muxes := 180   
	   4 Input    8 Bit        Muxes := 21    
	   5 Input    8 Bit        Muxes := 3     
	   3 Input    8 Bit        Muxes := 9     
	  20 Input    8 Bit        Muxes := 1     
	  15 Input    8 Bit        Muxes := 1     
	   7 Input    8 Bit        Muxes := 1     
	  47 Input    8 Bit        Muxes := 1     
	   2 Input    7 Bit        Muxes := 33    
	  15 Input    7 Bit        Muxes := 1     
	  20 Input    6 Bit        Muxes := 1     
	   9 Input    6 Bit        Muxes := 1     
	  12 Input    6 Bit        Muxes := 1     
	  15 Input    6 Bit        Muxes := 1     
	   7 Input    6 Bit        Muxes := 1     
	   2 Input    6 Bit        Muxes := 137   
	  10 Input    6 Bit        Muxes := 1     
	  21 Input    6 Bit        Muxes := 2     
	   4 Input    6 Bit        Muxes := 4     
	   5 Input    6 Bit        Muxes := 1     
	  20 Input    5 Bit        Muxes := 1     
	   2 Input    5 Bit        Muxes := 50    
	   4 Input    5 Bit        Muxes := 4     
	  16 Input    5 Bit        Muxes := 1     
	  33 Input    5 Bit        Muxes := 1     
	   8 Input    5 Bit        Muxes := 1     
	   9 Input    5 Bit        Muxes := 1     
	  18 Input    5 Bit        Muxes := 1     
	   5 Input    5 Bit        Muxes := 2     
	  38 Input    5 Bit        Muxes := 1     
	   2 Input    4 Bit        Muxes := 471   
	   3 Input    4 Bit        Muxes := 35    
	   4 Input    4 Bit        Muxes := 7     
	   5 Input    4 Bit        Muxes := 7     
	  14 Input    4 Bit        Muxes := 1     
	   9 Input    4 Bit        Muxes := 6     
	  15 Input    4 Bit        Muxes := 1     
	   7 Input    4 Bit        Muxes := 8     
	  47 Input    4 Bit        Muxes := 1     
	   6 Input    4 Bit        Muxes := 4     
	  10 Input    4 Bit        Muxes := 1     
	   5 Input    3 Bit        Muxes := 73    
	   2 Input    3 Bit        Muxes := 333   
	  11 Input    3 Bit        Muxes := 3     
	   3 Input    3 Bit        Muxes := 28    
	   6 Input    3 Bit        Muxes := 8     
	   4 Input    3 Bit        Muxes := 12    
	  12 Input    3 Bit        Muxes := 1     
	  15 Input    3 Bit        Muxes := 2     
	   7 Input    3 Bit        Muxes := 9     
	  21 Input    3 Bit        Muxes := 3     
	  23 Input    3 Bit        Muxes := 4     
	   9 Input    3 Bit        Muxes := 1     
	  16 Input    3 Bit        Muxes := 3     
	   8 Input    3 Bit        Muxes := 2     
	   3 Input    2 Bit        Muxes := 54    
	   2 Input    2 Bit        Muxes := 417   
	   4 Input    2 Bit        Muxes := 29    
	   7 Input    2 Bit        Muxes := 4     
	   5 Input    2 Bit        Muxes := 4     
	  21 Input    2 Bit        Muxes := 11    
	   9 Input    2 Bit        Muxes := 7     
	  16 Input    2 Bit        Muxes := 3     
	   6 Input    2 Bit        Muxes := 5     
	  32 Input    2 Bit        Muxes := 2     
	  10 Input    2 Bit        Muxes := 1     
	   8 Input    2 Bit        Muxes := 2     
	  15 Input    1 Bit        Muxes := 16    
	   2 Input    1 Bit        Muxes := 4016  
	   3 Input    1 Bit        Muxes := 123   
	   8 Input    1 Bit        Muxes := 51    
	   4 Input    1 Bit        Muxes := 290   
	   6 Input    1 Bit        Muxes := 14    
	   5 Input    1 Bit        Muxes := 147   
	  14 Input    1 Bit        Muxes := 9     
	  12 Input    1 Bit        Muxes := 10    
	  20 Input    1 Bit        Muxes := 6     
	   9 Input    1 Bit        Muxes := 38    
	   7 Input    1 Bit        Muxes := 39    
	  47 Input    1 Bit        Muxes := 27    
	  10 Input    1 Bit        Muxes := 2     
	  21 Input    1 Bit        Muxes := 26    
	  17 Input    1 Bit        Muxes := 1     
	  19 Input    1 Bit        Muxes := 1     
	  16 Input    1 Bit        Muxes := 24    
---------------------------------------------------------------------------------
Finished RTL Component Statistics 
---------------------------------------------------------------------------------
---------------------------------------------------------------------------------
Start Part Resource Summary
---------------------------------------------------------------------------------
Part Resources:
DSPs: 240 (col length:80)
BRAMs: 270 (col length: RAMB18 80 RAMB36 40)
---------------------------------------------------------------------------------
Finished Part Resource Summary
---------------------------------------------------------------------------------
---------------------------------------------------------------------------------
Start Cross Boundary and Area Optimization
---------------------------------------------------------------------------------
WARNING: [Synth 8-3332] Sequential element (gr_heep_i/gr_heep_pad_ring_i/u_pad_spi_flash_cs_1/xilinx_iobuf_i) is unused and will be removed from module xilinx_gr_heep_wrapper.
WARNING: [Synth 8-3332] Sequential element (gr_heep_i/gr_heep_pad_ring_i/u_pad_spi_cs_1/xilinx_iobuf_i) is unused and will be removed from module xilinx_gr_heep_wrapper.
WARNING: [Synth 8-3917] design spi_host has port hw2reg_status_o[txqd][de] driven by constant 1
WARNING: [Synth 8-3917] design spi_host has port hw2reg_status_o[rxqd][de] driven by constant 1
WARNING: [Synth 8-3917] design spi_host has port hw2reg_status_o[cmdqd][de] driven by constant 1
WARNING: [Synth 8-3917] design spi_host has port hw2reg_status_o[rxwm][de] driven by constant 1
WARNING: [Synth 8-3917] design spi_host has port hw2reg_status_o[byteorder][d] driven by constant 1
WARNING: [Synth 8-3917] design spi_host has port hw2reg_status_o[byteorder][de] driven by constant 1
WARNING: [Synth 8-3917] design spi_host has port hw2reg_status_o[rxstall][de] driven by constant 1
WARNING: [Synth 8-3917] design spi_host has port hw2reg_status_o[rxempty][de] driven by constant 1
WARNING: [Synth 8-3917] design spi_host has port hw2reg_status_o[rxfull][de] driven by constant 1
WARNING: [Synth 8-3917] design spi_host has port hw2reg_status_o[txwm][de] driven by constant 1
WARNING: [Synth 8-3917] design spi_host has port hw2reg_status_o[txstall][de] driven by constant 1
WARNING: [Synth 8-3917] design spi_host has port hw2reg_status_o[txempty][de] driven by constant 1
WARNING: [Synth 8-3917] design spi_host has port hw2reg_status_o[txfull][de] driven by constant 1
WARNING: [Synth 8-3917] design spi_host has port hw2reg_status_o[active][de] driven by constant 1
WARNING: [Synth 8-3917] design spi_host has port hw2reg_status_o[ready][de] driven by constant 1
INFO: [Synth 8-3333] propagating constant 0 across sequential element (\gen_alert_tx[0].u_prim_alert_sender /alert_set_q_reg)
INFO: [Synth 8-3886] merging instance 'u_reg/u_status_txqd/q_reg[7]' (FDCE) to 'u_reg/u_status_cmdqd/q_reg[3]'
INFO: [Synth 8-3886] merging instance 'u_reg/u_status_rxqd/q_reg[6]' (FDCE) to 'u_reg/u_status_rxfull/q_reg[0]'
INFO: [Synth 8-3886] merging instance 'u_reg/u_status_rxqd/q_reg[7]' (FDCE) to 'u_reg/u_status_cmdqd/q_reg[3]'
INFO: [Synth 8-3333] propagating constant 0 across sequential element (u_reg/\u_status_cmdqd/q_reg[3] )
WARNING: [Synth 8-3917] design dma has port dma_read_req_o[wdata][31] driven by constant 0
WARNING: [Synth 8-3917] design dma has port dma_read_req_o[wdata][30] driven by constant 0
WARNING: [Synth 8-3917] design dma has port dma_read_req_o[wdata][29] driven by constant 0
WARNING: [Synth 8-3917] design dma has port dma_read_req_o[wdata][28] driven by constant 0
WARNING: [Synth 8-3917] design dma has port dma_read_req_o[wdata][27] driven by constant 0
WARNING: [Synth 8-3917] design dma has port dma_read_req_o[wdata][26] driven by constant 0
WARNING: [Synth 8-3917] design dma has port dma_read_req_o[wdata][25] driven by constant 0
WARNING: [Synth 8-3917] design dma has port dma_read_req_o[wdata][24] driven by constant 0
WARNING: [Synth 8-3917] design dma has port dma_read_req_o[wdata][23] driven by constant 0
WARNING: [Synth 8-3917] design dma has port dma_read_req_o[wdata][22] driven by constant 0
WARNING: [Synth 8-3917] design dma has port dma_read_req_o[wdata][21] driven by constant 0
WARNING: [Synth 8-3917] design dma has port dma_read_req_o[wdata][20] driven by constant 0
WARNING: [Synth 8-3917] design dma has port dma_read_req_o[wdata][19] driven by constant 0
WARNING: [Synth 8-3917] design dma has port dma_read_req_o[wdata][18] driven by constant 0
WARNING: [Synth 8-3917] design dma has port dma_read_req_o[wdata][17] driven by constant 0
WARNING: [Synth 8-3917] design dma has port dma_read_req_o[wdata][16] driven by constant 0
WARNING: [Synth 8-3917] design dma has port dma_read_req_o[wdata][15] driven by constant 0
WARNING: [Synth 8-3917] design dma has port dma_read_req_o[wdata][14] driven by constant 0
WARNING: [Synth 8-3917] design dma has port dma_read_req_o[wdata][13] driven by constant 0
WARNING: [Synth 8-3917] design dma has port dma_read_req_o[wdata][12] driven by constant 0
WARNING: [Synth 8-3917] design dma has port dma_read_req_o[wdata][11] driven by constant 0
WARNING: [Synth 8-3917] design dma has port dma_read_req_o[wdata][10] driven by constant 0
WARNING: [Synth 8-3917] design dma has port dma_read_req_o[wdata][9] driven by constant 0
WARNING: [Synth 8-3917] design dma has port dma_read_req_o[wdata][8] driven by constant 0
WARNING: [Synth 8-3917] design dma has port dma_read_req_o[wdata][7] driven by constant 0
WARNING: [Synth 8-3917] design dma has port dma_read_req_o[wdata][6] driven by constant 0
WARNING: [Synth 8-3917] design dma has port dma_read_req_o[wdata][5] driven by constant 0
WARNING: [Synth 8-3917] design dma has port dma_read_req_o[wdata][4] driven by constant 0
WARNING: [Synth 8-3917] design dma has port dma_read_req_o[wdata][3] driven by constant 0
WARNING: [Synth 8-3917] design dma has port dma_read_req_o[wdata][2] driven by constant 0
WARNING: [Synth 8-3917] design dma has port dma_read_req_o[wdata][1] driven by constant 0
WARNING: [Synth 8-3917] design dma has port dma_read_req_o[wdata][0] driven by constant 0
WARNING: [Synth 8-3917] design dma has port dma_addr_req_o[wdata][31] driven by constant 0
WARNING: [Synth 8-3917] design dma has port dma_addr_req_o[wdata][30] driven by constant 0
WARNING: [Synth 8-3917] design dma has port dma_addr_req_o[wdata][29] driven by constant 0
WARNING: [Synth 8-3917] design dma has port dma_addr_req_o[wdata][28] driven by constant 0
WARNING: [Synth 8-3917] design dma has port dma_addr_req_o[wdata][27] driven by constant 0
WARNING: [Synth 8-3917] design dma has port dma_addr_req_o[wdata][26] driven by constant 0
WARNING: [Synth 8-3917] design dma has port dma_addr_req_o[wdata][25] driven by constant 0
WARNING: [Synth 8-3917] design dma has port dma_addr_req_o[wdata][24] driven by constant 0
WARNING: [Synth 8-3917] design dma has port dma_addr_req_o[wdata][23] driven by constant 0
WARNING: [Synth 8-3917] design dma has port dma_addr_req_o[wdata][22] driven by constant 0
WARNING: [Synth 8-3917] design dma has port dma_addr_req_o[wdata][21] driven by constant 0
WARNING: [Synth 8-3917] design dma has port dma_addr_req_o[wdata][20] driven by constant 0
WARNING: [Synth 8-3917] design dma has port dma_addr_req_o[wdata][19] driven by constant 0
WARNING: [Synth 8-3917] design dma has port dma_addr_req_o[wdata][18] driven by constant 0
WARNING: [Synth 8-3917] design dma has port dma_addr_req_o[wdata][17] driven by constant 0
WARNING: [Synth 8-3917] design dma has port dma_addr_req_o[wdata][16] driven by constant 0
WARNING: [Synth 8-3917] design dma has port dma_addr_req_o[wdata][15] driven by constant 0
WARNING: [Synth 8-3917] design dma has port dma_addr_req_o[wdata][14] driven by constant 0
WARNING: [Synth 8-3917] design dma has port dma_addr_req_o[wdata][13] driven by constant 0
WARNING: [Synth 8-3917] design dma has port dma_addr_req_o[wdata][12] driven by constant 0
WARNING: [Synth 8-3917] design dma has port dma_addr_req_o[wdata][11] driven by constant 0
WARNING: [Synth 8-3917] design dma has port dma_addr_req_o[wdata][10] driven by constant 0
WARNING: [Synth 8-3917] design dma has port dma_addr_req_o[wdata][9] driven by constant 0
WARNING: [Synth 8-3917] design dma has port dma_addr_req_o[wdata][8] driven by constant 0
WARNING: [Synth 8-3917] design dma has port dma_addr_req_o[wdata][7] driven by constant 0
WARNING: [Synth 8-3917] design dma has port dma_addr_req_o[wdata][6] driven by constant 0
WARNING: [Synth 8-3917] design dma has port dma_addr_req_o[wdata][5] driven by constant 0
WARNING: [Synth 8-3917] design dma has port dma_addr_req_o[wdata][4] driven by constant 0
WARNING: [Synth 8-3917] design dma has port dma_addr_req_o[wdata][3] driven by constant 0
WARNING: [Synth 8-3917] design dma has port dma_addr_req_o[wdata][2] driven by constant 0
WARNING: [Synth 8-3917] design dma has port dma_addr_req_o[wdata][1] driven by constant 0
INFO: [Common 17-14] Message 'Synth 8-3917' appears 100 times and further instances of the messages will be disabled. Use the Tcl command set_msg_config to change the current settings.
INFO: [Common 17-14] Message 'Synth 8-7129' appears 100 times and further instances of the messages will be disabled. Use the Tcl command set_msg_config to change the current settings.
INFO: [Synth 8-3333] propagating constant 0 across sequential element (obi_fifo_i/\obi_resp_fifo_i/write_pointer_q_reg[0] )
INFO: [Synth 8-3333] propagating constant 0 across sequential element (obi_fifo_i/\obi_req_fifo_i/write_pointer_q_reg[0] )
WARNING: [Synth 8-3917] design peripheral_subsystem__GCB0 has port tl_o[a_opcode][1] driven by constant 0
WARNING: [Synth 8-3917] design peripheral_subsystem__GCB0 has port tl_o[a_opcode][0] driven by constant 0
WARNING: [Synth 8-3917] design peripheral_subsystem__GCB0 has port tl_o[a_param][2] driven by constant 0
WARNING: [Synth 8-3917] design peripheral_subsystem__GCB0 has port tl_o[a_param][1] driven by constant 0
WARNING: [Synth 8-3917] design peripheral_subsystem__GCB0 has port tl_o[a_param][0] driven by constant 0
WARNING: [Synth 8-3917] design peripheral_subsystem__GCB0 has port tl_o[a_size][1] driven by constant 1
WARNING: [Synth 8-3917] design peripheral_subsystem__GCB0 has port tl_o[a_size][0] driven by constant 0
WARNING: [Synth 8-3917] design peripheral_subsystem__GCB0 has port tl_o[a_source][7] driven by constant 0
WARNING: [Synth 8-3917] design peripheral_subsystem__GCB0 has port tl_o[a_source][6] driven by constant 0
WARNING: [Synth 8-3917] design peripheral_subsystem__GCB0 has port tl_o[a_source][5] driven by constant 0
WARNING: [Synth 8-3917] design peripheral_subsystem__GCB0 has port tl_o[a_source][4] driven by constant 0
WARNING: [Synth 8-3917] design peripheral_subsystem__GCB0 has port tl_o[a_source][3] driven by constant 0
WARNING: [Synth 8-3917] design peripheral_subsystem__GCB0 has port tl_o[a_source][2] driven by constant 0
WARNING: [Synth 8-3917] design peripheral_subsystem__GCB0 has port tl_o[a_source][1] driven by constant 0
WARNING: [Synth 8-3917] design peripheral_subsystem__GCB0 has port tl_o[a_source][0] driven by constant 0
WARNING: [Synth 8-3917] design peripheral_subsystem__GCB0 has port tl_o[a_user][rsvd][4] driven by constant 0
WARNING: [Synth 8-3917] design peripheral_subsystem__GCB0 has port tl_o[a_user][rsvd][3] driven by constant 0
WARNING: [Synth 8-3917] design peripheral_subsystem__GCB0 has port tl_o[a_user][rsvd][2] driven by constant 0
WARNING: [Synth 8-3917] design peripheral_subsystem__GCB0 has port tl_o[a_user][rsvd][1] driven by constant 0
WARNING: [Synth 8-3917] design peripheral_subsystem__GCB0 has port tl_o[a_user][rsvd][0] driven by constant 0
WARNING: [Synth 8-3917] design peripheral_subsystem__GCB0 has port tl_o[a_user][tl_type][1] driven by constant 1
WARNING: [Synth 8-3917] design peripheral_subsystem__GCB0 has port tl_o[a_user][tl_type][0] driven by constant 0
INFO: [Common 17-14] Message 'Synth 8-3917' appears 100 times and further instances of the messages will be disabled. Use the Tcl command set_msg_config to change the current settings.
INFO: [Common 17-14] Message 'Synth 8-7129' appears 100 times and further instances of the messages will be disabled. Use the Tcl command set_msg_config to change the current settings.
INFO: [Synth 8-3333] propagating constant 0 across sequential element (rv_plic_i/\u_gateway/src_q_reg[0] )
INFO: [Synth 8-3333] propagating constant 0 across sequential element (obi_fifo_i/\obi_req_fifo_i/write_pointer_q_reg[0] )
INFO: [Synth 8-3333] propagating constant 0 across sequential element (obi_fifo_i/\obi_resp_fifo_i/write_pointer_q_reg[0] )
INFO: [Synth 8-3333] propagating constant 0 across sequential element (rv_plic_i/u_reg/\u_ip_0_p_0/q_reg[0] )
INFO: [Synth 8-3886] merging instance 'pdm2pcm_i/clk_int_div_inst/div_q_reg[0]' (FDCE) to 'pdm2pcm_i/clk_int_div_inst/use_odd_division_q_reg'
INFO: [Synth 8-3886] merging instance 'i2s_i/i2s_core_i/i2s_clk_gen_i/div_q_reg[0]' (FDCE) to 'i2s_i/i2s_core_i/i2s_clk_gen_i/use_odd_division_q_reg'
INFO: [Synth 8-4471] merging register 'u_fdata_start/qe_reg' into 'u_fdata_fbyte/qe_reg' [/home/mfpdsmbaa/LabCatreda/GR-HEEP/hw/vendor/x-heep/hw/vendor/lowrisc/opentitan/hw/ip/prim/rtl/prim_subreg.sv:48]
INFO: [Synth 8-4471] merging register 'u_fdata_stop/qe_reg' into 'u_fdata_fbyte/qe_reg' [/home/mfpdsmbaa/LabCatreda/GR-HEEP/hw/vendor/x-heep/hw/vendor/lowrisc/opentitan/hw/ip/prim/rtl/prim_subreg.sv:48]
INFO: [Synth 8-4471] merging register 'u_fdata_read/qe_reg' into 'u_fdata_fbyte/qe_reg' [/home/mfpdsmbaa/LabCatreda/GR-HEEP/hw/vendor/x-heep/hw/vendor/lowrisc/opentitan/hw/ip/prim/rtl/prim_subreg.sv:48]
INFO: [Synth 8-4471] merging register 'u_fdata_rcont/qe_reg' into 'u_fdata_fbyte/qe_reg' [/home/mfpdsmbaa/LabCatreda/GR-HEEP/hw/vendor/x-heep/hw/vendor/lowrisc/opentitan/hw/ip/prim/rtl/prim_subreg.sv:48]
INFO: [Synth 8-4471] merging register 'u_fdata_nakok/qe_reg' into 'u_fdata_fbyte/qe_reg' [/home/mfpdsmbaa/LabCatreda/GR-HEEP/hw/vendor/x-heep/hw/vendor/lowrisc/opentitan/hw/ip/prim/rtl/prim_subreg.sv:48]
INFO: [Synth 8-4471] merging register 'u_fifo_ctrl_fmtrst/qe_reg' into 'u_fifo_ctrl_rxrst/qe_reg' [/home/mfpdsmbaa/LabCatreda/GR-HEEP/hw/vendor/x-heep/hw/vendor/lowrisc/opentitan/hw/ip/prim/rtl/prim_subreg.sv:48]
INFO: [Synth 8-4471] merging register 'u_fifo_ctrl_rxilvl/qe_reg' into 'u_fifo_ctrl_rxrst/qe_reg' [/home/mfpdsmbaa/LabCatreda/GR-HEEP/hw/vendor/x-heep/hw/vendor/lowrisc/opentitan/hw/ip/prim/rtl/prim_subreg.sv:48]
INFO: [Synth 8-4471] merging register 'u_fifo_ctrl_fmtilvl/qe_reg' into 'u_fifo_ctrl_rxrst/qe_reg' [/home/mfpdsmbaa/LabCatreda/GR-HEEP/hw/vendor/x-heep/hw/vendor/lowrisc/opentitan/hw/ip/prim/rtl/prim_subreg.sv:48]
INFO: [Synth 8-4471] merging register 'u_fifo_ctrl_acqrst/qe_reg' into 'u_fifo_ctrl_rxrst/qe_reg' [/home/mfpdsmbaa/LabCatreda/GR-HEEP/hw/vendor/x-heep/hw/vendor/lowrisc/opentitan/hw/ip/prim/rtl/prim_subreg.sv:48]
INFO: [Synth 8-4471] merging register 'u_fifo_ctrl_txrst/qe_reg' into 'u_fifo_ctrl_rxrst/qe_reg' [/home/mfpdsmbaa/LabCatreda/GR-HEEP/hw/vendor/x-heep/hw/vendor/lowrisc/opentitan/hw/ip/prim/rtl/prim_subreg.sv:48]
INFO: [Synth 8-4471] merging register 'u_fifo_ctrl_txrst/qe_reg' into 'u_fifo_ctrl_rxrst/qe_reg' [/home/mfpdsmbaa/LabCatreda/GR-HEEP/hw/vendor/x-heep/hw/vendor/lowrisc/opentitan/hw/ip/prim/rtl/prim_subreg.sv:48]
INFO: [Synth 8-4471] merging register 'u_fifo_ctrl_rxilvl/qe_reg' into 'u_fifo_ctrl_rxrst/qe_reg' [/home/mfpdsmbaa/LabCatreda/GR-HEEP/hw/vendor/x-heep/hw/vendor/lowrisc/opentitan/hw/ip/prim/rtl/prim_subreg.sv:48]
INFO: [Synth 8-4471] merging register 'u_fifo_ctrl_txilvl/qe_reg' into 'u_fifo_ctrl_rxrst/qe_reg' [/home/mfpdsmbaa/LabCatreda/GR-HEEP/hw/vendor/x-heep/hw/vendor/lowrisc/opentitan/hw/ip/prim/rtl/prim_subreg.sv:48]
INFO: [Common 17-14] Message 'Synth 8-7129' appears 100 times and further instances of the messages will be disabled. Use the Tcl command set_msg_config to change the current settings.
INFO: [Synth 8-3333] propagating constant 1 across sequential element (uart_i/\uart_core/uart_tx/sreg_q_reg[10] )
INFO: [Synth 8-3886] merging instance 'i2c_i/u_reg/u_reg_if/rspop_reg[1]' (FDCE) to 'i2c_i/u_reg/u_reg_if/rspop_reg[2]'
INFO: [Synth 8-3333] propagating constant 0 across sequential element (\i2c_i/u_reg /\u_reg_if/rspop_reg[2] )
INFO: [Synth 8-3886] merging instance 'uart_i/uart_core/u_uart_txfifo/gen_normal_fifo.under_rst_reg' (FDPE) to 'uart_i/uart_core/u_uart_rxfifo/gen_normal_fifo.under_rst_reg'
INFO: [Synth 8-5546] ROM "alu_op_c_mux_sel_o" won't be mapped to RAM because it is too sparse
INFO: [Synth 8-5546] ROM "imm_b_mux_sel_o" won't be mapped to RAM because it is too sparse
INFO: [Synth 8-5546] ROM "regfile_mem_we" won't be mapped to RAM because it is too sparse
INFO: [Synth 8-5546] ROM "ctrl_transfer_target_mux_sel_o" won't be mapped to RAM because it is too sparse
INFO: [Synth 8-5546] ROM "alu_op_c_mux_sel_o" won't be mapped to RAM because it is too sparse
INFO: [Synth 8-5546] ROM "imm_b_mux_sel_o" won't be mapped to RAM because it is too sparse
INFO: [Synth 8-5546] ROM "regfile_mem_we" won't be mapped to RAM because it is too sparse
INFO: [Synth 8-5546] ROM "ctrl_transfer_target_mux_sel_o" won't be mapped to RAM because it is too sparse
INFO: [Synth 8-5845] Not enough pipeline registers after wide multiplier. Recommended levels of pipeline registers is 4 [/home/mfpdsmbaa/LabCatreda/GR-HEEP/hw/vendor/x-heep/hw/vendor/xheep/cv32e40px/rtl/cv32e40px_mult.sv:228]
DSP Report: Generating DSP mult_i/short_mul, operation Mode is: A*B.
DSP Report: operator mult_i/short_mul is absorbed into DSP mult_i/short_mul.
DSP Report: Generating DSP mult_i/short_mac, operation Mode is: PCIN+A:B+C.
DSP Report: operator mult_i/short_mac is absorbed into DSP mult_i/short_mac.
DSP Report: Generating DSP mult_i/dot_short_mul[1], operation Mode is: A*B.
DSP Report: operator mult_i/dot_short_mul[1] is absorbed into DSP mult_i/dot_short_mul[1].
DSP Report: Generating DSP mult_i/dot_short_result, operation Mode is: C+A*B.
DSP Report: operator mult_i/dot_short_result is absorbed into DSP mult_i/dot_short_result.
DSP Report: operator mult_i/dot_short_mul[0] is absorbed into DSP mult_i/dot_short_result.
DSP Report: Generating DSP mult_i/, operation Mode is: A*B.
DSP Report: operator mult_i/ is absorbed into DSP mult_i/.
DSP Report: operator mult_i/ is absorbed into DSP mult_i/.
DSP Report: Generating DSP mult_i/, operation Mode is: (PCIN>>17)+A*B.
DSP Report: operator mult_i/ is absorbed into DSP mult_i/.
DSP Report: operator mult_i/ is absorbed into DSP mult_i/.
DSP Report: Generating DSP mult_i/, operation Mode is: A*B.
DSP Report: operator mult_i/ is absorbed into DSP mult_i/.
DSP Report: operator mult_i/ is absorbed into DSP mult_i/.
DSP Report: Generating DSP mult_i/, operation Mode is: (PCIN>>17)+A*B.
DSP Report: operator mult_i/ is absorbed into DSP mult_i/.
DSP Report: operator mult_i/ is absorbed into DSP mult_i/.
INFO: [Synth 8-4471] merging register 'memory_subsystem_i/gen_sram[1].ram_valid_q_reg[1:1]' into 'memory_subsystem_i/gen_sram[0].ram_valid_q_reg[0:0]' [/home/mfpdsmbaa/LabCatreda/GR-HEEP/hw/vendor/x-heep/hw/core-v-mini-mcu/memory_subsystem.sv:77]
INFO: [Synth 8-4471] merging register 'memory_subsystem_i/gen_sram[2].ram_valid_q_reg[2:2]' into 'memory_subsystem_i/gen_sram[0].ram_valid_q_reg[0:0]' [/home/mfpdsmbaa/LabCatreda/GR-HEEP/hw/vendor/x-heep/hw/core-v-mini-mcu/memory_subsystem.sv:77]
INFO: [Synth 8-4471] merging register 'memory_subsystem_i/gen_sram[3].ram_valid_q_reg[3:3]' into 'memory_subsystem_i/gen_sram[0].ram_valid_q_reg[0:0]' [/home/mfpdsmbaa/LabCatreda/GR-HEEP/hw/vendor/x-heep/hw/core-v-mini-mcu/memory_subsystem.sv:77]
INFO: [Synth 8-4471] merging register 'memory_subsystem_i/gen_sram[4].ram_valid_q_reg[4:4]' into 'memory_subsystem_i/gen_sram[0].ram_valid_q_reg[0:0]' [/home/mfpdsmbaa/LabCatreda/GR-HEEP/hw/vendor/x-heep/hw/core-v-mini-mcu/memory_subsystem.sv:77]
INFO: [Synth 8-4471] merging register 'memory_subsystem_i/gen_sram[5].ram_valid_q_reg[5:5]' into 'memory_subsystem_i/gen_sram[0].ram_valid_q_reg[0:0]' [/home/mfpdsmbaa/LabCatreda/GR-HEEP/hw/vendor/x-heep/hw/core-v-mini-mcu/memory_subsystem.sv:77]
INFO: [Synth 8-4471] merging register 'memory_subsystem_i/gen_sram[6].ram_valid_q_reg[6:6]' into 'memory_subsystem_i/gen_sram[0].ram_valid_q_reg[0:0]' [/home/mfpdsmbaa/LabCatreda/GR-HEEP/hw/vendor/x-heep/hw/core-v-mini-mcu/memory_subsystem.sv:77]
INFO: [Synth 8-4471] merging register 'memory_subsystem_i/gen_sram[7].ram_valid_q_reg[7:7]' into 'memory_subsystem_i/gen_sram[0].ram_valid_q_reg[0:0]' [/home/mfpdsmbaa/LabCatreda/GR-HEEP/hw/vendor/x-heep/hw/core-v-mini-mcu/memory_subsystem.sv:77]
INFO: [Synth 8-4471] merging register 'memory_subsystem_i/gen_sram[8].ram_valid_q_reg[8:8]' into 'memory_subsystem_i/gen_sram[0].ram_valid_q_reg[0:0]' [/home/mfpdsmbaa/LabCatreda/GR-HEEP/hw/vendor/x-heep/hw/core-v-mini-mcu/memory_subsystem.sv:77]
INFO: [Synth 8-4471] merging register 'memory_subsystem_i/gen_sram[9].ram_valid_q_reg[9:9]' into 'memory_subsystem_i/gen_sram[0].ram_valid_q_reg[0:0]' [/home/mfpdsmbaa/LabCatreda/GR-HEEP/hw/vendor/x-heep/hw/core-v-mini-mcu/memory_subsystem.sv:77]
INFO: [Common 17-14] Message 'Synth 8-7129' appears 100 times and further instances of the messages will be disabled. Use the Tcl command set_msg_config to change the current settings.
INFO: [Synth 8-3333] propagating constant 0 across sequential element (\cpu_subsystem_i/cv32e40px_xif_wrapper_i/cv32e40px_top_i/core_i /id_stage_i/mult_sel_subword_ex_o_reg)
INFO: [Synth 8-3333] propagating constant 0 across sequential element (\cpu_subsystem_i/cv32e40px_xif_wrapper_i/cv32e40px_top_i/core_i /if_stage_i/\aligner_i/hwlp_addr_q_reg[30] )
INFO: [Synth 8-3333] propagating constant 0 across sequential element (\cpu_subsystem_i/cv32e40px_xif_wrapper_i/cv32e40px_top_i/core_i /if_stage_i/\aligner_i/hwlp_addr_q_reg[31] )
INFO: [Synth 8-3333] propagating constant 0 across sequential element (\cpu_subsystem_i/cv32e40px_xif_wrapper_i/cv32e40px_top_i/core_i /if_stage_i/\aligner_i/hwlp_addr_q_reg[27] )
INFO: [Synth 8-3333] propagating constant 0 across sequential element (\cpu_subsystem_i/cv32e40px_xif_wrapper_i/cv32e40px_top_i/core_i /if_stage_i/\aligner_i/hwlp_addr_q_reg[28] )
INFO: [Synth 8-3333] propagating constant 0 across sequential element (\cpu_subsystem_i/cv32e40px_xif_wrapper_i/cv32e40px_top_i/core_i /if_stage_i/\aligner_i/hwlp_addr_q_reg[29] )
INFO: [Synth 8-3333] propagating constant 0 across sequential element (\cpu_subsystem_i/cv32e40px_xif_wrapper_i/cv32e40px_top_i/core_i /if_stage_i/\aligner_i/hwlp_addr_q_reg[24] )
INFO: [Synth 8-3333] propagating constant 0 across sequential element (\cpu_subsystem_i/cv32e40px_xif_wrapper_i/cv32e40px_top_i/core_i /if_stage_i/\aligner_i/hwlp_addr_q_reg[25] )
INFO: [Synth 8-3333] propagating constant 0 across sequential element (\cpu_subsystem_i/cv32e40px_xif_wrapper_i/cv32e40px_top_i/core_i /if_stage_i/\aligner_i/hwlp_addr_q_reg[26] )
INFO: [Synth 8-3333] propagating constant 0 across sequential element (\cpu_subsystem_i/cv32e40px_xif_wrapper_i/cv32e40px_top_i/core_i /if_stage_i/\aligner_i/hwlp_addr_q_reg[21] )
INFO: [Synth 8-3333] propagating constant 0 across sequential element (\cpu_subsystem_i/cv32e40px_xif_wrapper_i/cv32e40px_top_i/core_i /if_stage_i/\aligner_i/hwlp_addr_q_reg[22] )
INFO: [Synth 8-3333] propagating constant 0 across sequential element (\cpu_subsystem_i/cv32e40px_xif_wrapper_i/cv32e40px_top_i/core_i /if_stage_i/\aligner_i/hwlp_addr_q_reg[23] )
INFO: [Synth 8-3333] propagating constant 0 across sequential element (\cpu_subsystem_i/cv32e40px_xif_wrapper_i/cv32e40px_top_i/core_i /if_stage_i/\aligner_i/hwlp_addr_q_reg[18] )
INFO: [Synth 8-3333] propagating constant 0 across sequential element (\cpu_subsystem_i/cv32e40px_xif_wrapper_i/cv32e40px_top_i/core_i /if_stage_i/\aligner_i/hwlp_addr_q_reg[19] )
INFO: [Synth 8-3333] propagating constant 0 across sequential element (\cpu_subsystem_i/cv32e40px_xif_wrapper_i/cv32e40px_top_i/core_i /if_stage_i/\aligner_i/hwlp_addr_q_reg[20] )
INFO: [Synth 8-3333] propagating constant 0 across sequential element (\cpu_subsystem_i/cv32e40px_xif_wrapper_i/cv32e40px_top_i/core_i /if_stage_i/\aligner_i/hwlp_addr_q_reg[15] )
INFO: [Synth 8-3333] propagating constant 0 across sequential element (\cpu_subsystem_i/cv32e40px_xif_wrapper_i/cv32e40px_top_i/core_i /if_stage_i/\aligner_i/hwlp_addr_q_reg[16] )
INFO: [Synth 8-3333] propagating constant 0 across sequential element (\cpu_subsystem_i/cv32e40px_xif_wrapper_i/cv32e40px_top_i/core_i /if_stage_i/\aligner_i/hwlp_addr_q_reg[17] )
INFO: [Synth 8-3333] propagating constant 0 across sequential element (\cpu_subsystem_i/cv32e40px_xif_wrapper_i/cv32e40px_top_i/core_i /if_stage_i/\aligner_i/hwlp_addr_q_reg[12] )
INFO: [Synth 8-3333] propagating constant 0 across sequential element (\cpu_subsystem_i/cv32e40px_xif_wrapper_i/cv32e40px_top_i/core_i /if_stage_i/\aligner_i/hwlp_addr_q_reg[13] )
INFO: [Synth 8-3333] propagating constant 0 across sequential element (\cpu_subsystem_i/cv32e40px_xif_wrapper_i/cv32e40px_top_i/core_i /if_stage_i/\aligner_i/hwlp_addr_q_reg[14] )
INFO: [Synth 8-3333] propagating constant 0 across sequential element (\cpu_subsystem_i/cv32e40px_xif_wrapper_i/cv32e40px_top_i/core_i /if_stage_i/\aligner_i/hwlp_addr_q_reg[9] )
INFO: [Synth 8-3333] propagating constant 0 across sequential element (\cpu_subsystem_i/cv32e40px_xif_wrapper_i/cv32e40px_top_i/core_i /if_stage_i/\aligner_i/hwlp_addr_q_reg[10] )
INFO: [Synth 8-3333] propagating constant 0 across sequential element (\cpu_subsystem_i/cv32e40px_xif_wrapper_i/cv32e40px_top_i/core_i /if_stage_i/\aligner_i/hwlp_addr_q_reg[11] )
INFO: [Synth 8-3333] propagating constant 0 across sequential element (\cpu_subsystem_i/cv32e40px_xif_wrapper_i/cv32e40px_top_i/core_i /if_stage_i/\aligner_i/hwlp_addr_q_reg[6] )
INFO: [Synth 8-3333] propagating constant 0 across sequential element (\cpu_subsystem_i/cv32e40px_xif_wrapper_i/cv32e40px_top_i/core_i /if_stage_i/\aligner_i/hwlp_addr_q_reg[7] )
INFO: [Synth 8-3333] propagating constant 0 across sequential element (\cpu_subsystem_i/cv32e40px_xif_wrapper_i/cv32e40px_top_i/core_i /if_stage_i/\aligner_i/hwlp_addr_q_reg[8] )
INFO: [Synth 8-3333] propagating constant 0 across sequential element (\cpu_subsystem_i/cv32e40px_xif_wrapper_i/cv32e40px_top_i/core_i /if_stage_i/\aligner_i/hwlp_addr_q_reg[3] )
INFO: [Synth 8-3333] propagating constant 0 across sequential element (\cpu_subsystem_i/cv32e40px_xif_wrapper_i/cv32e40px_top_i/core_i /if_stage_i/\aligner_i/hwlp_addr_q_reg[4] )
INFO: [Synth 8-3333] propagating constant 0 across sequential element (\cpu_subsystem_i/cv32e40px_xif_wrapper_i/cv32e40px_top_i/core_i /if_stage_i/\aligner_i/hwlp_addr_q_reg[5] )
INFO: [Synth 8-3333] propagating constant 0 across sequential element (\cpu_subsystem_i/cv32e40px_xif_wrapper_i/cv32e40px_top_i/core_i /if_stage_i/\aligner_i/hwlp_addr_q_reg[0] )
INFO: [Synth 8-3333] propagating constant 0 across sequential element (\cpu_subsystem_i/cv32e40px_xif_wrapper_i/cv32e40px_top_i/core_i /if_stage_i/\aligner_i/hwlp_addr_q_reg[1] )
INFO: [Synth 8-3333] propagating constant 0 across sequential element (\cpu_subsystem_i/cv32e40px_xif_wrapper_i/cv32e40px_top_i/core_i /if_stage_i/\aligner_i/hwlp_addr_q_reg[2] )
INFO: [Synth 8-3333] propagating constant 0 across sequential element (\cpu_subsystem_i/cv32e40px_xif_wrapper_i/cv32e40px_top_i/core_i /if_stage_i/\aligner_i/hwlp_update_pc_q_reg )
INFO: [Synth 8-3333] propagating constant 0 across sequential element (\cpu_subsystem_i/cv32e40px_xif_wrapper_i/cv32e40px_top_i/core_i /id_stage_i/\mult_dot_op_a_ex_o_reg[0] )
INFO: [Synth 8-3333] propagating constant 0 across sequential element (\cpu_subsystem_i/cv32e40px_xif_wrapper_i/cv32e40px_top_i/core_i /id_stage_i/\mult_dot_op_a_ex_o_reg[1] )
INFO: [Synth 8-3333] propagating constant 0 across sequential element (\cpu_subsystem_i/cv32e40px_xif_wrapper_i/cv32e40px_top_i/core_i /id_stage_i/\mult_dot_op_a_ex_o_reg[2] )
INFO: [Synth 8-3333] propagating constant 0 across sequential element (\cpu_subsystem_i/cv32e40px_xif_wrapper_i/cv32e40px_top_i/core_i /id_stage_i/\mult_dot_op_a_ex_o_reg[3] )
INFO: [Synth 8-3333] propagating constant 0 across sequential element (\cpu_subsystem_i/cv32e40px_xif_wrapper_i/cv32e40px_top_i/core_i /id_stage_i/\mult_dot_op_a_ex_o_reg[4] )
INFO: [Synth 8-3333] propagating constant 0 across sequential element (\cpu_subsystem_i/cv32e40px_xif_wrapper_i/cv32e40px_top_i/core_i /id_stage_i/\mult_dot_op_a_ex_o_reg[5] )
INFO: [Synth 8-3333] propagating constant 0 across sequential element (\cpu_subsystem_i/cv32e40px_xif_wrapper_i/cv32e40px_top_i/core_i /id_stage_i/\mult_dot_op_a_ex_o_reg[6] )
INFO: [Synth 8-3333] propagating constant 0 across sequential element (\cpu_subsystem_i/cv32e40px_xif_wrapper_i/cv32e40px_top_i/core_i /id_stage_i/\mult_dot_op_a_ex_o_reg[7] )
INFO: [Synth 8-3886] merging instance 'cpu_subsystem_i/cv32e40px_xif_wrapper_i/cv32e40px_top_i/core_i/cs_registers_i/gen_mhpmcounter[1].gen_non_implemented.mhpmcounter_q_reg[1][15]' (FD) to 'cpu_subsystem_i/cv32e40px_xif_wrapper_i/cv32e40px_top_i/core_i/cs_registers_i/gen_mhpmevent[0].gen_non_implemented.mhpmevent_q_reg[0][31]'
INFO: [Synth 8-3886] merging instance 'cpu_subsystem_i/cv32e40px_xif_wrapper_i/cv32e40px_top_i/core_i/cs_registers_i/gen_mhpmevent[0].gen_non_implemented.mhpmevent_q_reg[0][15]' (FD) to 'cpu_subsystem_i/cv32e40px_xif_wrapper_i/cv32e40px_top_i/core_i/cs_registers_i/gen_mhpmevent[0].gen_non_implemented.mhpmevent_q_reg[0][31]'
INFO: [Synth 8-3886] merging instance 'cpu_subsystem_i/cv32e40px_xif_wrapper_i/cv32e40px_top_i/core_i/cs_registers_i/gen_mhpmcounter[1].gen_non_implemented.mhpmcounter_q_reg[1][47]' (FD) to 'cpu_subsystem_i/cv32e40px_xif_wrapper_i/cv32e40px_top_i/core_i/cs_registers_i/gen_mhpmevent[0].gen_non_implemented.mhpmevent_q_reg[0][31]'
INFO: [Synth 8-3886] merging instance 'cpu_subsystem_i/cv32e40px_xif_wrapper_i/cv32e40px_top_i/core_i/cs_registers_i/gen_mhpmcounter[1].gen_non_implemented.mhpmcounter_q_reg[1][12]' (FD) to 'cpu_subsystem_i/cv32e40px_xif_wrapper_i/cv32e40px_top_i/core_i/cs_registers_i/gen_mhpmevent[0].gen_non_implemented.mhpmevent_q_reg[0][31]'
INFO: [Synth 8-3886] merging instance 'cpu_subsystem_i/cv32e40px_xif_wrapper_i/cv32e40px_top_i/core_i/cs_registers_i/gen_mhpmevent[0].gen_non_implemented.mhpmevent_q_reg[0][12]' (FD) to 'cpu_subsystem_i/cv32e40px_xif_wrapper_i/cv32e40px_top_i/core_i/cs_registers_i/gen_mhpmevent[0].gen_non_implemented.mhpmevent_q_reg[0][31]'
INFO: [Synth 8-3886] merging instance 'cpu_subsystem_i/cv32e40px_xif_wrapper_i/cv32e40px_top_i/core_i/cs_registers_i/gen_mhpmcounter[1].gen_non_implemented.mhpmcounter_q_reg[1][44]' (FD) to 'cpu_subsystem_i/cv32e40px_xif_wrapper_i/cv32e40px_top_i/core_i/cs_registers_i/gen_mhpmevent[0].gen_non_implemented.mhpmevent_q_reg[0][31]'
INFO: [Synth 8-3886] merging instance 'cpu_subsystem_i/cv32e40px_xif_wrapper_i/cv32e40px_top_i/core_i/cs_registers_i/mstatus_q_reg[mpp][1]' (FDP) to 'cpu_subsystem_i/cv32e40px_xif_wrapper_i/cv32e40px_top_i/core_i/cs_registers_i/mstatus_q_reg[mpp][0]'
INFO: [Synth 8-3886] merging instance 'cpu_subsystem_i/cv32e40px_xif_wrapper_i/cv32e40px_top_i/core_i/cs_registers_i/gen_mhpmcounter[1].gen_non_implemented.mhpmcounter_q_reg[1][13]' (FD) to 'cpu_subsystem_i/cv32e40px_xif_wrapper_i/cv32e40px_top_i/core_i/cs_registers_i/gen_mhpmevent[0].gen_non_implemented.mhpmevent_q_reg[0][31]'
INFO: [Synth 8-3886] merging instance 'cpu_subsystem_i/cv32e40px_xif_wrapper_i/cv32e40px_top_i/core_i/cs_registers_i/gen_mhpmevent[0].gen_non_implemented.mhpmevent_q_reg[0][13]' (FD) to 'cpu_subsystem_i/cv32e40px_xif_wrapper_i/cv32e40px_top_i/core_i/cs_registers_i/gen_mhpmevent[0].gen_non_implemented.mhpmevent_q_reg[0][31]'
INFO: [Synth 8-3886] merging instance 'cpu_subsystem_i/cv32e40px_xif_wrapper_i/cv32e40px_top_i/core_i/cs_registers_i/gen_mhpmcounter[1].gen_non_implemented.mhpmcounter_q_reg[1][45]' (FD) to 'cpu_subsystem_i/cv32e40px_xif_wrapper_i/cv32e40px_top_i/core_i/cs_registers_i/gen_mhpmevent[0].gen_non_implemented.mhpmevent_q_reg[0][31]'
INFO: [Synth 8-3886] merging instance 'cpu_subsystem_i/cv32e40px_xif_wrapper_i/cv32e40px_top_i/core_i/cs_registers_i/gen_mhpmcounter[1].gen_non_implemented.mhpmcounter_q_reg[1][14]' (FD) to 'cpu_subsystem_i/cv32e40px_xif_wrapper_i/cv32e40px_top_i/core_i/cs_registers_i/gen_mhpmevent[0].gen_non_implemented.mhpmevent_q_reg[0][31]'
INFO: [Synth 8-3886] merging instance 'cpu_subsystem_i/cv32e40px_xif_wrapper_i/cv32e40px_top_i/core_i/cs_registers_i/gen_mhpmevent[0].gen_non_implemented.mhpmevent_q_reg[0][14]' (FD) to 'cpu_subsystem_i/cv32e40px_xif_wrapper_i/cv32e40px_top_i/core_i/cs_registers_i/gen_mhpmevent[0].gen_non_implemented.mhpmevent_q_reg[0][31]'
INFO: [Synth 8-3886] merging instance 'cpu_subsystem_i/cv32e40px_xif_wrapper_i/cv32e40px_top_i/core_i/cs_registers_i/gen_mhpmcounter[1].gen_non_implemented.mhpmcounter_q_reg[1][46]' (FD) to 'cpu_subsystem_i/cv32e40px_xif_wrapper_i/cv32e40px_top_i/core_i/cs_registers_i/gen_mhpmevent[0].gen_non_implemented.mhpmevent_q_reg[0][31]'
INFO: [Synth 8-3333] propagating constant 0 across sequential element (\cpu_subsystem_i/cv32e40px_xif_wrapper_i/cv32e40px_top_i/core_i /cs_registers_i/\dcsr_q_reg[zero1] )
INFO: [Synth 8-3333] propagating constant 0 across sequential element (\cpu_subsystem_i/cv32e40px_xif_wrapper_i/cv32e40px_top_i/core_i /if_stage_i/\aligner_i/state_reg[2] )
INFO: [Synth 8-3886] merging instance 'cpu_subsystem_i/cv32e40px_xif_wrapper_i/cv32e40px_top_i/core_i/cs_registers_i/gen_mhpmcounter[1].gen_non_implemented.mhpmcounter_q_reg[1][16]' (FD) to 'cpu_subsystem_i/cv32e40px_xif_wrapper_i/cv32e40px_top_i/core_i/cs_registers_i/gen_mhpmevent[0].gen_non_implemented.mhpmevent_q_reg[0][31]'
INFO: [Synth 8-3886] merging instance 'cpu_subsystem_i/cv32e40px_xif_wrapper_i/cv32e40px_top_i/core_i/cs_registers_i/gen_mhpmevent[3].gen_implemented.gen_tie_off.mhpmevent_q_reg[3][16]' (FD) to 'cpu_subsystem_i/cv32e40px_xif_wrapper_i/cv32e40px_top_i/core_i/cs_registers_i/gen_mhpmevent[0].gen_non_implemented.mhpmevent_q_reg[0][31]'
INFO: [Synth 8-3886] merging instance 'cpu_subsystem_i/cv32e40px_xif_wrapper_i/cv32e40px_top_i/core_i/cs_registers_i/gen_mhpmevent[0].gen_non_implemented.mhpmevent_q_reg[0][16]' (FD) to 'cpu_subsystem_i/cv32e40px_xif_wrapper_i/cv32e40px_top_i/core_i/cs_registers_i/gen_mhpmevent[0].gen_non_implemented.mhpmevent_q_reg[0][31]'
INFO: [Synth 8-3886] merging instance 'cpu_subsystem_i/cv32e40px_xif_wrapper_i/cv32e40px_top_i/core_i/cs_registers_i/gen_mhpmcounter[1].gen_non_implemented.mhpmcounter_q_reg[1][48]' (FD) to 'cpu_subsystem_i/cv32e40px_xif_wrapper_i/cv32e40px_top_i/core_i/cs_registers_i/gen_mhpmevent[0].gen_non_implemented.mhpmevent_q_reg[0][31]'
INFO: [Synth 8-3333] propagating constant 0 across sequential element (\cpu_subsystem_i/cv32e40px_xif_wrapper_i/cv32e40px_top_i/core_i /cs_registers_i/\dcsr_q_reg[zero2][16] )
INFO: [Synth 8-3886] merging instance 'cpu_subsystem_i/cv32e40px_xif_wrapper_i/cv32e40px_top_i/core_i/cs_registers_i/gen_mhpmcounter[1].gen_non_implemented.mhpmcounter_q_reg[1][17]' (FD) to 'cpu_subsystem_i/cv32e40px_xif_wrapper_i/cv32e40px_top_i/core_i/cs_registers_i/gen_mhpmevent[0].gen_non_implemented.mhpmevent_q_reg[0][31]'
INFO: [Synth 8-3886] merging instance 'cpu_subsystem_i/cv32e40px_xif_wrapper_i/cv32e40px_top_i/core_i/cs_registers_i/gen_mhpmevent[3].gen_implemented.gen_tie_off.mhpmevent_q_reg[3][17]' (FD) to 'cpu_subsystem_i/cv32e40px_xif_wrapper_i/cv32e40px_top_i/core_i/cs_registers_i/gen_mhpmevent[0].gen_non_implemented.mhpmevent_q_reg[0][31]'
INFO: [Synth 8-3886] merging instance 'cpu_subsystem_i/cv32e40px_xif_wrapper_i/cv32e40px_top_i/core_i/cs_registers_i/gen_mhpmevent[0].gen_non_implemented.mhpmevent_q_reg[0][17]' (FD) to 'cpu_subsystem_i/cv32e40px_xif_wrapper_i/cv32e40px_top_i/core_i/cs_registers_i/gen_mhpmevent[0].gen_non_implemented.mhpmevent_q_reg[0][31]'
INFO: [Synth 8-3886] merging instance 'cpu_subsystem_i/cv32e40px_xif_wrapper_i/cv32e40px_top_i/core_i/cs_registers_i/gen_mhpmcounter[1].gen_non_implemented.mhpmcounter_q_reg[1][49]' (FD) to 'cpu_subsystem_i/cv32e40px_xif_wrapper_i/cv32e40px_top_i/core_i/cs_registers_i/gen_mhpmevent[0].gen_non_implemented.mhpmevent_q_reg[0][31]'
INFO: [Synth 8-3333] propagating constant 0 across sequential element (\cpu_subsystem_i/cv32e40px_xif_wrapper_i/cv32e40px_top_i/core_i /cs_registers_i/\dcsr_q_reg[zero2][17] )
INFO: [Synth 8-3886] merging instance 'cpu_subsystem_i/cv32e40px_xif_wrapper_i/cv32e40px_top_i/core_i/cs_registers_i/gen_mhpmcounter[1].gen_non_implemented.mhpmcounter_q_reg[1][18]' (FD) to 'cpu_subsystem_i/cv32e40px_xif_wrapper_i/cv32e40px_top_i/core_i/cs_registers_i/gen_mhpmevent[0].gen_non_implemented.mhpmevent_q_reg[0][31]'
INFO: [Synth 8-3886] merging instance 'cpu_subsystem_i/cv32e40px_xif_wrapper_i/cv32e40px_top_i/core_i/cs_registers_i/gen_mhpmevent[3].gen_implemented.gen_tie_off.mhpmevent_q_reg[3][18]' (FD) to 'cpu_subsystem_i/cv32e40px_xif_wrapper_i/cv32e40px_top_i/core_i/cs_registers_i/gen_mhpmevent[0].gen_non_implemented.mhpmevent_q_reg[0][31]'
INFO: [Synth 8-3886] merging instance 'cpu_subsystem_i/cv32e40px_xif_wrapper_i/cv32e40px_top_i/core_i/cs_registers_i/gen_mhpmevent[0].gen_non_implemented.mhpmevent_q_reg[0][18]' (FD) to 'cpu_subsystem_i/cv32e40px_xif_wrapper_i/cv32e40px_top_i/core_i/cs_registers_i/gen_mhpmevent[0].gen_non_implemented.mhpmevent_q_reg[0][31]'
INFO: [Synth 8-3886] merging instance 'cpu_subsystem_i/cv32e40px_xif_wrapper_i/cv32e40px_top_i/core_i/cs_registers_i/gen_mhpmcounter[1].gen_non_implemented.mhpmcounter_q_reg[1][50]' (FD) to 'cpu_subsystem_i/cv32e40px_xif_wrapper_i/cv32e40px_top_i/core_i/cs_registers_i/gen_mhpmevent[0].gen_non_implemented.mhpmevent_q_reg[0][31]'
INFO: [Synth 8-3333] propagating constant 0 across sequential element (\cpu_subsystem_i/cv32e40px_xif_wrapper_i/cv32e40px_top_i/core_i /cs_registers_i/\dcsr_q_reg[zero2][18] )
INFO: [Synth 8-3886] merging instance 'cpu_subsystem_i/cv32e40px_xif_wrapper_i/cv32e40px_top_i/core_i/cs_registers_i/gen_mhpmcounter[1].gen_non_implemented.mhpmcounter_q_reg[1][19]' (FD) to 'cpu_subsystem_i/cv32e40px_xif_wrapper_i/cv32e40px_top_i/core_i/cs_registers_i/gen_mhpmevent[0].gen_non_implemented.mhpmevent_q_reg[0][31]'
INFO: [Synth 8-3886] merging instance 'cpu_subsystem_i/cv32e40px_xif_wrapper_i/cv32e40px_top_i/core_i/cs_registers_i/gen_mhpmevent[3].gen_implemented.gen_tie_off.mhpmevent_q_reg[3][19]' (FD) to 'cpu_subsystem_i/cv32e40px_xif_wrapper_i/cv32e40px_top_i/core_i/cs_registers_i/gen_mhpmevent[0].gen_non_implemented.mhpmevent_q_reg[0][31]'
INFO: [Synth 8-3886] merging instance 'cpu_subsystem_i/cv32e40px_xif_wrapper_i/cv32e40px_top_i/core_i/cs_registers_i/gen_mhpmevent[0].gen_non_implemented.mhpmevent_q_reg[0][19]' (FD) to 'cpu_subsystem_i/cv32e40px_xif_wrapper_i/cv32e40px_top_i/core_i/cs_registers_i/gen_mhpmevent[0].gen_non_implemented.mhpmevent_q_reg[0][31]'
INFO: [Synth 8-3886] merging instance 'cpu_subsystem_i/cv32e40px_xif_wrapper_i/cv32e40px_top_i/core_i/cs_registers_i/gen_mhpmcounter[1].gen_non_implemented.mhpmcounter_q_reg[1][51]' (FD) to 'cpu_subsystem_i/cv32e40px_xif_wrapper_i/cv32e40px_top_i/core_i/cs_registers_i/gen_mhpmevent[0].gen_non_implemented.mhpmevent_q_reg[0][31]'
INFO: [Synth 8-3333] propagating constant 0 across sequential element (\cpu_subsystem_i/cv32e40px_xif_wrapper_i/cv32e40px_top_i/core_i /cs_registers_i/\dcsr_q_reg[zero2][19] )
INFO: [Synth 8-3886] merging instance 'cpu_subsystem_i/cv32e40px_xif_wrapper_i/cv32e40px_top_i/core_i/cs_registers_i/gen_mhpmcounter[1].gen_non_implemented.mhpmcounter_q_reg[1][20]' (FD) to 'cpu_subsystem_i/cv32e40px_xif_wrapper_i/cv32e40px_top_i/core_i/cs_registers_i/gen_mhpmevent[0].gen_non_implemented.mhpmevent_q_reg[0][31]'
INFO: [Synth 8-3886] merging instance 'cpu_subsystem_i/cv32e40px_xif_wrapper_i/cv32e40px_top_i/core_i/cs_registers_i/gen_mhpmevent[3].gen_implemented.gen_tie_off.mhpmevent_q_reg[3][20]' (FD) to 'cpu_subsystem_i/cv32e40px_xif_wrapper_i/cv32e40px_top_i/core_i/cs_registers_i/gen_mhpmevent[0].gen_non_implemented.mhpmevent_q_reg[0][31]'
INFO: [Synth 8-3886] merging instance 'cpu_subsystem_i/cv32e40px_xif_wrapper_i/cv32e40px_top_i/core_i/cs_registers_i/gen_mhpmevent[0].gen_non_implemented.mhpmevent_q_reg[0][20]' (FD) to 'cpu_subsystem_i/cv32e40px_xif_wrapper_i/cv32e40px_top_i/core_i/cs_registers_i/gen_mhpmevent[0].gen_non_implemented.mhpmevent_q_reg[0][31]'
INFO: [Synth 8-3886] merging instance 'cpu_subsystem_i/cv32e40px_xif_wrapper_i/cv32e40px_top_i/core_i/cs_registers_i/gen_mhpmcounter[1].gen_non_implemented.mhpmcounter_q_reg[1][52]' (FD) to 'cpu_subsystem_i/cv32e40px_xif_wrapper_i/cv32e40px_top_i/core_i/cs_registers_i/gen_mhpmevent[0].gen_non_implemented.mhpmevent_q_reg[0][31]'
INFO: [Synth 8-3333] propagating constant 0 across sequential element (\cpu_subsystem_i/cv32e40px_xif_wrapper_i/cv32e40px_top_i/core_i /cs_registers_i/\dcsr_q_reg[zero2][20] )
INFO: [Synth 8-3886] merging instance 'cpu_subsystem_i/cv32e40px_xif_wrapper_i/cv32e40px_top_i/core_i/cs_registers_i/gen_mhpmcounter[1].gen_non_implemented.mhpmcounter_q_reg[1][21]' (FD) to 'cpu_subsystem_i/cv32e40px_xif_wrapper_i/cv32e40px_top_i/core_i/cs_registers_i/gen_mhpmevent[0].gen_non_implemented.mhpmevent_q_reg[0][31]'
INFO: [Synth 8-3886] merging instance 'cpu_subsystem_i/cv32e40px_xif_wrapper_i/cv32e40px_top_i/core_i/cs_registers_i/gen_mhpmevent[3].gen_implemented.gen_tie_off.mhpmevent_q_reg[3][21]' (FD) to 'cpu_subsystem_i/cv32e40px_xif_wrapper_i/cv32e40px_top_i/core_i/cs_registers_i/gen_mhpmevent[0].gen_non_implemented.mhpmevent_q_reg[0][31]'
INFO: [Synth 8-3886] merging instance 'cpu_subsystem_i/cv32e40px_xif_wrapper_i/cv32e40px_top_i/core_i/cs_registers_i/gen_mhpmevent[0].gen_non_implemented.mhpmevent_q_reg[0][21]' (FD) to 'cpu_subsystem_i/cv32e40px_xif_wrapper_i/cv32e40px_top_i/core_i/cs_registers_i/gen_mhpmevent[0].gen_non_implemented.mhpmevent_q_reg[0][31]'
INFO: [Synth 8-3886] merging instance 'cpu_subsystem_i/cv32e40px_xif_wrapper_i/cv32e40px_top_i/core_i/cs_registers_i/gen_mhpmcounter[1].gen_non_implemented.mhpmcounter_q_reg[1][53]' (FD) to 'cpu_subsystem_i/cv32e40px_xif_wrapper_i/cv32e40px_top_i/core_i/cs_registers_i/gen_mhpmevent[0].gen_non_implemented.mhpmevent_q_reg[0][31]'
INFO: [Synth 8-3333] propagating constant 0 across sequential element (\cpu_subsystem_i/cv32e40px_xif_wrapper_i/cv32e40px_top_i/core_i /cs_registers_i/\dcsr_q_reg[zero2][21] )
INFO: [Synth 8-3886] merging instance 'cpu_subsystem_i/cv32e40px_xif_wrapper_i/cv32e40px_top_i/core_i/cs_registers_i/gen_mhpmcounter[1].gen_non_implemented.mhpmcounter_q_reg[1][22]' (FD) to 'cpu_subsystem_i/cv32e40px_xif_wrapper_i/cv32e40px_top_i/core_i/cs_registers_i/gen_mhpmevent[0].gen_non_implemented.mhpmevent_q_reg[0][31]'
INFO: [Synth 8-3886] merging instance 'cpu_subsystem_i/cv32e40px_xif_wrapper_i/cv32e40px_top_i/core_i/cs_registers_i/gen_mhpmevent[3].gen_implemented.gen_tie_off.mhpmevent_q_reg[3][22]' (FD) to 'cpu_subsystem_i/cv32e40px_xif_wrapper_i/cv32e40px_top_i/core_i/cs_registers_i/gen_mhpmevent[0].gen_non_implemented.mhpmevent_q_reg[0][31]'
INFO: [Synth 8-3886] merging instance 'cpu_subsystem_i/cv32e40px_xif_wrapper_i/cv32e40px_top_i/core_i/cs_registers_i/gen_mhpmevent[0].gen_non_implemented.mhpmevent_q_reg[0][22]' (FD) to 'cpu_subsystem_i/cv32e40px_xif_wrapper_i/cv32e40px_top_i/core_i/cs_registers_i/gen_mhpmevent[0].gen_non_implemented.mhpmevent_q_reg[0][31]'
INFO: [Synth 8-3886] merging instance 'cpu_subsystem_i/cv32e40px_xif_wrapper_i/cv32e40px_top_i/core_i/cs_registers_i/gen_mhpmcounter[1].gen_non_implemented.mhpmcounter_q_reg[1][54]' (FD) to 'cpu_subsystem_i/cv32e40px_xif_wrapper_i/cv32e40px_top_i/core_i/cs_registers_i/gen_mhpmevent[0].gen_non_implemented.mhpmevent_q_reg[0][31]'
INFO: [Synth 8-3333] propagating constant 0 across sequential element (\cpu_subsystem_i/cv32e40px_xif_wrapper_i/cv32e40px_top_i/core_i /cs_registers_i/\dcsr_q_reg[zero2][22] )
INFO: [Synth 8-3886] merging instance 'cpu_subsystem_i/cv32e40px_xif_wrapper_i/cv32e40px_top_i/core_i/cs_registers_i/gen_mhpmcounter[1].gen_non_implemented.mhpmcounter_q_reg[1][23]' (FD) to 'cpu_subsystem_i/cv32e40px_xif_wrapper_i/cv32e40px_top_i/core_i/cs_registers_i/gen_mhpmevent[0].gen_non_implemented.mhpmevent_q_reg[0][31]'
INFO: [Synth 8-3886] merging instance 'cpu_subsystem_i/cv32e40px_xif_wrapper_i/cv32e40px_top_i/core_i/cs_registers_i/gen_mhpmevent[3].gen_implemented.gen_tie_off.mhpmevent_q_reg[3][23]' (FD) to 'cpu_subsystem_i/cv32e40px_xif_wrapper_i/cv32e40px_top_i/core_i/cs_registers_i/gen_mhpmevent[0].gen_non_implemented.mhpmevent_q_reg[0][31]'
INFO: [Synth 8-3886] merging instance 'cpu_subsystem_i/cv32e40px_xif_wrapper_i/cv32e40px_top_i/core_i/cs_registers_i/gen_mhpmevent[0].gen_non_implemented.mhpmevent_q_reg[0][23]' (FD) to 'cpu_subsystem_i/cv32e40px_xif_wrapper_i/cv32e40px_top_i/core_i/cs_registers_i/gen_mhpmevent[0].gen_non_implemented.mhpmevent_q_reg[0][31]'
INFO: [Synth 8-3886] merging instance 'cpu_subsystem_i/cv32e40px_xif_wrapper_i/cv32e40px_top_i/core_i/cs_registers_i/gen_mhpmcounter[1].gen_non_implemented.mhpmcounter_q_reg[1][55]' (FD) to 'cpu_subsystem_i/cv32e40px_xif_wrapper_i/cv32e40px_top_i/core_i/cs_registers_i/gen_mhpmevent[0].gen_non_implemented.mhpmevent_q_reg[0][31]'
INFO: [Synth 8-3333] propagating constant 0 across sequential element (\cpu_subsystem_i/cv32e40px_xif_wrapper_i/cv32e40px_top_i/core_i /cs_registers_i/\dcsr_q_reg[zero2][23] )
INFO: [Synth 8-3886] merging instance 'cpu_subsystem_i/cv32e40px_xif_wrapper_i/cv32e40px_top_i/core_i/cs_registers_i/gen_mhpmcounter[1].gen_non_implemented.mhpmcounter_q_reg[1][24]' (FD) to 'cpu_subsystem_i/cv32e40px_xif_wrapper_i/cv32e40px_top_i/core_i/cs_registers_i/gen_mhpmevent[0].gen_non_implemented.mhpmevent_q_reg[0][31]'
INFO: [Synth 8-3886] merging instance 'cpu_subsystem_i/cv32e40px_xif_wrapper_i/cv32e40px_top_i/core_i/cs_registers_i/gen_mhpmevent[3].gen_implemented.gen_tie_off.mhpmevent_q_reg[3][24]' (FD) to 'cpu_subsystem_i/cv32e40px_xif_wrapper_i/cv32e40px_top_i/core_i/cs_registers_i/gen_mhpmevent[0].gen_non_implemented.mhpmevent_q_reg[0][31]'
INFO: [Synth 8-3886] merging instance 'cpu_subsystem_i/cv32e40px_xif_wrapper_i/cv32e40px_top_i/core_i/cs_registers_i/gen_mhpmevent[0].gen_non_implemented.mhpmevent_q_reg[0][24]' (FD) to 'cpu_subsystem_i/cv32e40px_xif_wrapper_i/cv32e40px_top_i/core_i/cs_registers_i/gen_mhpmevent[0].gen_non_implemented.mhpmevent_q_reg[0][31]'
INFO: [Synth 8-3886] merging instance 'cpu_subsystem_i/cv32e40px_xif_wrapper_i/cv32e40px_top_i/core_i/cs_registers_i/gen_mhpmcounter[1].gen_non_implemented.mhpmcounter_q_reg[1][56]' (FD) to 'cpu_subsystem_i/cv32e40px_xif_wrapper_i/cv32e40px_top_i/core_i/cs_registers_i/gen_mhpmevent[0].gen_non_implemented.mhpmevent_q_reg[0][31]'
INFO: [Synth 8-3333] propagating constant 0 across sequential element (\cpu_subsystem_i/cv32e40px_xif_wrapper_i/cv32e40px_top_i/core_i /cs_registers_i/\dcsr_q_reg[zero2][24] )
INFO: [Synth 8-3886] merging instance 'cpu_subsystem_i/cv32e40px_xif_wrapper_i/cv32e40px_top_i/core_i/cs_registers_i/gen_mhpmcounter[1].gen_non_implemented.mhpmcounter_q_reg[1][25]' (FD) to 'cpu_subsystem_i/cv32e40px_xif_wrapper_i/cv32e40px_top_i/core_i/cs_registers_i/gen_mhpmevent[0].gen_non_implemented.mhpmevent_q_reg[0][31]'
INFO: [Synth 8-3886] merging instance 'cpu_subsystem_i/cv32e40px_xif_wrapper_i/cv32e40px_top_i/core_i/cs_registers_i/gen_mhpmevent[3].gen_implemented.gen_tie_off.mhpmevent_q_reg[3][25]' (FD) to 'cpu_subsystem_i/cv32e40px_xif_wrapper_i/cv32e40px_top_i/core_i/cs_registers_i/gen_mhpmevent[0].gen_non_implemented.mhpmevent_q_reg[0][31]'
INFO: [Synth 8-3886] merging instance 'cpu_subsystem_i/cv32e40px_xif_wrapper_i/cv32e40px_top_i/core_i/cs_registers_i/gen_mhpmevent[0].gen_non_implemented.mhpmevent_q_reg[0][25]' (FD) to 'cpu_subsystem_i/cv32e40px_xif_wrapper_i/cv32e40px_top_i/core_i/cs_registers_i/gen_mhpmevent[0].gen_non_implemented.mhpmevent_q_reg[0][31]'
INFO: [Synth 8-3886] merging instance 'cpu_subsystem_i/cv32e40px_xif_wrapper_i/cv32e40px_top_i/core_i/cs_registers_i/gen_mhpmcounter[1].gen_non_implemented.mhpmcounter_q_reg[1][57]' (FD) to 'cpu_subsystem_i/cv32e40px_xif_wrapper_i/cv32e40px_top_i/core_i/cs_registers_i/gen_mhpmevent[0].gen_non_implemented.mhpmevent_q_reg[0][31]'
INFO: [Synth 8-3333] propagating constant 0 across sequential element (\cpu_subsystem_i/cv32e40px_xif_wrapper_i/cv32e40px_top_i/core_i /cs_registers_i/\dcsr_q_reg[zero2][25] )
INFO: [Synth 8-3886] merging instance 'cpu_subsystem_i/cv32e40px_xif_wrapper_i/cv32e40px_top_i/core_i/cs_registers_i/gen_mhpmcounter[1].gen_non_implemented.mhpmcounter_q_reg[1][26]' (FD) to 'cpu_subsystem_i/cv32e40px_xif_wrapper_i/cv32e40px_top_i/core_i/cs_registers_i/gen_mhpmevent[0].gen_non_implemented.mhpmevent_q_reg[0][31]'
INFO: [Synth 8-3886] merging instance 'cpu_subsystem_i/cv32e40px_xif_wrapper_i/cv32e40px_top_i/core_i/cs_registers_i/gen_mhpmevent[3].gen_implemented.gen_tie_off.mhpmevent_q_reg[3][26]' (FD) to 'cpu_subsystem_i/cv32e40px_xif_wrapper_i/cv32e40px_top_i/core_i/cs_registers_i/gen_mhpmevent[0].gen_non_implemented.mhpmevent_q_reg[0][31]'
INFO: [Synth 8-3886] merging instance 'cpu_subsystem_i/cv32e40px_xif_wrapper_i/cv32e40px_top_i/core_i/cs_registers_i/gen_mhpmevent[0].gen_non_implemented.mhpmevent_q_reg[0][26]' (FD) to 'cpu_subsystem_i/cv32e40px_xif_wrapper_i/cv32e40px_top_i/core_i/cs_registers_i/gen_mhpmevent[0].gen_non_implemented.mhpmevent_q_reg[0][31]'
INFO: [Synth 8-3886] merging instance 'cpu_subsystem_i/cv32e40px_xif_wrapper_i/cv32e40px_top_i/core_i/cs_registers_i/gen_mhpmcounter[1].gen_non_implemented.mhpmcounter_q_reg[1][58]' (FD) to 'cpu_subsystem_i/cv32e40px_xif_wrapper_i/cv32e40px_top_i/core_i/cs_registers_i/gen_mhpmevent[0].gen_non_implemented.mhpmevent_q_reg[0][31]'
INFO: [Synth 8-3333] propagating constant 0 across sequential element (\cpu_subsystem_i/cv32e40px_xif_wrapper_i/cv32e40px_top_i/core_i /cs_registers_i/\dcsr_q_reg[zero2][26] )
INFO: [Synth 8-3886] merging instance 'cpu_subsystem_i/cv32e40px_xif_wrapper_i/cv32e40px_top_i/core_i/cs_registers_i/gen_mhpmcounter[1].gen_non_implemented.mhpmcounter_q_reg[1][27]' (FD) to 'cpu_subsystem_i/cv32e40px_xif_wrapper_i/cv32e40px_top_i/core_i/cs_registers_i/gen_mhpmevent[0].gen_non_implemented.mhpmevent_q_reg[0][31]'
INFO: [Synth 8-3886] merging instance 'cpu_subsystem_i/cv32e40px_xif_wrapper_i/cv32e40px_top_i/core_i/cs_registers_i/gen_mhpmevent[3].gen_implemented.gen_tie_off.mhpmevent_q_reg[3][27]' (FD) to 'cpu_subsystem_i/cv32e40px_xif_wrapper_i/cv32e40px_top_i/core_i/cs_registers_i/gen_mhpmevent[0].gen_non_implemented.mhpmevent_q_reg[0][31]'
INFO: [Synth 8-3886] merging instance 'cpu_subsystem_i/cv32e40px_xif_wrapper_i/cv32e40px_top_i/core_i/cs_registers_i/gen_mhpmevent[0].gen_non_implemented.mhpmevent_q_reg[0][27]' (FD) to 'cpu_subsystem_i/cv32e40px_xif_wrapper_i/cv32e40px_top_i/core_i/cs_registers_i/gen_mhpmevent[0].gen_non_implemented.mhpmevent_q_reg[0][31]'
INFO: [Synth 8-3886] merging instance 'cpu_subsystem_i/cv32e40px_xif_wrapper_i/cv32e40px_top_i/core_i/cs_registers_i/gen_mhpmcounter[1].gen_non_implemented.mhpmcounter_q_reg[1][59]' (FD) to 'cpu_subsystem_i/cv32e40px_xif_wrapper_i/cv32e40px_top_i/core_i/cs_registers_i/gen_mhpmevent[0].gen_non_implemented.mhpmevent_q_reg[0][31]'
INFO: [Synth 8-3333] propagating constant 0 across sequential element (\cpu_subsystem_i/cv32e40px_xif_wrapper_i/cv32e40px_top_i/core_i /cs_registers_i/\dcsr_q_reg[zero2][27] )
INFO: [Synth 8-3886] merging instance 'cpu_subsystem_i/cv32e40px_xif_wrapper_i/cv32e40px_top_i/core_i/cs_registers_i/gen_mhpmcounter[1].gen_non_implemented.mhpmcounter_q_reg[1][28]' (FD) to 'cpu_subsystem_i/cv32e40px_xif_wrapper_i/cv32e40px_top_i/core_i/cs_registers_i/gen_mhpmevent[0].gen_non_implemented.mhpmevent_q_reg[0][31]'
INFO: [Synth 8-3886] merging instance 'cpu_subsystem_i/cv32e40px_xif_wrapper_i/cv32e40px_top_i/core_i/cs_registers_i/gen_mhpmevent[3].gen_implemented.gen_tie_off.mhpmevent_q_reg[3][28]' (FD) to 'cpu_subsystem_i/cv32e40px_xif_wrapper_i/cv32e40px_top_i/core_i/cs_registers_i/gen_mhpmevent[0].gen_non_implemented.mhpmevent_q_reg[0][31]'
INFO: [Synth 8-3886] merging instance 'cpu_subsystem_i/cv32e40px_xif_wrapper_i/cv32e40px_top_i/core_i/cs_registers_i/gen_mhpmevent[0].gen_non_implemented.mhpmevent_q_reg[0][28]' (FD) to 'cpu_subsystem_i/cv32e40px_xif_wrapper_i/cv32e40px_top_i/core_i/cs_registers_i/gen_mhpmevent[0].gen_non_implemented.mhpmevent_q_reg[0][31]'
INFO: [Synth 8-3886] merging instance 'cpu_subsystem_i/cv32e40px_xif_wrapper_i/cv32e40px_top_i/core_i/cs_registers_i/gen_mhpmcounter[1].gen_non_implemented.mhpmcounter_q_reg[1][60]' (FD) to 'cpu_subsystem_i/cv32e40px_xif_wrapper_i/cv32e40px_top_i/core_i/cs_registers_i/gen_mhpmevent[0].gen_non_implemented.mhpmevent_q_reg[0][31]'
INFO: [Synth 8-3333] propagating constant 0 across sequential element (\cpu_subsystem_i/cv32e40px_xif_wrapper_i/cv32e40px_top_i/core_i /cs_registers_i/\dcsr_q_reg[xdebugver][28] )
INFO: [Synth 8-3886] merging instance 'cpu_subsystem_i/cv32e40px_xif_wrapper_i/cv32e40px_top_i/core_i/cs_registers_i/gen_mhpmcounter[1].gen_non_implemented.mhpmcounter_q_reg[1][29]' (FD) to 'cpu_subsystem_i/cv32e40px_xif_wrapper_i/cv32e40px_top_i/core_i/cs_registers_i/gen_mhpmevent[0].gen_non_implemented.mhpmevent_q_reg[0][31]'
INFO: [Synth 8-3886] merging instance 'cpu_subsystem_i/cv32e40px_xif_wrapper_i/cv32e40px_top_i/core_i/cs_registers_i/gen_mhpmevent[3].gen_implemented.gen_tie_off.mhpmevent_q_reg[3][29]' (FD) to 'cpu_subsystem_i/cv32e40px_xif_wrapper_i/cv32e40px_top_i/core_i/cs_registers_i/gen_mhpmevent[0].gen_non_implemented.mhpmevent_q_reg[0][31]'
INFO: [Synth 8-3886] merging instance 'cpu_subsystem_i/cv32e40px_xif_wrapper_i/cv32e40px_top_i/core_i/cs_registers_i/gen_mhpmevent[0].gen_non_implemented.mhpmevent_q_reg[0][29]' (FD) to 'cpu_subsystem_i/cv32e40px_xif_wrapper_i/cv32e40px_top_i/core_i/cs_registers_i/gen_mhpmevent[0].gen_non_implemented.mhpmevent_q_reg[0][31]'
INFO: [Synth 8-3886] merging instance 'cpu_subsystem_i/cv32e40px_xif_wrapper_i/cv32e40px_top_i/core_i/cs_registers_i/gen_mhpmcounter[1].gen_non_implemented.mhpmcounter_q_reg[1][61]' (FD) to 'cpu_subsystem_i/cv32e40px_xif_wrapper_i/cv32e40px_top_i/core_i/cs_registers_i/gen_mhpmevent[0].gen_non_implemented.mhpmevent_q_reg[0][31]'
INFO: [Synth 8-3333] propagating constant 0 across sequential element (\cpu_subsystem_i/cv32e40px_xif_wrapper_i/cv32e40px_top_i/core_i /cs_registers_i/\dcsr_q_reg[xdebugver][29] )
INFO: [Synth 8-3886] merging instance 'cpu_subsystem_i/cv32e40px_xif_wrapper_i/cv32e40px_top_i/core_i/cs_registers_i/gen_mhpmcounter[1].gen_non_implemented.mhpmcounter_q_reg[1][30]' (FD) to 'cpu_subsystem_i/cv32e40px_xif_wrapper_i/cv32e40px_top_i/core_i/cs_registers_i/gen_mhpmevent[0].gen_non_implemented.mhpmevent_q_reg[0][31]'
INFO: [Synth 8-3886] merging instance 'cpu_subsystem_i/cv32e40px_xif_wrapper_i/cv32e40px_top_i/core_i/cs_registers_i/gen_mhpmevent[3].gen_implemented.gen_tie_off.mhpmevent_q_reg[3][30]' (FD) to 'cpu_subsystem_i/cv32e40px_xif_wrapper_i/cv32e40px_top_i/core_i/cs_registers_i/gen_mhpmevent[0].gen_non_implemented.mhpmevent_q_reg[0][31]'
INFO: [Synth 8-3886] merging instance 'cpu_subsystem_i/cv32e40px_xif_wrapper_i/cv32e40px_top_i/core_i/cs_registers_i/gen_mhpmevent[0].gen_non_implemented.mhpmevent_q_reg[0][30]' (FD) to 'cpu_subsystem_i/cv32e40px_xif_wrapper_i/cv32e40px_top_i/core_i/cs_registers_i/gen_mhpmevent[0].gen_non_implemented.mhpmevent_q_reg[0][31]'
INFO: [Synth 8-3886] merging instance 'cpu_subsystem_i/cv32e40px_xif_wrapper_i/cv32e40px_top_i/core_i/cs_registers_i/gen_mhpmcounter[1].gen_non_implemented.mhpmcounter_q_reg[1][62]' (FD) to 'cpu_subsystem_i/cv32e40px_xif_wrapper_i/cv32e40px_top_i/core_i/cs_registers_i/gen_mhpmevent[0].gen_non_implemented.mhpmevent_q_reg[0][31]'
INFO: [Synth 8-3333] propagating constant 1 across sequential element (\cpu_subsystem_i/cv32e40px_xif_wrapper_i/cv32e40px_top_i/core_i /cs_registers_i/\dcsr_q_reg[xdebugver][30] )
INFO: [Synth 8-3333] propagating constant 0 across sequential element (\cpu_subsystem_i/cv32e40px_xif_wrapper_i/cv32e40px_top_i/core_i /id_stage_i/\mult_dot_op_c_ex_o_reg[31] )
INFO: [Synth 8-3333] propagating constant 0 across sequential element (\cpu_subsystem_i/cv32e40px_xif_wrapper_i/cv32e40px_top_i/core_i /id_stage_i/\mult_dot_op_c_ex_o_reg[30] )
INFO: [Synth 8-3886] merging instance 'cpu_subsystem_i/cv32e40px_xif_wrapper_i/cv32e40px_top_i/core_i/cs_registers_i/gen_mhpmcounter[1].gen_non_implemented.mhpmcounter_q_reg[1][31]' (FD) to 'cpu_subsystem_i/cv32e40px_xif_wrapper_i/cv32e40px_top_i/core_i/cs_registers_i/gen_mhpmevent[0].gen_non_implemented.mhpmevent_q_reg[0][31]'
INFO: [Synth 8-3886] merging instance 'cpu_subsystem_i/cv32e40px_xif_wrapper_i/cv32e40px_top_i/core_i/cs_registers_i/gen_mhpmevent[3].gen_implemented.gen_tie_off.mhpmevent_q_reg[3][31]' (FD) to 'cpu_subsystem_i/cv32e40px_xif_wrapper_i/cv32e40px_top_i/core_i/cs_registers_i/gen_mhpmevent[0].gen_non_implemented.mhpmevent_q_reg[0][31]'
INFO: [Synth 8-3886] merging instance 'cpu_subsystem_i/cv32e40px_xif_wrapper_i/cv32e40px_top_i/core_i/cs_registers_i/gen_mhpmevent[0].gen_non_implemented.mhpmevent_q_reg[0][31]' (FD) to 'cpu_subsystem_i/cv32e40px_xif_wrapper_i/cv32e40px_top_i/core_i/cs_registers_i/gen_mhpmevent[0].gen_non_implemented.mhpmevent_q_reg[0][11]'
INFO: [Synth 8-3886] merging instance 'cpu_subsystem_i/cv32e40px_xif_wrapper_i/cv32e40px_top_i/core_i/cs_registers_i/gen_mhpmcounter[1].gen_non_implemented.mhpmcounter_q_reg[1][63]' (FD) to 'cpu_subsystem_i/cv32e40px_xif_wrapper_i/cv32e40px_top_i/core_i/cs_registers_i/gen_mhpmevent[0].gen_non_implemented.mhpmevent_q_reg[0][11]'
INFO: [Synth 8-3333] propagating constant 0 across sequential element (\cpu_subsystem_i/cv32e40px_xif_wrapper_i/cv32e40px_top_i/core_i /cs_registers_i/\dcsr_q_reg[xdebugver][31] )
INFO: [Synth 8-3886] merging instance 'cpu_subsystem_i/cv32e40px_xif_wrapper_i/cv32e40px_top_i/core_i/cs_registers_i/gen_mhpmcounter[1].gen_non_implemented.mhpmcounter_q_reg[1][9]' (FD) to 'cpu_subsystem_i/cv32e40px_xif_wrapper_i/cv32e40px_top_i/core_i/cs_registers_i/gen_mhpmevent[0].gen_non_implemented.mhpmevent_q_reg[0][11]'
INFO: [Synth 8-3886] merging instance 'cpu_subsystem_i/cv32e40px_xif_wrapper_i/cv32e40px_top_i/core_i/cs_registers_i/gen_mhpmevent[0].gen_non_implemented.mhpmevent_q_reg[0][9]' (FD) to 'cpu_subsystem_i/cv32e40px_xif_wrapper_i/cv32e40px_top_i/core_i/cs_registers_i/gen_mhpmevent[0].gen_non_implemented.mhpmevent_q_reg[0][11]'
INFO: [Synth 8-3886] merging instance 'cpu_subsystem_i/cv32e40px_xif_wrapper_i/cv32e40px_top_i/core_i/cs_registers_i/gen_mhpmcounter[1].gen_non_implemented.mhpmcounter_q_reg[1][41]' (FD) to 'cpu_subsystem_i/cv32e40px_xif_wrapper_i/cv32e40px_top_i/core_i/cs_registers_i/gen_mhpmevent[0].gen_non_implemented.mhpmevent_q_reg[0][11]'
INFO: [Synth 8-3886] merging instance 'cpu_subsystem_i/cv32e40px_xif_wrapper_i/cv32e40px_top_i/core_i/cs_registers_i/gen_mhpmcounter[1].gen_non_implemented.mhpmcounter_q_reg[1][8]' (FD) to 'cpu_subsystem_i/cv32e40px_xif_wrapper_i/cv32e40px_top_i/core_i/cs_registers_i/gen_mhpmevent[0].gen_non_implemented.mhpmevent_q_reg[0][11]'
INFO: [Synth 8-3886] merging instance 'cpu_subsystem_i/cv32e40px_xif_wrapper_i/cv32e40px_top_i/core_i/cs_registers_i/gen_mhpmevent[0].gen_non_implemented.mhpmevent_q_reg[0][8]' (FD) to 'cpu_subsystem_i/cv32e40px_xif_wrapper_i/cv32e40px_top_i/core_i/cs_registers_i/gen_mhpmevent[0].gen_non_implemented.mhpmevent_q_reg[0][11]'
INFO: [Synth 8-3886] merging instance 'cpu_subsystem_i/cv32e40px_xif_wrapper_i/cv32e40px_top_i/core_i/cs_registers_i/gen_mhpmcounter[1].gen_non_implemented.mhpmcounter_q_reg[1][40]' (FD) to 'cpu_subsystem_i/cv32e40px_xif_wrapper_i/cv32e40px_top_i/core_i/cs_registers_i/gen_mhpmevent[0].gen_non_implemented.mhpmevent_q_reg[0][11]'
INFO: [Synth 8-3886] merging instance 'cpu_subsystem_i/cv32e40px_xif_wrapper_i/cv32e40px_top_i/core_i/cs_registers_i/gen_mhpmcounter[1].gen_non_implemented.mhpmcounter_q_reg[1][6]' (FD) to 'cpu_subsystem_i/cv32e40px_xif_wrapper_i/cv32e40px_top_i/core_i/cs_registers_i/gen_mhpmevent[0].gen_non_implemented.mhpmevent_q_reg[0][11]'
INFO: [Synth 8-3886] merging instance 'cpu_subsystem_i/cv32e40px_xif_wrapper_i/cv32e40px_top_i/core_i/cs_registers_i/gen_mhpmevent[0].gen_non_implemented.mhpmevent_q_reg[0][6]' (FD) to 'cpu_subsystem_i/cv32e40px_xif_wrapper_i/cv32e40px_top_i/core_i/cs_registers_i/gen_mhpmevent[0].gen_non_implemented.mhpmevent_q_reg[0][11]'
INFO: [Synth 8-3886] merging instance 'cpu_subsystem_i/cv32e40px_xif_wrapper_i/cv32e40px_top_i/core_i/cs_registers_i/gen_mhpmcounter[1].gen_non_implemented.mhpmcounter_q_reg[1][38]' (FD) to 'cpu_subsystem_i/cv32e40px_xif_wrapper_i/cv32e40px_top_i/core_i/cs_registers_i/gen_mhpmevent[0].gen_non_implemented.mhpmevent_q_reg[0][11]'
INFO: [Synth 8-3333] propagating constant 0 across sequential element (\cpu_subsystem_i/cv32e40px_xif_wrapper_i/cv32e40px_top_i/core_i /id_stage_i/\mult_dot_op_c_ex_o_reg[29] )
INFO: [Synth 8-3886] merging instance 'cpu_subsystem_i/cv32e40px_xif_wrapper_i/cv32e40px_top_i/core_i/cs_registers_i/gen_mhpmcounter[1].gen_non_implemented.mhpmcounter_q_reg[1][7]' (FD) to 'cpu_subsystem_i/cv32e40px_xif_wrapper_i/cv32e40px_top_i/core_i/cs_registers_i/gen_mhpmevent[0].gen_non_implemented.mhpmevent_q_reg[0][11]'
INFO: [Synth 8-3886] merging instance 'cpu_subsystem_i/cv32e40px_xif_wrapper_i/cv32e40px_top_i/core_i/cs_registers_i/gen_mhpmevent[0].gen_non_implemented.mhpmevent_q_reg[0][7]' (FD) to 'cpu_subsystem_i/cv32e40px_xif_wrapper_i/cv32e40px_top_i/core_i/cs_registers_i/gen_mhpmevent[0].gen_non_implemented.mhpmevent_q_reg[0][11]'
INFO: [Synth 8-3886] merging instance 'cpu_subsystem_i/cv32e40px_xif_wrapper_i/cv32e40px_top_i/core_i/cs_registers_i/gen_mhpmcounter[1].gen_non_implemented.mhpmcounter_q_reg[1][39]' (FD) to 'cpu_subsystem_i/cv32e40px_xif_wrapper_i/cv32e40px_top_i/core_i/cs_registers_i/gen_mhpmevent[0].gen_non_implemented.mhpmevent_q_reg[0][11]'
INFO: [Synth 8-3886] merging instance 'cpu_subsystem_i/cv32e40px_xif_wrapper_i/cv32e40px_top_i/core_i/cs_registers_i/gen_mhpmcounter[1].gen_non_implemented.mhpmcounter_q_reg[1][10]' (FD) to 'cpu_subsystem_i/cv32e40px_xif_wrapper_i/cv32e40px_top_i/core_i/cs_registers_i/gen_mhpmevent[0].gen_non_implemented.mhpmevent_q_reg[0][11]'
INFO: [Synth 8-3886] merging instance 'cpu_subsystem_i/cv32e40px_xif_wrapper_i/cv32e40px_top_i/core_i/cs_registers_i/gen_mhpmevent[0].gen_non_implemented.mhpmevent_q_reg[0][10]' (FD) to 'cpu_subsystem_i/cv32e40px_xif_wrapper_i/cv32e40px_top_i/core_i/cs_registers_i/gen_mhpmevent[0].gen_non_implemented.mhpmevent_q_reg[0][11]'
INFO: [Synth 8-3886] merging instance 'cpu_subsystem_i/cv32e40px_xif_wrapper_i/cv32e40px_top_i/core_i/cs_registers_i/gen_mhpmcounter[1].gen_non_implemented.mhpmcounter_q_reg[1][42]' (FD) to 'cpu_subsystem_i/cv32e40px_xif_wrapper_i/cv32e40px_top_i/core_i/cs_registers_i/gen_mhpmevent[0].gen_non_implemented.mhpmevent_q_reg[0][11]'
INFO: [Synth 8-3333] propagating constant 0 across sequential element (\cpu_subsystem_i/cv32e40px_xif_wrapper_i/cv32e40px_top_i/core_i /id_stage_i/\mult_dot_op_c_ex_o_reg[28] )
INFO: [Synth 8-3333] propagating constant 0 across sequential element (\cpu_subsystem_i/cv32e40px_xif_wrapper_i/cv32e40px_top_i/core_i /id_stage_i/\mult_dot_op_c_ex_o_reg[27] )
INFO: [Synth 8-3333] propagating constant 0 across sequential element (\cpu_subsystem_i/cv32e40px_xif_wrapper_i/cv32e40px_top_i/core_i /id_stage_i/\mult_dot_op_c_ex_o_reg[26] )
INFO: [Synth 8-3333] propagating constant 0 across sequential element (\cpu_subsystem_i/cv32e40px_xif_wrapper_i/cv32e40px_top_i/core_i /id_stage_i/\mult_dot_op_c_ex_o_reg[25] )
INFO: [Synth 8-3333] propagating constant 0 across sequential element (\cpu_subsystem_i/cv32e40px_xif_wrapper_i/cv32e40px_top_i/core_i /id_stage_i/\mult_dot_op_c_ex_o_reg[24] )
INFO: [Synth 8-3333] propagating constant 0 across sequential element (\cpu_subsystem_i/cv32e40px_xif_wrapper_i/cv32e40px_top_i/core_i /id_stage_i/\mult_dot_op_a_ex_o_reg[15] )
INFO: [Synth 8-3333] propagating constant 0 across sequential element (\cpu_subsystem_i/cv32e40px_xif_wrapper_i/cv32e40px_top_i/core_i /id_stage_i/\mult_dot_op_a_ex_o_reg[14] )
INFO: [Synth 8-3333] propagating constant 0 across sequential element (\cpu_subsystem_i/cv32e40px_xif_wrapper_i/cv32e40px_top_i/core_i /id_stage_i/\mult_dot_op_a_ex_o_reg[23] )
INFO: [Synth 8-3333] propagating constant 0 across sequential element (\cpu_subsystem_i/cv32e40px_xif_wrapper_i/cv32e40px_top_i/core_i /id_stage_i/\mult_dot_op_a_ex_o_reg[22] )
INFO: [Synth 8-3886] merging instance 'cpu_subsystem_i/cv32e40px_xif_wrapper_i/cv32e40px_top_i/core_i/id_stage_i/apu_flags_ex_o_reg[14]' (FDCE) to 'cpu_subsystem_i/cv32e40px_xif_wrapper_i/cv32e40px_top_i/core_i/id_stage_i/mult_dot_signed_ex_o_reg[1]'
INFO: [Common 17-14] Message 'Synth 8-3886' appears 100 times and further instances of the messages will be disabled. Use the Tcl command set_msg_config to change the current settings.
INFO: [Common 17-14] Message 'Synth 8-3886' appears 100 times and further instances of the messages will be disabled. Use the Tcl command set_msg_config to change the current settings.
INFO: [Synth 8-3333] propagating constant 0 across sequential element (\cpu_subsystem_i/cv32e40px_xif_wrapper_i/cv32e40px_top_i/core_i /id_stage_i/\mult_dot_op_a_ex_o_reg[31] )
INFO: [Synth 8-3333] propagating constant 0 across sequential element (\cpu_subsystem_i/cv32e40px_xif_wrapper_i/cv32e40px_top_i/core_i /id_stage_i/\mult_dot_op_a_ex_o_reg[30] )
INFO: [Synth 8-3333] propagating constant 0 across sequential element (\cpu_subsystem_i/cv32e40px_xif_wrapper_i/cv32e40px_top_i/core_i /cs_registers_i/\mstatus_q_reg[uie] )
INFO: [Synth 8-3333] propagating constant 0 across sequential element (\cpu_subsystem_i/cv32e40px_xif_wrapper_i/cv32e40px_top_i/core_i /cs_registers_i/\dcsr_q_reg[zero0] )
INFO: [Synth 8-3333] propagating constant 0 across sequential element (\cpu_subsystem_i/cv32e40px_xif_wrapper_i/cv32e40px_top_i/core_i /id_stage_i/\mult_dot_op_c_ex_o_reg[23] )
INFO: [Synth 8-3333] propagating constant 0 across sequential element (\cpu_subsystem_i/cv32e40px_xif_wrapper_i/cv32e40px_top_i/core_i /id_stage_i/\mult_dot_op_c_ex_o_reg[22] )
INFO: [Synth 8-3333] propagating constant 0 across sequential element (\cpu_subsystem_i/cv32e40px_xif_wrapper_i/cv32e40px_top_i/core_i /id_stage_i/\mult_dot_op_c_ex_o_reg[21] )
INFO: [Synth 8-3333] propagating constant 0 across sequential element (\cpu_subsystem_i/cv32e40px_xif_wrapper_i/cv32e40px_top_i/core_i /id_stage_i/\mult_dot_op_c_ex_o_reg[20] )
INFO: [Synth 8-3333] propagating constant 0 across sequential element (\cpu_subsystem_i/cv32e40px_xif_wrapper_i/cv32e40px_top_i/core_i /id_stage_i/\mult_dot_op_b_ex_o_reg[6] )
INFO: [Synth 8-3333] propagating constant 0 across sequential element (\cpu_subsystem_i/cv32e40px_xif_wrapper_i/cv32e40px_top_i/core_i /id_stage_i/\mult_dot_op_b_ex_o_reg[22] )
INFO: [Synth 8-3333] propagating constant 0 across sequential element (\cpu_subsystem_i/cv32e40px_xif_wrapper_i/cv32e40px_top_i/core_i /id_stage_i/\mult_dot_op_c_ex_o_reg[6] )
INFO: [Synth 8-3333] propagating constant 0 across sequential element (\cpu_subsystem_i/cv32e40px_xif_wrapper_i/cv32e40px_top_i/core_i /id_stage_i/\mult_dot_op_b_ex_o_reg[7] )
INFO: [Synth 8-3333] propagating constant 0 across sequential element (\cpu_subsystem_i/cv32e40px_xif_wrapper_i/cv32e40px_top_i/core_i /id_stage_i/\mult_dot_op_b_ex_o_reg[23] )
INFO: [Synth 8-3333] propagating constant 0 across sequential element (\cpu_subsystem_i/cv32e40px_xif_wrapper_i/cv32e40px_top_i/core_i /id_stage_i/\mult_dot_op_c_ex_o_reg[7] )
INFO: [Synth 8-3333] propagating constant 0 across sequential element (\cpu_subsystem_i/cv32e40px_xif_wrapper_i/cv32e40px_top_i/core_i /id_stage_i/\mult_dot_op_c_ex_o_reg[8] )
INFO: [Synth 8-3333] propagating constant 0 across sequential element (\cpu_subsystem_i/cv32e40px_xif_wrapper_i/cv32e40px_top_i/core_i /id_stage_i/\mult_dot_op_c_ex_o_reg[9] )
INFO: [Synth 8-3333] propagating constant 0 across sequential element (\cpu_subsystem_i/cv32e40px_xif_wrapper_i/cv32e40px_top_i/core_i /id_stage_i/\mult_dot_op_c_ex_o_reg[10] )
INFO: [Synth 8-3333] propagating constant 0 across sequential element (\cpu_subsystem_i/cv32e40px_xif_wrapper_i/cv32e40px_top_i/core_i /id_stage_i/\mult_dot_op_c_ex_o_reg[11] )
INFO: [Common 17-14] Message 'Synth 8-3333' appears 100 times and further instances of the messages will be disabled. Use the Tcl command set_msg_config to change the current settings.
INFO: [Common 17-14] Message 'Synth 8-3333' appears 100 times and further instances of the messages will be disabled. Use the Tcl command set_msg_config to change the current settings.
INFO: [Synth 8-4471] merging register 'i_dmi_cdc/core_clear_pending_q_reg' into 'i_dmi_cdc/i_cdc_req/s_dst_isolate_ack_q_reg' [/home/mfpdsmbaa/LabCatreda/GR-HEEP/hw/vendor/x-heep/hw/vendor/pulp_platform/riscv_dbg/src/dmi_cdc.sv:100]
INFO: [Synth 8-5546] ROM "p_0_out" won't be mapped to RAM because it is too sparse
INFO: [Synth 8-5546] ROM "p_0_out" won't be mapped to RAM because it is too sparse
---------------------------------------------------------------------------------
Finished Cross Boundary and Area Optimization : Time (s): cpu = 00:00:53 ; elapsed = 00:01:03 . Memory (MB): peak = 2706.914 ; gain = 1050.594 ; free physical = 6860 ; free virtual = 79387
---------------------------------------------------------------------------------
 Sort Area is core_v_mini_mcu__GCB0 mult_i/_3 : 0 0 : 3101 5754 : Used 1 time 0
 Sort Area is core_v_mini_mcu__GCB0 mult_i/_3 : 0 1 : 2653 5754 : Used 1 time 0
 Sort Area is core_v_mini_mcu__GCB0 mult_i/_6 : 0 0 : 2634 5119 : Used 1 time 0
 Sort Area is core_v_mini_mcu__GCB0 mult_i/_6 : 0 1 : 2485 5119 : Used 1 time 0
 Sort Area is core_v_mini_mcu__GCB0 mult_i/short_mul_0 : 0 0 : 2264 2536 : Used 1 time 0
 Sort Area is core_v_mini_mcu__GCB0 mult_i/short_mul_0 : 0 1 : 272 2536 : Used 1 time 0
 Sort Area is core_v_mini_mcu__GCB0 mult_i/dot_short_result_a : 0 0 : 2359 2359 : Used 1 time 0
 Sort Area is core_v_mini_mcu__GCB0 mult_i/dot_short_mul[1]_9 : 0 0 : 2264 2264 : Used 1 time 0
---------------------------------------------------------------------------------
Start ROM, RAM, DSP, Shift Register and Retiming Reporting
---------------------------------------------------------------------------------

ROM: Preliminary Mapping Report
+------------+------------+---------------+----------------+
|Module Name | RTL Object | Depth x Width | Implemented As | 
+------------+------------+---------------+----------------+
|boot_rom    | mem        | 64x32         | LUT            | 
+------------+------------+---------------+----------------+


DSP: Preliminary Mapping Report (see note below. The ' indicates corresponding REG is set)
+-------------------+----------------+--------+--------+--------+--------+--------+------+------+------+------+-------+------+------+
|Module Name        | DSP Mapping    | A Size | B Size | C Size | D Size | P Size | AREG | BREG | CREG | DREG | ADREG | MREG | PREG | 
+-------------------+----------------+--------+--------+--------+--------+--------+------+------+------+------+-------+------+------+
|cv32e40px_mult     | A*B            | 17     | 17     | -      | -      | 34     | 0    | 0    | -    | -    | -     | 0    | 0    | 
|cv32e40px_ex_stage | PCIN+A:B+C     | 14     | 18     | 33     | -      | -1     | 0    | 0    | 0    | -    | -     | 0    | 0    | 
|cv32e40px_mult     | A*B            | 17     | 17     | -      | -      | 34     | 0    | 0    | -    | -    | -     | 0    | 0    | 
|cv32e40px_mult     | C+A*B          | 17     | 17     | 32     | -      | 32     | 0    | 0    | 0    | -    | -     | 0    | 0    | 
|cv32e40px_ex_stage | A*B            | 18     | 15     | -      | -      | 48     | 0    | 0    | -    | -    | -     | 0    | 0    | 
|cv32e40px_ex_stage | (PCIN>>17)+A*B | 15     | 15     | -      | -      | 48     | 0    | 0    | -    | -    | -     | 0    | 0    | 
|cv32e40px_ex_stage | A*B            | 18     | 18     | -      | -      | 48     | 0    | 0    | -    | -    | -     | 0    | 0    | 
|cv32e40px_ex_stage | (PCIN>>17)+A*B | 18     | 15     | -      | -      | 48     | 0    | 0    | -    | -    | -     | 0    | 0    | 
+-------------------+----------------+--------+--------+--------+--------+--------+------+------+------+------+-------+------+------+

Note: The table above is a preliminary report that shows the DSPs inferred at the current stage of the synthesis flow. Some DSP may be reimplemented as non DSP primitives later in the synthesis flow. Multiple instantiated DSPs are reported only once.
---------------------------------------------------------------------------------
Finished ROM, RAM, DSP, Shift Register and Retiming Reporting
---------------------------------------------------------------------------------
---------------------------------------------------------------------------------
Start Applying XDC Timing Constraints
---------------------------------------------------------------------------------
invalid command "ndmreset" at line 6 of file /home/mfpdsmbaa/LabCatreda/GR-HEEP/hw/fpga/constraints/nexys/constraints.xdc
WARNING: [Synth 8-3321] The argument for option -from is not a valid pin for constraint at line 6 of /home/mfpdsmbaa/LabCatreda/GR-HEEP/hw/fpga/constraints/nexys/constraints.xdc. [/home/mfpdsmbaa/LabCatreda/GR-HEEP/hw/fpga/constraints/nexys/constraints.xdc:6]
---------------------------------------------------------------------------------
Finished Applying XDC Timing Constraints : Time (s): cpu = 00:00:56 ; elapsed = 00:01:06 . Memory (MB): peak = 2706.914 ; gain = 1050.594 ; free physical = 6800 ; free virtual = 79385
---------------------------------------------------------------------------------
---------------------------------------------------------------------------------
Start Timing Optimization
---------------------------------------------------------------------------------
WARNING: [Synth 8-3332] Sequential element (power_manager_sequence_ram_0_retentive_i/FSM_sequential_sequence_curr_state_reg[2]) is unused and will be removed from module power_manager.
WARNING: [Synth 8-3332] Sequential element (power_manager_sequence_ram_0_retentive_i/FSM_sequential_sequence_curr_state_reg[1]) is unused and will be removed from module power_manager.
WARNING: [Synth 8-3332] Sequential element (power_manager_sequence_ram_0_retentive_i/FSM_sequential_sequence_curr_state_reg[0]) is unused and will be removed from module power_manager.
WARNING: [Synth 8-3332] Sequential element (power_manager_sequence_ram_1_retentive_i/FSM_sequential_sequence_curr_state_reg[2]) is unused and will be removed from module power_manager.
WARNING: [Synth 8-3332] Sequential element (power_manager_sequence_ram_1_retentive_i/FSM_sequential_sequence_curr_state_reg[1]) is unused and will be removed from module power_manager.
WARNING: [Synth 8-3332] Sequential element (power_manager_sequence_ram_1_retentive_i/FSM_sequential_sequence_curr_state_reg[0]) is unused and will be removed from module power_manager.
WARNING: [Synth 8-3332] Sequential element (power_manager_sequence_ram_2_retentive_i/FSM_sequential_sequence_curr_state_reg[2]) is unused and will be removed from module power_manager.
WARNING: [Synth 8-3332] Sequential element (power_manager_sequence_ram_2_retentive_i/FSM_sequential_sequence_curr_state_reg[1]) is unused and will be removed from module power_manager.
WARNING: [Synth 8-3332] Sequential element (power_manager_sequence_ram_2_retentive_i/FSM_sequential_sequence_curr_state_reg[0]) is unused and will be removed from module power_manager.
WARNING: [Synth 8-3332] Sequential element (power_manager_sequence_ram_3_retentive_i/FSM_sequential_sequence_curr_state_reg[2]) is unused and will be removed from module power_manager.
WARNING: [Synth 8-3332] Sequential element (power_manager_sequence_ram_3_retentive_i/FSM_sequential_sequence_curr_state_reg[1]) is unused and will be removed from module power_manager.
WARNING: [Synth 8-3332] Sequential element (power_manager_sequence_ram_3_retentive_i/FSM_sequential_sequence_curr_state_reg[0]) is unused and will be removed from module power_manager.
WARNING: [Synth 8-3332] Sequential element (power_manager_sequence_ram_4_retentive_i/FSM_sequential_sequence_curr_state_reg[2]) is unused and will be removed from module power_manager.
WARNING: [Synth 8-3332] Sequential element (power_manager_sequence_ram_4_retentive_i/FSM_sequential_sequence_curr_state_reg[1]) is unused and will be removed from module power_manager.
WARNING: [Synth 8-3332] Sequential element (power_manager_sequence_ram_4_retentive_i/FSM_sequential_sequence_curr_state_reg[0]) is unused and will be removed from module power_manager.
WARNING: [Synth 8-3332] Sequential element (power_manager_sequence_ram_5_retentive_i/FSM_sequential_sequence_curr_state_reg[2]) is unused and will be removed from module power_manager.
WARNING: [Synth 8-3332] Sequential element (power_manager_sequence_ram_5_retentive_i/FSM_sequential_sequence_curr_state_reg[1]) is unused and will be removed from module power_manager.
WARNING: [Synth 8-3332] Sequential element (power_manager_sequence_ram_5_retentive_i/FSM_sequential_sequence_curr_state_reg[0]) is unused and will be removed from module power_manager.
WARNING: [Synth 8-3332] Sequential element (power_manager_sequence_ram_6_retentive_i/FSM_sequential_sequence_curr_state_reg[2]) is unused and will be removed from module power_manager.
WARNING: [Synth 8-3332] Sequential element (power_manager_sequence_ram_6_retentive_i/FSM_sequential_sequence_curr_state_reg[1]) is unused and will be removed from module power_manager.
WARNING: [Synth 8-3332] Sequential element (power_manager_sequence_ram_6_retentive_i/FSM_sequential_sequence_curr_state_reg[0]) is unused and will be removed from module power_manager.
WARNING: [Synth 8-3332] Sequential element (power_manager_sequence_ram_7_retentive_i/FSM_sequential_sequence_curr_state_reg[2]) is unused and will be removed from module power_manager.
WARNING: [Synth 8-3332] Sequential element (power_manager_sequence_ram_7_retentive_i/FSM_sequential_sequence_curr_state_reg[1]) is unused and will be removed from module power_manager.
WARNING: [Synth 8-3332] Sequential element (power_manager_sequence_ram_7_retentive_i/FSM_sequential_sequence_curr_state_reg[0]) is unused and will be removed from module power_manager.
WARNING: [Synth 8-3332] Sequential element (power_manager_sequence_ram_8_retentive_i/FSM_sequential_sequence_curr_state_reg[2]) is unused and will be removed from module power_manager.
WARNING: [Synth 8-3332] Sequential element (power_manager_sequence_ram_8_retentive_i/FSM_sequential_sequence_curr_state_reg[1]) is unused and will be removed from module power_manager.
WARNING: [Synth 8-3332] Sequential element (power_manager_sequence_ram_8_retentive_i/FSM_sequential_sequence_curr_state_reg[0]) is unused and will be removed from module power_manager.
WARNING: [Synth 8-3332] Sequential element (power_manager_sequence_ram_9_retentive_i/FSM_sequential_sequence_curr_state_reg[2]) is unused and will be removed from module power_manager.
WARNING: [Synth 8-3332] Sequential element (power_manager_sequence_ram_9_retentive_i/FSM_sequential_sequence_curr_state_reg[1]) is unused and will be removed from module power_manager.
WARNING: [Synth 8-3332] Sequential element (power_manager_sequence_ram_9_retentive_i/FSM_sequential_sequence_curr_state_reg[0]) is unused and will be removed from module power_manager.
WARNING: [Synth 8-3332] Sequential element (i_decode_ping/FSM_sequential_gen_async.state_q_reg[1]) is unused and will be removed from module prim_alert_sender.
WARNING: [Synth 8-3332] Sequential element (i_decode_ping/FSM_sequential_gen_async.state_q_reg[0]) is unused and will be removed from module prim_alert_sender.
WARNING: [Synth 8-3332] Sequential element (i_decode_ack/FSM_sequential_gen_async.state_q_reg[1]) is unused and will be removed from module prim_alert_sender.
WARNING: [Synth 8-3332] Sequential element (i_decode_ack/FSM_sequential_gen_async.state_q_reg[0]) is unused and will be removed from module prim_alert_sender.
WARNING: [Synth 8-3332] Sequential element (FSM_sequential_state_q_reg[2]) is unused and will be removed from module prim_alert_sender.
WARNING: [Synth 8-3332] Sequential element (FSM_sequential_state_q_reg[1]) is unused and will be removed from module prim_alert_sender.
WARNING: [Synth 8-3332] Sequential element (FSM_sequential_state_q_reg[0]) is unused and will be removed from module prim_alert_sender.
WARNING: [Synth 8-3332] Sequential element (i_decode_ping/FSM_sequential_gen_async.state_q_reg[1]) is unused and will be removed from module prim_alert_sender__1.
WARNING: [Synth 8-3332] Sequential element (i_decode_ping/FSM_sequential_gen_async.state_q_reg[0]) is unused and will be removed from module prim_alert_sender__1.
WARNING: [Synth 8-3332] Sequential element (i_decode_ack/FSM_sequential_gen_async.state_q_reg[1]) is unused and will be removed from module prim_alert_sender__1.
WARNING: [Synth 8-3332] Sequential element (i_decode_ack/FSM_sequential_gen_async.state_q_reg[0]) is unused and will be removed from module prim_alert_sender__1.
WARNING: [Synth 8-3332] Sequential element (FSM_sequential_state_q_reg[2]) is unused and will be removed from module prim_alert_sender__1.
WARNING: [Synth 8-3332] Sequential element (FSM_sequential_state_q_reg[1]) is unused and will be removed from module prim_alert_sender__1.
WARNING: [Synth 8-3332] Sequential element (FSM_sequential_state_q_reg[0]) is unused and will be removed from module prim_alert_sender__1.
WARNING: [Synth 8-3332] Sequential element (i_decode_ping/FSM_sequential_gen_async.state_q_reg[1]) is unused and will be removed from module prim_alert_sender__2.
WARNING: [Synth 8-3332] Sequential element (i_decode_ping/FSM_sequential_gen_async.state_q_reg[0]) is unused and will be removed from module prim_alert_sender__2.
WARNING: [Synth 8-3332] Sequential element (i_decode_ack/FSM_sequential_gen_async.state_q_reg[1]) is unused and will be removed from module prim_alert_sender__2.
WARNING: [Synth 8-3332] Sequential element (i_decode_ack/FSM_sequential_gen_async.state_q_reg[0]) is unused and will be removed from module prim_alert_sender__2.
WARNING: [Synth 8-3332] Sequential element (FSM_sequential_state_q_reg[2]) is unused and will be removed from module prim_alert_sender__2.
WARNING: [Synth 8-3332] Sequential element (FSM_sequential_state_q_reg[1]) is unused and will be removed from module prim_alert_sender__2.
WARNING: [Synth 8-3332] Sequential element (FSM_sequential_state_q_reg[0]) is unused and will be removed from module prim_alert_sender__2.
---------------------------------------------------------------------------------
Finished Timing Optimization : Time (s): cpu = 00:01:04 ; elapsed = 00:01:14 . Memory (MB): peak = 2706.914 ; gain = 1050.594 ; free physical = 6772 ; free virtual = 79366
---------------------------------------------------------------------------------
---------------------------------------------------------------------------------
Start Technology Mapping
---------------------------------------------------------------------------------
invalid command "ndmreset" at line 6 of file /home/mfpdsmbaa/LabCatreda/GR-HEEP/hw/fpga/constraints/nexys/constraints.xdc
WARNING: [Synth 8-3321] The argument for option -from is not a valid pin for constraint at line 6 of /home/mfpdsmbaa/LabCatreda/GR-HEEP/hw/fpga/constraints/nexys/constraints.xdc. [/home/mfpdsmbaa/LabCatreda/GR-HEEP/hw/fpga/constraints/nexys/constraints.xdc:6]
WARNING: [Synth 8-3321] The argument for option -from is not a valid pin for constraint at line 38 of /home/mfpdsmbaa/LabCatreda/GR-HEEP/hw/fpga/constraints/common/spi_slave.xdc. [/home/mfpdsmbaa/LabCatreda/GR-HEEP/hw/fpga/constraints/common/spi_slave.xdc:38]
invalid command "ndmreset" at line 6 of file /home/mfpdsmbaa/LabCatreda/GR-HEEP/hw/fpga/constraints/nexys/constraints.xdc
WARNING: [Synth 8-3321] The argument for option -from is not a valid pin for constraint at line 6 of /home/mfpdsmbaa/LabCatreda/GR-HEEP/hw/fpga/constraints/nexys/constraints.xdc. [/home/mfpdsmbaa/LabCatreda/GR-HEEP/hw/fpga/constraints/nexys/constraints.xdc:6]
WARNING: [Synth 8-3321] The argument for option -from is not a valid pin for constraint at line 38 of /home/mfpdsmbaa/LabCatreda/GR-HEEP/hw/fpga/constraints/common/spi_slave.xdc. [/home/mfpdsmbaa/LabCatreda/GR-HEEP/hw/fpga/constraints/common/spi_slave.xdc:38]
invalid command "ndmreset" at line 6 of file /home/mfpdsmbaa/LabCatreda/GR-HEEP/hw/fpga/constraints/nexys/constraints.xdc
WARNING: [Synth 8-3321] The argument for option -from is not a valid pin for constraint at line 6 of /home/mfpdsmbaa/LabCatreda/GR-HEEP/hw/fpga/constraints/nexys/constraints.xdc. [/home/mfpdsmbaa/LabCatreda/GR-HEEP/hw/fpga/constraints/nexys/constraints.xdc:6]
WARNING: [Synth 8-3321] The argument for option -from is not a valid pin for constraint at line 38 of /home/mfpdsmbaa/LabCatreda/GR-HEEP/hw/fpga/constraints/common/spi_slave.xdc. [/home/mfpdsmbaa/LabCatreda/GR-HEEP/hw/fpga/constraints/common/spi_slave.xdc:38]
invalid command "ndmreset" at line 6 of file /home/mfpdsmbaa/LabCatreda/GR-HEEP/hw/fpga/constraints/nexys/constraints.xdc
WARNING: [Synth 8-3321] The argument for option -from is not a valid pin for constraint at line 6 of /home/mfpdsmbaa/LabCatreda/GR-HEEP/hw/fpga/constraints/nexys/constraints.xdc. [/home/mfpdsmbaa/LabCatreda/GR-HEEP/hw/fpga/constraints/nexys/constraints.xdc:6]
WARNING: [Synth 8-3321] The argument for option -from is not a valid pin for constraint at line 38 of /home/mfpdsmbaa/LabCatreda/GR-HEEP/hw/fpga/constraints/common/spi_slave.xdc. [/home/mfpdsmbaa/LabCatreda/GR-HEEP/hw/fpga/constraints/common/spi_slave.xdc:38]
INFO: [Synth 8-5844] Detected registers with asynchronous reset at DSP/BRAM block boundary. Consider using synchronous reset for optimal packing [/home/mfpdsmbaa/LabCatreda/GR-HEEP/hw/vendor/x-heep/hw/vendor/xheep/cv32e40px/rtl/cv32e40px_id_stage.sv:1711]
---------------------------------------------------------------------------------
Finished Technology Mapping : Time (s): cpu = 00:01:09 ; elapsed = 00:01:21 . Memory (MB): peak = 2706.914 ; gain = 1050.594 ; free physical = 6340 ; free virtual = 78935
---------------------------------------------------------------------------------
---------------------------------------------------------------------------------
Start IO Insertion
---------------------------------------------------------------------------------
---------------------------------------------------------------------------------
Start Flattening Before IO Insertion
---------------------------------------------------------------------------------
---------------------------------------------------------------------------------
Finished Flattening Before IO Insertion
---------------------------------------------------------------------------------
---------------------------------------------------------------------------------
Start Final Netlist Cleanup
---------------------------------------------------------------------------------
INFO: [Synth 8-4649] Removing BlackBox instance \gr_heep_i/core_v_mini_mcu_i/peripheral_subsystem_i/i2s_i/_sck_i  of module unread__1 having unconnected or no output ports
INFO: [Synth 8-4649] Removing BlackBox instance \gr_heep_i/core_v_mini_mcu_i/peripheral_subsystem_i/i2s_i/_ws_i  of module unread having unconnected or no output ports
---------------------------------------------------------------------------------
Finished Final Netlist Cleanup
---------------------------------------------------------------------------------
CRITICAL WARNING: [Synth 8-6030] Inout pin 'rst_i' is read and/or written without using tristate logic. Proper direction of connection may be wrongly inferred. Please use specific direction to avoid any incorrect logic issue [/home/mfpdsmbaa/LabCatreda/GR-HEEP/hw/fpga_ext/xilinx_gr_heep_wrapper.sv:5]
WARNING: [Synth 8-5410] Found another clock driver \gr_heep_i/core_v_mini_mcu_i/debug_subsystem_i/dmi_jtag_i/i_dmi_jtag_tap/i_dft_tck_mux/xilinx_i_clk_mux2_i/i_BUFGMUX :O [/home/mfpdsmbaa/LabCatreda/GR-HEEP/hw/fpga/prim_xilinx_clk.sv:38]
---------------------------------------------------------------------------------
Finished IO Insertion : Time (s): cpu = 00:01:15 ; elapsed = 00:01:27 . Memory (MB): peak = 2706.914 ; gain = 1050.594 ; free physical = 6299 ; free virtual = 78953
---------------------------------------------------------------------------------
---------------------------------------------------------------------------------
Start Renaming Generated Instances
---------------------------------------------------------------------------------
---------------------------------------------------------------------------------
Finished Renaming Generated Instances : Time (s): cpu = 00:01:15 ; elapsed = 00:01:27 . Memory (MB): peak = 2706.914 ; gain = 1050.594 ; free physical = 6298 ; free virtual = 78952
---------------------------------------------------------------------------------
---------------------------------------------------------------------------------
Start Rebuilding User Hierarchy
---------------------------------------------------------------------------------
---------------------------------------------------------------------------------
Finished Rebuilding User Hierarchy : Time (s): cpu = 00:01:21 ; elapsed = 00:01:32 . Memory (MB): peak = 2706.914 ; gain = 1050.594 ; free physical = 6302 ; free virtual = 78956
---------------------------------------------------------------------------------
---------------------------------------------------------------------------------
Start Renaming Generated Ports
---------------------------------------------------------------------------------
---------------------------------------------------------------------------------
Finished Renaming Generated Ports : Time (s): cpu = 00:01:22 ; elapsed = 00:01:33 . Memory (MB): peak = 2706.914 ; gain = 1050.594 ; free physical = 6302 ; free virtual = 78956
---------------------------------------------------------------------------------
---------------------------------------------------------------------------------
Start Handling Custom Attributes
---------------------------------------------------------------------------------
---------------------------------------------------------------------------------
Finished Handling Custom Attributes : Time (s): cpu = 00:01:22 ; elapsed = 00:01:34 . Memory (MB): peak = 2706.914 ; gain = 1050.594 ; free physical = 6302 ; free virtual = 78956
---------------------------------------------------------------------------------
---------------------------------------------------------------------------------
Start Renaming Generated Nets
---------------------------------------------------------------------------------
---------------------------------------------------------------------------------
Finished Renaming Generated Nets : Time (s): cpu = 00:01:23 ; elapsed = 00:01:34 . Memory (MB): peak = 2706.914 ; gain = 1050.594 ; free physical = 6302 ; free virtual = 78956
---------------------------------------------------------------------------------
---------------------------------------------------------------------------------
Start Writing Synthesis Report
---------------------------------------------------------------------------------

DSP Final Report (the ' indicates corresponding REG is set)
+-------------------+--------------+--------+--------+--------+--------+--------+------+------+------+------+-------+------+------+
|Module Name        | DSP Mapping  | A Size | B Size | C Size | D Size | P Size | AREG | BREG | CREG | DREG | ADREG | MREG | PREG | 
+-------------------+--------------+--------+--------+--------+--------+--------+------+------+------+------+-------+------+------+
|cv32e40px_ex_stage | A*B          | 17     | 18     | -      | -      | 48     | 0    | 0    | -    | -    | -     | 0    | 0    | 
|cv32e40px_mult     | A*B          | 30     | 18     | -      | -      | 34     | 0    | 0    | -    | -    | -     | 0    | 0    | 
|cv32e40px_ex_stage | PCIN+A:B+C   | 0      | 0      | -      | -      | 34     | 0    | 0    | -    | -    | -     | 0    | 0    | 
|cv32e40px_ex_stage | A*B          | 17     | 17     | -      | -      | 48     | 0    | 0    | -    | -    | -     | 0    | 0    | 
|cv32e40px_ex_stage | PCIN>>17+A*B | 0      | 18     | -      | -      | 48     | 0    | 0    | -    | -    | -     | 0    | 0    | 
+-------------------+--------------+--------+--------+--------+--------+--------+------+------+------+------+-------+------+------+


Report BlackBoxes: 
+------+------------------------------+----------+
|      |BlackBox name                 |Instances |
+------+------------------------------+----------+
|1     |xilinx_mem_gen_8192           |         6|
|2     |xilinx_mem_gen_4096           |         4|
|3     |xilinx_clk_wizard_clk_wiz_0_0 |         1|
+------+------------------------------+----------+

Report Cell Usage: 
+------+----------------------------+------+
|      |Cell                        |Count |
+------+----------------------------+------+
|1     |xilinx_clk_wizard_clk_wiz_0 |     1|
|2     |xilinx_mem_gen              |     1|
|3     |xilinx_mem_gen_4096         |     3|
|6     |xilinx_mem_gen              |     1|
|7     |xilinx_mem_gen_8192         |     5|
|12    |BUFG                        |     3|
|13    |BUFGMUX                     |     9|
|14    |CARRY4                      |  2211|
|15    |DSP48E1                     |     5|
|18    |LUT1                        |   889|
|19    |LUT2                        |  8259|
|20    |LUT3                        |  4560|
|21    |LUT4                        |  4545|
|22    |LUT5                        |  9735|
|23    |LUT6                        | 19197|
|24    |MUXF7                       |  2854|
|25    |MUXF8                       |  1039|
|26    |FDCE                        | 16478|
|27    |FDPE                        |   482|
|28    |FDRE                        | 18007|
|29    |IBUF                        |     8|
|30    |IOBUF                       |    44|
|31    |OBUF                        |     6|
+------+----------------------------+------+
---------------------------------------------------------------------------------
Finished Writing Synthesis Report : Time (s): cpu = 00:01:23 ; elapsed = 00:01:34 . Memory (MB): peak = 2706.914 ; gain = 1050.594 ; free physical = 6302 ; free virtual = 78956
---------------------------------------------------------------------------------
Synthesis finished with 0 errors, 1 critical warnings and 627 warnings.
Synthesis Optimization Runtime : Time (s): cpu = 00:01:17 ; elapsed = 00:01:34 . Memory (MB): peak = 2706.914 ; gain = 835.840 ; free physical = 12790 ; free virtual = 85443
Synthesis Optimization Complete : Time (s): cpu = 00:01:24 ; elapsed = 00:01:39 . Memory (MB): peak = 2706.914 ; gain = 1050.594 ; free physical = 12809 ; free virtual = 85447
INFO: [Project 1-571] Translating synthesized netlist
Netlist sorting complete. Time (s): cpu = 00:00:00.38 ; elapsed = 00:00:00.38 . Memory (MB): peak = 2706.914 ; gain = 0.000 ; free physical = 12810 ; free virtual = 85448
INFO: [Netlist 29-17] Analyzing 6162 Unisim elements for replacement
INFO: [Netlist 29-28] Unisim Transformation completed in 0 CPU seconds
INFO: [Project 1-570] Preparing netlist for logic optimization
INFO: [Opt 31-138] Pushed 0 inverter(s) to 0 load pin(s).
Netlist sorting complete. Time (s): cpu = 00:00:00 ; elapsed = 00:00:00 . Memory (MB): peak = 2730.891 ; gain = 0.000 ; free physical = 12816 ; free virtual = 85454
INFO: [Project 1-111] Unisim Transformation Summary:
  A total of 53 instances were transformed.
  BUFGMUX => BUFGCTRL (inverted pins: CE0): 9 instances
  IOBUF => IOBUF (IBUF, OBUFT): 44 instances

Synth Design complete | Checksum: ec699b3e
INFO: [Common 17-83] Releasing license: Synthesis
753 Infos, 676 Warnings, 5 Critical Warnings and 0 Errors encountered.
synth_design completed successfully
synth_design: Time (s): cpu = 00:01:31 ; elapsed = 00:01:46 . Memory (MB): peak = 2730.926 ; gain = 1397.676 ; free physical = 12816 ; free virtual = 85454
INFO: [Common 17-2834] synth_design peak Physical Memory [PSS] (MB): overall = 8541.169; main = 1913.664; forked = 6736.082
INFO: [Common 17-2834] synth_design peak Virtual Memory [VSS] (MB): overall = 13566.453; main = 2730.895; forked = 10883.582
INFO: [runtcl-6] Synthesis results are not added to the cache due to CRITICAL_WARNING
Write ShapeDB Complete: Time (s): cpu = 00:00:00.12 ; elapsed = 00:00:00.05 . Memory (MB): peak = 2754.902 ; gain = 0.000 ; free physical = 12804 ; free virtual = 85451
INFO: [Common 17-1381] The checkpoint '/home/mfpdsmbaa/LabCatreda/GR-HEEP/build/x-heep_systems_gr-heep_0/nexys-a7-100t-vivado/x-heep_systems_gr-heep_0.runs/synth_1/xilinx_gr_heep_wrapper.dcp' has been generated.
write_checkpoint: Time (s): cpu = 00:00:06 ; elapsed = 00:00:05 . Memory (MB): peak = 2754.902 ; gain = 23.977 ; free physical = 12764 ; free virtual = 85454
INFO: [runtcl-4] Executing : report_utilization -file xilinx_gr_heep_wrapper_utilization_synth.rpt -pb xilinx_gr_heep_wrapper_utilization_synth.pb
INFO: [Common 17-206] Exiting Vivado at Mon Jul  6 18:32:59 2026...
[Mon Jul  6 18:33:02 2026] synth_1 finished
wait_on_runs: Time (s): cpu = 00:01:58 ; elapsed = 00:02:17 . Memory (MB): peak = 1708.742 ; gain = 0.000 ; free physical = 14740 ; free virtual = 87223
source x-heep_systems_gr-heep_0_run.tcl -notrace
[Mon Jul  6 18:33:03 2026] Launched impl_1...
Run output will be captured here: /home/mfpdsmbaa/LabCatreda/GR-HEEP/build/x-heep_systems_gr-heep_0/nexys-a7-100t-vivado/x-heep_systems_gr-heep_0.runs/impl_1/runme.log
[Mon Jul  6 18:33:03 2026] Waiting for impl_1 to finish...

*** Running vivado
    with args -log xilinx_gr_heep_wrapper.vdi -applog -m64 -product Vivado -messageDb vivado.pb -mode batch -source xilinx_gr_heep_wrapper.tcl -notrace


****** Vivado v2023.2 (64-bit)
  **** SW Build 4029153 on Fri Oct 13 20:13:54 MDT 2023
  **** IP Build 4028589 on Sat Oct 14 00:45:43 MDT 2023
  **** SharedData Build 4025554 on Tue Oct 10 17:18:54 MDT 2023
    ** Copyright 1986-2022 Xilinx, Inc. All Rights Reserved.
    ** Copyright 2022-2023 Advanced Micro Devices, Inc. All Rights Reserved.

source xilinx_gr_heep_wrapper.tcl -notrace
INFO: [IP_Flow 19-234] Refreshing IP repositories
INFO: [IP_Flow 19-1704] No user IP repositories specified
INFO: [IP_Flow 19-2313] Loaded Vivado IP repository '/home/mfpdsmbaa/Xilinx/Vivado/2023.2/data/ip'.
Command: link_design -top xilinx_gr_heep_wrapper -part xc7a100tcsg324-1
Design is defaulting to srcset: sources_1
Design is defaulting to constrset: constrs_1
INFO: [Device 21-403] Loading part xc7a100tcsg324-1
INFO: [Project 1-454] Reading design checkpoint '/home/mfpdsmbaa/LabCatreda/GR-HEEP/build/x-heep_systems_gr-heep_0/nexys-a7-100t-vivado/x-heep_systems_gr-heep_0.gen/sources_1/ip/xilinx_mem_gen_8192/xilinx_mem_gen_8192.dcp' for cell 'gr_heep_i/core_v_mini_mcu_i/memory_subsystem_i/ram0_i/tc_ram_i'
INFO: [Project 1-454] Reading design checkpoint '/home/mfpdsmbaa/LabCatreda/GR-HEEP/build/x-heep_systems_gr-heep_0/nexys-a7-100t-vivado/x-heep_systems_gr-heep_0.gen/sources_1/ip/xilinx_mem_gen_4096/xilinx_mem_gen_4096.dcp' for cell 'gr_heep_i/core_v_mini_mcu_i/memory_subsystem_i/ram6_i/tc_ram_i'
INFO: [Project 1-454] Reading design checkpoint '/home/mfpdsmbaa/LabCatreda/GR-HEEP/build/x-heep_systems_gr-heep_0/nexys-a7-100t-vivado/x-heep_systems_gr-heep_0.gen/sources_1/bd/xilinx_clk_wizard/ip/xilinx_clk_wizard_clk_wiz_0_0/xilinx_clk_wizard_clk_wiz_0_0.dcp' for cell 'xilinx_clk_wizard_wrapper_i/xilinx_clk_wizard_i/clk_wiz_0'
Netlist sorting complete. Time (s): cpu = 00:00:00.28 ; elapsed = 00:00:00.29 . Memory (MB): peak = 1807.488 ; gain = 0.000 ; free physical = 13799 ; free virtual = 86283
INFO: [Netlist 29-17] Analyzing 6218 Unisim elements for replacement
INFO: [Netlist 29-28] Unisim Transformation completed in 0 CPU seconds
INFO: [Project 1-479] Netlist was created with Vivado 2023.2
INFO: [Project 1-570] Preparing netlist for logic optimization
Parsing XDC File [/home/mfpdsmbaa/LabCatreda/GR-HEEP/build/x-heep_systems_gr-heep_0/nexys-a7-100t-vivado/x-heep_systems_gr-heep_0.gen/sources_1/bd/xilinx_clk_wizard/ip/xilinx_clk_wizard_clk_wiz_0_0/xilinx_clk_wizard_clk_wiz_0_0_board.xdc] for cell 'xilinx_clk_wizard_wrapper_i/xilinx_clk_wizard_i/clk_wiz_0/inst'
Finished Parsing XDC File [/home/mfpdsmbaa/LabCatreda/GR-HEEP/build/x-heep_systems_gr-heep_0/nexys-a7-100t-vivado/x-heep_systems_gr-heep_0.gen/sources_1/bd/xilinx_clk_wizard/ip/xilinx_clk_wizard_clk_wiz_0_0/xilinx_clk_wizard_clk_wiz_0_0_board.xdc] for cell 'xilinx_clk_wizard_wrapper_i/xilinx_clk_wizard_i/clk_wiz_0/inst'
Parsing XDC File [/home/mfpdsmbaa/LabCatreda/GR-HEEP/build/x-heep_systems_gr-heep_0/nexys-a7-100t-vivado/x-heep_systems_gr-heep_0.gen/sources_1/bd/xilinx_clk_wizard/ip/xilinx_clk_wizard_clk_wiz_0_0/xilinx_clk_wizard_clk_wiz_0_0.xdc] for cell 'xilinx_clk_wizard_wrapper_i/xilinx_clk_wizard_i/clk_wiz_0/inst'
INFO: [Timing 38-35] Done setting XDC timing constraints. [/home/mfpdsmbaa/LabCatreda/GR-HEEP/build/x-heep_systems_gr-heep_0/nexys-a7-100t-vivado/x-heep_systems_gr-heep_0.gen/sources_1/bd/xilinx_clk_wizard/ip/xilinx_clk_wizard_clk_wiz_0_0/xilinx_clk_wizard_clk_wiz_0_0.xdc:54]
INFO: [Timing 38-2] Deriving generated clocks [/home/mfpdsmbaa/LabCatreda/GR-HEEP/build/x-heep_systems_gr-heep_0/nexys-a7-100t-vivado/x-heep_systems_gr-heep_0.gen/sources_1/bd/xilinx_clk_wizard/ip/xilinx_clk_wizard_clk_wiz_0_0/xilinx_clk_wizard_clk_wiz_0_0.xdc:54]
Finished Parsing XDC File [/home/mfpdsmbaa/LabCatreda/GR-HEEP/build/x-heep_systems_gr-heep_0/nexys-a7-100t-vivado/x-heep_systems_gr-heep_0.gen/sources_1/bd/xilinx_clk_wizard/ip/xilinx_clk_wizard_clk_wiz_0_0/xilinx_clk_wizard_clk_wiz_0_0.xdc] for cell 'xilinx_clk_wizard_wrapper_i/xilinx_clk_wizard_i/clk_wiz_0/inst'
Parsing XDC File [/home/mfpdsmbaa/LabCatreda/GR-HEEP/hw/fpga/constraints/nexys/pin_assign.xdc]
Finished Parsing XDC File [/home/mfpdsmbaa/LabCatreda/GR-HEEP/hw/fpga/constraints/nexys/pin_assign.xdc]
Parsing XDC File [/home/mfpdsmbaa/LabCatreda/GR-HEEP/hw/fpga/constraints/nexys/constraints.xdc]
INFO: [Timing 38-2] Deriving generated clocks [/home/mfpdsmbaa/LabCatreda/GR-HEEP/hw/fpga/constraints/nexys/constraints.xdc:6]
INFO: [Vivado 12-2286] Implicit search of objects for pattern 'gr_heep_i/core_v_mini_mcu_i/debug_subsystem_i/dm_obi_top_i/i_dm_top/i_dm_csrs/dmcontrol_q_reg[ndmreset]/C' matched to 'pin' objects. [/home/mfpdsmbaa/LabCatreda/GR-HEEP/hw/fpga/constraints/nexys/constraints.xdc:6]
Resolution: To avoid ambiguous patterns, provide proper objects using get commands e.g. [get_nets xyz].
INFO: [Vivado 12-2286] Implicit search of objects for pattern 'gr_heep_i/rstgen_i/i_rstgen_bypass/synch_regs_q_reg[3]/C' matched to 'pin' objects. [/home/mfpdsmbaa/LabCatreda/GR-HEEP/hw/fpga/constraints/nexys/constraints.xdc:7]
Resolution: To avoid ambiguous patterns, provide proper objects using get commands e.g. [get_nets xyz].
Finished Parsing XDC File [/home/mfpdsmbaa/LabCatreda/GR-HEEP/hw/fpga/constraints/nexys/constraints.xdc]
Parsing XDC File [/home/mfpdsmbaa/LabCatreda/GR-HEEP/hw/fpga/constraints/common/spi_slave.xdc]
INFO: [Vivado 12-2286] Implicit search of objects for pattern 'gr_heep_i/pad_control_i/pad_control_reg_top_i/u_pad_mux_spi_slave_mosi/q_reg[*]/Q' matched to 'pin' objects. [/home/mfpdsmbaa/LabCatreda/GR-HEEP/hw/fpga/constraints/common/spi_slave.xdc:4]
Resolution: To avoid ambiguous patterns, provide proper objects using get commands e.g. [get_nets xyz].
INFO: [Vivado 12-2286] Implicit search of objects for pattern 'gr_heep_i/pad_control_i/pad_control_reg_top_i/u_pad_mux_spi_slave_miso/q_reg[*]/Q' matched to 'pin' objects. [/home/mfpdsmbaa/LabCatreda/GR-HEEP/hw/fpga/constraints/common/spi_slave.xdc:5]
Resolution: To avoid ambiguous patterns, provide proper objects using get commands e.g. [get_nets xyz].
INFO: [Vivado 12-2286] Implicit search of objects for pattern 'gr_heep_i/pad_control_i/pad_control_reg_top_i/u_pad_mux_spi_slave_sck/q_reg[*]/Q' matched to 'pin' objects. [/home/mfpdsmbaa/LabCatreda/GR-HEEP/hw/fpga/constraints/common/spi_slave.xdc:6]
Resolution: To avoid ambiguous patterns, provide proper objects using get commands e.g. [get_nets xyz].
INFO: [Vivado 12-2286] Implicit search of objects for pattern 'gr_heep_i/pad_control_i/pad_control_reg_top_i/u_pad_mux_spi_slave_cs/q_reg[*]/Q' matched to 'pin' objects. [/home/mfpdsmbaa/LabCatreda/GR-HEEP/hw/fpga/constraints/common/spi_slave.xdc:7]
Resolution: To avoid ambiguous patterns, provide proper objects using get commands e.g. [get_nets xyz].
INFO: [Vivado 12-2286] Implicit search of objects for pattern 'gr_heep_i/core_v_mini_mcu_i/debug_subsystem_i/gen_spi_slave.obi_spi_slave_i/u_slave_sm/u_spiregs/reg2_reg[*]/C' matched to 'pin' objects. [/home/mfpdsmbaa/LabCatreda/GR-HEEP/hw/fpga/constraints/common/spi_slave.xdc:10]
Resolution: To avoid ambiguous patterns, provide proper objects using get commands e.g. [get_nets xyz].
INFO: [Vivado 12-2286] Implicit search of objects for pattern 'gr_heep_i/core_v_mini_mcu_i/debug_subsystem_i/gen_spi_slave.obi_spi_slave_i/u_obiplug/curr_addr_reg[*]/D' matched to 'pin' objects. [/home/mfpdsmbaa/LabCatreda/GR-HEEP/hw/fpga/constraints/common/spi_slave.xdc:10]
Resolution: To avoid ambiguous patterns, provide proper objects using get commands e.g. [get_nets xyz].
INFO: [Vivado 12-2286] Implicit search of objects for pattern 'gr_heep_i/core_v_mini_mcu_i/debug_subsystem_i/gen_spi_slave.obi_spi_slave_i/u_slave_sm/u_spiregs/reg1_reg[*]/C' matched to 'pin' objects. [/home/mfpdsmbaa/LabCatreda/GR-HEEP/hw/fpga/constraints/common/spi_slave.xdc:13]
Resolution: To avoid ambiguous patterns, provide proper objects using get commands e.g. [get_nets xyz].
INFO: [Vivado 12-2286] Implicit search of objects for pattern 'gr_heep_i/core_v_mini_mcu_i/debug_subsystem_i/gen_spi_slave.obi_spi_slave_i/u_obiplug/curr_addr_reg[*]/D' matched to 'pin' objects. [/home/mfpdsmbaa/LabCatreda/GR-HEEP/hw/fpga/constraints/common/spi_slave.xdc:13]
Resolution: To avoid ambiguous patterns, provide proper objects using get commands e.g. [get_nets xyz].
INFO: [Vivado 12-2286] Implicit search of objects for pattern 'gr_heep_i/core_v_mini_mcu_i/debug_subsystem_i/gen_spi_slave.obi_spi_slave_i/u_slave_sm/u_spiregs/reg2_reg[*]/C' matched to 'pin' objects. [/home/mfpdsmbaa/LabCatreda/GR-HEEP/hw/fpga/constraints/common/spi_slave.xdc:16]
Resolution: To avoid ambiguous patterns, provide proper objects using get commands e.g. [get_nets xyz].
INFO: [Vivado 12-2286] Implicit search of objects for pattern 'gr_heep_i/core_v_mini_mcu_i/debug_subsystem_i/gen_spi_slave.obi_spi_slave_i/u_obiplug/tx_counter_reg[*]/D' matched to 'pin' objects. [/home/mfpdsmbaa/LabCatreda/GR-HEEP/hw/fpga/constraints/common/spi_slave.xdc:16]
Resolution: To avoid ambiguous patterns, provide proper objects using get commands e.g. [get_nets xyz].
INFO: [Vivado 12-2286] Implicit search of objects for pattern 'gr_heep_i/core_v_mini_mcu_i/debug_subsystem_i/gen_spi_slave.obi_spi_slave_i/u_slave_sm/u_spiregs/reg1_reg[*]/C' matched to 'pin' objects. [/home/mfpdsmbaa/LabCatreda/GR-HEEP/hw/fpga/constraints/common/spi_slave.xdc:19]
Resolution: To avoid ambiguous patterns, provide proper objects using get commands e.g. [get_nets xyz].
INFO: [Vivado 12-2286] Implicit search of objects for pattern 'gr_heep_i/core_v_mini_mcu_i/debug_subsystem_i/gen_spi_slave.obi_spi_slave_i/u_obiplug/tx_counter_reg[*]/D' matched to 'pin' objects. [/home/mfpdsmbaa/LabCatreda/GR-HEEP/hw/fpga/constraints/common/spi_slave.xdc:19]
Resolution: To avoid ambiguous patterns, provide proper objects using get commands e.g. [get_nets xyz].
INFO: [Vivado 12-2286] Implicit search of objects for pattern 'gr_heep_i/core_v_mini_mcu_i/debug_subsystem_i/gen_spi_slave.obi_spi_slave_i/u_slave_sm/u_spiregs/reg2_reg[*]/C' matched to 'pin' objects. [/home/mfpdsmbaa/LabCatreda/GR-HEEP/hw/fpga/constraints/common/spi_slave.xdc:22]
Resolution: To avoid ambiguous patterns, provide proper objects using get commands e.g. [get_nets xyz].
INFO: [Vivado 12-2286] Implicit search of objects for pattern 'gr_heep_i/core_v_mini_mcu_i/debug_subsystem_i/gen_spi_slave.obi_spi_slave_i/u_obiplug/FSM_sequential_OBI_CS_reg[*]/D' matched to 'pin' objects. [/home/mfpdsmbaa/LabCatreda/GR-HEEP/hw/fpga/constraints/common/spi_slave.xdc:22]
Resolution: To avoid ambiguous patterns, provide proper objects using get commands e.g. [get_nets xyz].
INFO: [Vivado 12-2286] Implicit search of objects for pattern 'gr_heep_i/core_v_mini_mcu_i/debug_subsystem_i/gen_spi_slave.obi_spi_slave_i/u_slave_sm/u_spiregs/reg1_reg[*]/C' matched to 'pin' objects. [/home/mfpdsmbaa/LabCatreda/GR-HEEP/hw/fpga/constraints/common/spi_slave.xdc:25]
Resolution: To avoid ambiguous patterns, provide proper objects using get commands e.g. [get_nets xyz].
INFO: [Vivado 12-2286] Implicit search of objects for pattern 'gr_heep_i/core_v_mini_mcu_i/debug_subsystem_i/gen_spi_slave.obi_spi_slave_i/u_obiplug/FSM_sequential_OBI_CS_reg[*]/D' matched to 'pin' objects. [/home/mfpdsmbaa/LabCatreda/GR-HEEP/hw/fpga/constraints/common/spi_slave.xdc:25]
Resolution: To avoid ambiguous patterns, provide proper objects using get commands e.g. [get_nets xyz].
INFO: [Vivado 12-2286] Implicit search of objects for pattern 'gr_heep_i/core_v_mini_mcu_i/debug_subsystem_i/gen_spi_slave.obi_spi_slave_i/u_slave_sm/addr_reg_reg[*]/C' matched to 'pin' objects. [/home/mfpdsmbaa/LabCatreda/GR-HEEP/hw/fpga/constraints/common/spi_slave.xdc:28]
Resolution: To avoid ambiguous patterns, provide proper objects using get commands e.g. [get_nets xyz].
INFO: [Vivado 12-2286] Implicit search of objects for pattern 'gr_heep_i/core_v_mini_mcu_i/debug_subsystem_i/gen_spi_slave.obi_spi_slave_i/u_obiplug/curr_addr_reg[*]/D' matched to 'pin' objects. [/home/mfpdsmbaa/LabCatreda/GR-HEEP/hw/fpga/constraints/common/spi_slave.xdc:28]
Resolution: To avoid ambiguous patterns, provide proper objects using get commands e.g. [get_nets xyz].
INFO: [Vivado 12-2286] Implicit search of objects for pattern 'spi_slave_mosi_io' matched to 'port' objects. [/home/mfpdsmbaa/LabCatreda/GR-HEEP/hw/fpga/constraints/common/spi_slave.xdc:32]
Resolution: To avoid ambiguous patterns, provide proper objects using get commands e.g. [get_nets xyz].
INFO: [Vivado 12-2286] Implicit search of objects for pattern 'gr_heep_i/core_v_mini_mcu_i/debug_subsystem_i/gen_spi_slave.obi_spi_slave_i/u_syncro/rdwr_reg_reg[*]/D' matched to 'pin' objects. [/home/mfpdsmbaa/LabCatreda/GR-HEEP/hw/fpga/constraints/common/spi_slave.xdc:32]
Resolution: To avoid ambiguous patterns, provide proper objects using get commands e.g. [get_nets xyz].
INFO: [Vivado 12-2286] Implicit search of objects for pattern 'gr_heep_i/core_v_mini_mcu_i/debug_subsystem_i/gen_spi_slave.obi_spi_slave_i/u_rxreg/data_int_reg[*]/C' matched to 'pin' objects. [/home/mfpdsmbaa/LabCatreda/GR-HEEP/hw/fpga/constraints/common/spi_slave.xdc:35]
Resolution: To avoid ambiguous patterns, provide proper objects using get commands e.g. [get_nets xyz].
INFO: [Vivado 12-2286] Implicit search of objects for pattern 'gr_heep_i/core_v_mini_mcu_i/debug_subsystem_i/gen_spi_slave.obi_spi_slave_i/u_syncro/rdwr_reg_reg[*]/D' matched to 'pin' objects. [/home/mfpdsmbaa/LabCatreda/GR-HEEP/hw/fpga/constraints/common/spi_slave.xdc:35]
Resolution: To avoid ambiguous patterns, provide proper objects using get commands e.g. [get_nets xyz].
INFO: [Vivado 12-2286] Implicit search of objects for pattern 'gr_heep_i/core_v_mini_mcu_i/debug_subsystem_i/gen_spi_slave.obi_spi_slave_i/u_rxreg/counter_reg[*]/C' matched to 'pin' objects. [/home/mfpdsmbaa/LabCatreda/GR-HEEP/hw/fpga/constraints/common/spi_slave.xdc:38]
Resolution: To avoid ambiguous patterns, provide proper objects using get commands e.g. [get_nets xyz].
INFO: [Vivado 12-2286] Implicit search of objects for pattern 'gr_heep_i/core_v_mini_mcu_i/debug_subsystem_i/gen_spi_slave.obi_spi_slave_i/u_syncro/rdwr_reg_reg[*]/D' matched to 'pin' objects. [/home/mfpdsmbaa/LabCatreda/GR-HEEP/hw/fpga/constraints/common/spi_slave.xdc:38]
Resolution: To avoid ambiguous patterns, provide proper objects using get commands e.g. [get_nets xyz].
INFO: [Vivado 12-2286] Implicit search of objects for pattern 'gr_heep_i/core_v_mini_mcu_i/debug_subsystem_i/gen_spi_slave.obi_spi_slave_i/u_rxreg/counter_trgt_reg[*]/C' matched to 'pin' objects. [/home/mfpdsmbaa/LabCatreda/GR-HEEP/hw/fpga/constraints/common/spi_slave.xdc:41]
Resolution: To avoid ambiguous patterns, provide proper objects using get commands e.g. [get_nets xyz].
INFO: [Vivado 12-2286] Implicit search of objects for pattern 'gr_heep_i/core_v_mini_mcu_i/debug_subsystem_i/gen_spi_slave.obi_spi_slave_i/u_syncro/rdwr_reg_reg[*]/D' matched to 'pin' objects. [/home/mfpdsmbaa/LabCatreda/GR-HEEP/hw/fpga/constraints/common/spi_slave.xdc:41]
Resolution: To avoid ambiguous patterns, provide proper objects using get commands e.g. [get_nets xyz].
INFO: [Vivado 12-2286] Implicit search of objects for pattern 'gr_heep_i/core_v_mini_mcu_i/debug_subsystem_i/gen_spi_slave.obi_spi_slave_i/u_rxreg/running_reg/C' matched to 'pin' objects. [/home/mfpdsmbaa/LabCatreda/GR-HEEP/hw/fpga/constraints/common/spi_slave.xdc:44]
Resolution: To avoid ambiguous patterns, provide proper objects using get commands e.g. [get_nets xyz].
INFO: [Vivado 12-2286] Implicit search of objects for pattern 'gr_heep_i/core_v_mini_mcu_i/debug_subsystem_i/gen_spi_slave.obi_spi_slave_i/u_syncro/rdwr_reg_reg[*]/D' matched to 'pin' objects. [/home/mfpdsmbaa/LabCatreda/GR-HEEP/hw/fpga/constraints/common/spi_slave.xdc:44]
Resolution: To avoid ambiguous patterns, provide proper objects using get commands e.g. [get_nets xyz].
INFO: [Vivado 12-2286] Implicit search of objects for pattern 'gr_heep_i/core_v_mini_mcu_i/debug_subsystem_i/gen_spi_slave.obi_spi_slave_i/u_rxreg/counter_trgt_reg[*]/C' matched to 'pin' objects. [/home/mfpdsmbaa/LabCatreda/GR-HEEP/hw/fpga/constraints/common/spi_slave.xdc:48]
Resolution: To avoid ambiguous patterns, provide proper objects using get commands e.g. [get_nets xyz].
INFO: [Vivado 12-2286] Implicit search of objects for pattern 'gr_heep_i/core_v_mini_mcu_i/debug_subsystem_i/gen_spi_slave.obi_spi_slave_i/u_syncro/rdwr_reg_reg[*]/D' matched to 'pin' objects. [/home/mfpdsmbaa/LabCatreda/GR-HEEP/hw/fpga/constraints/common/spi_slave.xdc:48]
Resolution: To avoid ambiguous patterns, provide proper objects using get commands e.g. [get_nets xyz].
INFO: [Vivado 12-2286] Implicit search of objects for pattern 'gr_heep_i/core_v_mini_mcu_i/debug_subsystem_i/gen_spi_slave.obi_spi_slave_i/u_slave_sm/FSM_sequential_state_reg[*]/C' matched to 'pin' objects. [/home/mfpdsmbaa/LabCatreda/GR-HEEP/hw/fpga/constraints/common/spi_slave.xdc:52]
Resolution: To avoid ambiguous patterns, provide proper objects using get commands e.g. [get_nets xyz].
INFO: [Vivado 12-2286] Implicit search of objects for pattern 'gr_heep_i/core_v_mini_mcu_i/debug_subsystem_i/gen_spi_slave.obi_spi_slave_i/u_syncro/rdwr_reg_reg[*]/D' matched to 'pin' objects. [/home/mfpdsmbaa/LabCatreda/GR-HEEP/hw/fpga/constraints/common/spi_slave.xdc:52]
Resolution: To avoid ambiguous patterns, provide proper objects using get commands e.g. [get_nets xyz].
INFO: [Vivado 12-2286] Implicit search of objects for pattern 'gr_heep_i/core_v_mini_mcu_i/debug_subsystem_i/gen_spi_slave.obi_spi_slave_i/u_slave_sm/cmd_reg_reg[*]/C' matched to 'pin' objects. [/home/mfpdsmbaa/LabCatreda/GR-HEEP/hw/fpga/constraints/common/spi_slave.xdc:55]
Resolution: To avoid ambiguous patterns, provide proper objects using get commands e.g. [get_nets xyz].
INFO: [Vivado 12-2286] Implicit search of objects for pattern 'gr_heep_i/core_v_mini_mcu_i/debug_subsystem_i/gen_spi_slave.obi_spi_slave_i/u_syncro/rdwr_reg_reg[*]/D' matched to 'pin' objects. [/home/mfpdsmbaa/LabCatreda/GR-HEEP/hw/fpga/constraints/common/spi_slave.xdc:55]
Resolution: To avoid ambiguous patterns, provide proper objects using get commands e.g. [get_nets xyz].
INFO: [Vivado 12-2286] Implicit search of objects for pattern 'gr_heep_i/core_v_mini_mcu_i/debug_subsystem_i/gen_spi_slave.obi_spi_slave_i/u_slave_sm/ctrl_addr_valid_reg/C' matched to 'pin' objects. [/home/mfpdsmbaa/LabCatreda/GR-HEEP/hw/fpga/constraints/common/spi_slave.xdc:58]
Resolution: To avoid ambiguous patterns, provide proper objects using get commands e.g. [get_nets xyz].
INFO: [Vivado 12-2286] Implicit search of objects for pattern 'gr_heep_i/core_v_mini_mcu_i/debug_subsystem_i/gen_spi_slave.obi_spi_slave_i/u_syncro/valid_reg_reg[0]/D' matched to 'pin' objects. [/home/mfpdsmbaa/LabCatreda/GR-HEEP/hw/fpga/constraints/common/spi_slave.xdc:58]
Resolution: To avoid ambiguous patterns, provide proper objects using get commands e.g. [get_nets xyz].
INFO: [Vivado 12-2286] Implicit search of objects for pattern 'gr_heep_i/core_v_mini_mcu_i/debug_subsystem_i/gen_spi_slave.obi_spi_slave_i/u_dcfifo_tx/i_cdc_fifo_gray/i_src/wptr_q_reg[*]/C' matched to 'pin' objects. [/home/mfpdsmbaa/LabCatreda/GR-HEEP/hw/fpga/constraints/common/spi_slave.xdc:62]
Resolution: To avoid ambiguous patterns, provide proper objects using get commands e.g. [get_nets xyz].
INFO: [Vivado 12-2286] Implicit search of objects for pattern 'gr_heep_i/core_v_mini_mcu_i/debug_subsystem_i/gen_spi_slave.obi_spi_slave_i/u_dcfifo_tx/i_cdc_fifo_gray/i_dst/gen_sync[*].i_sync/reg_q_reg[0]/D' matched to 'pin' objects. [/home/mfpdsmbaa/LabCatreda/GR-HEEP/hw/fpga/constraints/common/spi_slave.xdc:62]
Resolution: To avoid ambiguous patterns, provide proper objects using get commands e.g. [get_nets xyz].
INFO: [Vivado 12-2286] Implicit search of objects for pattern 'gr_heep_i/core_v_mini_mcu_i/debug_subsystem_i/gen_spi_slave.obi_spi_slave_i/u_dcfifo_tx/i_cdc_fifo_gray/i_src/gen_word[*].data_q_reg[*][*]/C' matched to 'pin' objects. [/home/mfpdsmbaa/LabCatreda/GR-HEEP/hw/fpga/constraints/common/spi_slave.xdc:65]
Resolution: To avoid ambiguous patterns, provide proper objects using get commands e.g. [get_nets xyz].
INFO: [Vivado 12-2286] Implicit search of objects for pattern 'gr_heep_i/core_v_mini_mcu_i/debug_subsystem_i/gen_spi_slave.obi_spi_slave_i/u_dcfifo_tx/i_cdc_fifo_gray/i_dst/i_spill_register/spill_register_flushable_i/gen_spill_reg.a_data_q_reg[*]/D' matched to 'pin' objects. [/home/mfpdsmbaa/LabCatreda/GR-HEEP/hw/fpga/constraints/common/spi_slave.xdc:65]
Resolution: To avoid ambiguous patterns, provide proper objects using get commands e.g. [get_nets xyz].
INFO: [Vivado 12-2286] Implicit search of objects for pattern 'gr_heep_i/core_v_mini_mcu_i/debug_subsystem_i/gen_spi_slave.obi_spi_slave_i/u_dcfifo_tx/i_cdc_fifo_gray/i_dst/rptr_q_reg[*]/C' matched to 'pin' objects. [/home/mfpdsmbaa/LabCatreda/GR-HEEP/hw/fpga/constraints/common/spi_slave.xdc:68]
Resolution: To avoid ambiguous patterns, provide proper objects using get commands e.g. [get_nets xyz].
INFO: [Vivado 12-2286] Implicit search of objects for pattern 'gr_heep_i/core_v_mini_mcu_i/debug_subsystem_i/gen_spi_slave.obi_spi_slave_i/u_dcfifo_tx/i_cdc_fifo_gray/i_src/gen_sync[*].i_sync/reg_q_reg[0]/D' matched to 'pin' objects. [/home/mfpdsmbaa/LabCatreda/GR-HEEP/hw/fpga/constraints/common/spi_slave.xdc:68]
Resolution: To avoid ambiguous patterns, provide proper objects using get commands e.g. [get_nets xyz].
INFO: [Vivado 12-2286] Implicit search of objects for pattern 'gr_heep_i/core_v_mini_mcu_i/debug_subsystem_i/gen_spi_slave.obi_spi_slave_i/u_dcfifo_rx/i_cdc_fifo_gray/i_src/wptr_q_reg[*]/C' matched to 'pin' objects. [/home/mfpdsmbaa/LabCatreda/GR-HEEP/hw/fpga/constraints/common/spi_slave.xdc:72]
Resolution: To avoid ambiguous patterns, provide proper objects using get commands e.g. [get_nets xyz].
INFO: [Vivado 12-2286] Implicit search of objects for pattern 'gr_heep_i/core_v_mini_mcu_i/debug_subsystem_i/gen_spi_slave.obi_spi_slave_i/u_dcfifo_rx/i_cdc_fifo_gray/i_dst/gen_sync[*].i_sync/reg_q_reg[0]/D' matched to 'pin' objects. [/home/mfpdsmbaa/LabCatreda/GR-HEEP/hw/fpga/constraints/common/spi_slave.xdc:72]
Resolution: To avoid ambiguous patterns, provide proper objects using get commands e.g. [get_nets xyz].
INFO: [Vivado 12-2286] Implicit search of objects for pattern 'gr_heep_i/core_v_mini_mcu_i/debug_subsystem_i/gen_spi_slave.obi_spi_slave_i/u_dcfifo_rx/i_cdc_fifo_gray/i_src/gen_word[*].data_q_reg[*][*]/C' matched to 'pin' objects. [/home/mfpdsmbaa/LabCatreda/GR-HEEP/hw/fpga/constraints/common/spi_slave.xdc:75]
Resolution: To avoid ambiguous patterns, provide proper objects using get commands e.g. [get_nets xyz].
INFO: [Vivado 12-2286] Implicit search of objects for pattern 'gr_heep_i/core_v_mini_mcu_i/debug_subsystem_i/gen_spi_slave.obi_spi_slave_i/u_dcfifo_rx/i_cdc_fifo_gray/i_dst/i_spill_register/spill_register_flushable_i/gen_spill_reg.a_data_q_reg[*]/D' matched to 'pin' objects. [/home/mfpdsmbaa/LabCatreda/GR-HEEP/hw/fpga/constraints/common/spi_slave.xdc:75]
Resolution: To avoid ambiguous patterns, provide proper objects using get commands e.g. [get_nets xyz].
INFO: [Vivado 12-2286] Implicit search of objects for pattern 'gr_heep_i/core_v_mini_mcu_i/debug_subsystem_i/gen_spi_slave.obi_spi_slave_i/u_dcfifo_rx/i_cdc_fifo_gray/i_dst/rptr_q_reg[*]/C' matched to 'pin' objects. [/home/mfpdsmbaa/LabCatreda/GR-HEEP/hw/fpga/constraints/common/spi_slave.xdc:78]
Resolution: To avoid ambiguous patterns, provide proper objects using get commands e.g. [get_nets xyz].
INFO: [Vivado 12-2286] Implicit search of objects for pattern 'gr_heep_i/core_v_mini_mcu_i/debug_subsystem_i/gen_spi_slave.obi_spi_slave_i/u_dcfifo_rx/i_cdc_fifo_gray/i_src/gen_sync[*].i_sync/reg_q_reg[0]/D' matched to 'pin' objects. [/home/mfpdsmbaa/LabCatreda/GR-HEEP/hw/fpga/constraints/common/spi_slave.xdc:78]
Resolution: To avoid ambiguous patterns, provide proper objects using get commands e.g. [get_nets xyz].
Finished Parsing XDC File [/home/mfpdsmbaa/LabCatreda/GR-HEEP/hw/fpga/constraints/common/spi_slave.xdc]
Parsing XDC File [/home/mfpdsmbaa/LabCatreda/GR-HEEP/hw/fpga/constraints/common/jtag.xdc]
CRITICAL WARNING: [Designutils 20-1307] Command 'foreach' is not supported in the xdc constraint file. [/home/mfpdsmbaa/LabCatreda/GR-HEEP/hw/fpga/constraints/common/jtag.xdc:9]
Finished Parsing XDC File [/home/mfpdsmbaa/LabCatreda/GR-HEEP/hw/fpga/constraints/common/jtag.xdc]
Parsing XDC File [/home/mfpdsmbaa/LabCatreda/GR-HEEP/hw/fpga/constraints/common/sync.xdc]
CRITICAL WARNING: [Designutils 20-1307] Command 'foreach' is not supported in the xdc constraint file. [/home/mfpdsmbaa/LabCatreda/GR-HEEP/hw/fpga/constraints/common/sync.xdc:5]
Finished Parsing XDC File [/home/mfpdsmbaa/LabCatreda/GR-HEEP/hw/fpga/constraints/common/sync.xdc]
INFO: [Opt 31-138] Pushed 0 inverter(s) to 0 load pin(s).
Netlist sorting complete. Time (s): cpu = 00:00:00 ; elapsed = 00:00:00 . Memory (MB): peak = 2723.055 ; gain = 0.000 ; free physical = 13106 ; free virtual = 85608
INFO: [Project 1-111] Unisim Transformation Summary:
  A total of 44 instances were transformed.
  IOBUF => IOBUF (IBUF, OBUFT): 44 instances

66 Infos, 0 Warnings, 2 Critical Warnings and 0 Errors encountered.
link_design completed successfully
link_design: Time (s): cpu = 00:00:12 ; elapsed = 00:00:09 . Memory (MB): peak = 2723.090 ; gain = 1412.414 ; free physical = 13106 ; free virtual = 85608
Command: opt_design
Attempting to get a license for feature 'Implementation' and/or device 'xc7a100t'
INFO: [Common 17-349] Got license for feature 'Implementation' and/or device 'xc7a100t'
Running DRC as a precondition to command opt_design

Starting DRC Task
INFO: [DRC 23-27] Running DRC with 8 threads
INFO: [Project 1-461] DRC finished with 0 Errors, 12 Warnings
INFO: [Project 1-462] Please refer to the DRC report (report_drc) for more information.

Time (s): cpu = 00:00:00.7 ; elapsed = 00:00:00.3 . Memory (MB): peak = 2787.086 ; gain = 63.996 ; free physical = 13104 ; free virtual = 85606

Starting Cache Timing Information Task
INFO: [Timing 38-35] Done setting XDC timing constraints.
Ending Cache Timing Information Task | Checksum: 1ea8baa4a

Time (s): cpu = 00:00:02 ; elapsed = 00:00:00.66 . Memory (MB): peak = 2787.086 ; gain = 0.000 ; free physical = 13065 ; free virtual = 85566

Starting Logic Optimization Task

Phase 1 Initialization

Phase 1.1 Core Generation And Design Setup
Phase 1.1 Core Generation And Design Setup | Checksum: 1ea8baa4a

Time (s): cpu = 00:00:00.01 ; elapsed = 00:00:00 . Memory (MB): peak = 3061.727 ; gain = 0.000 ; free physical = 12767 ; free virtual = 85269

Phase 1.2 Setup Constraints And Sort Netlist
Phase 1.2 Setup Constraints And Sort Netlist | Checksum: 1ea8baa4a

Time (s): cpu = 00:00:00.02 ; elapsed = 00:00:00.02 . Memory (MB): peak = 3061.727 ; gain = 0.000 ; free physical = 12767 ; free virtual = 85269
Phase 1 Initialization | Checksum: 1ea8baa4a

Time (s): cpu = 00:00:00.02 ; elapsed = 00:00:00.02 . Memory (MB): peak = 3061.727 ; gain = 0.000 ; free physical = 12767 ; free virtual = 85269

Phase 2 Timer Update And Timing Data Collection

Phase 2.1 Timer Update
Phase 2.1 Timer Update | Checksum: 1ea8baa4a

Time (s): cpu = 00:00:03 ; elapsed = 00:00:00.6 . Memory (MB): peak = 3061.727 ; gain = 0.000 ; free physical = 12767 ; free virtual = 85269

Phase 2.2 Timing Data Collection
Phase 2.2 Timing Data Collection | Checksum: 1ea8baa4a

Time (s): cpu = 00:00:03 ; elapsed = 00:00:00.66 . Memory (MB): peak = 3061.727 ; gain = 0.000 ; free physical = 12752 ; free virtual = 85254
Phase 2 Timer Update And Timing Data Collection | Checksum: 1ea8baa4a

Time (s): cpu = 00:00:03 ; elapsed = 00:00:00.66 . Memory (MB): peak = 3061.727 ; gain = 0.000 ; free physical = 12752 ; free virtual = 85254

Phase 3 Retarget
INFO: [Opt 31-1566] Pulled 60 inverters resulting in an inversion of 1719 pins
INFO: [Opt 31-138] Pushed 0 inverter(s) to 0 load pin(s).
INFO: [Opt 31-49] Retargeted 0 cell(s).
Phase 3 Retarget | Checksum: 22941667c

Time (s): cpu = 00:00:04 ; elapsed = 00:00:01 . Memory (MB): peak = 3061.727 ; gain = 0.000 ; free physical = 12752 ; free virtual = 85254
Retarget | Checksum: 22941667c
INFO: [Opt 31-389] Phase Retarget created 0 cells and removed 72 cells
INFO: [Opt 31-1021] In phase Retarget, 98 netlist objects are constrained preventing optimization. Please run opt_design with -debug_log to get more detail. 

Phase 4 Constant propagation
INFO: [Opt 31-138] Pushed 0 inverter(s) to 0 load pin(s).
Phase 4 Constant propagation | Checksum: 219ef018c

Time (s): cpu = 00:00:04 ; elapsed = 00:00:01 . Memory (MB): peak = 3061.727 ; gain = 0.000 ; free physical = 12752 ; free virtual = 85254
Constant propagation | Checksum: 219ef018c
INFO: [Opt 31-389] Phase Constant propagation created 0 cells and removed 0 cells
INFO: [Opt 31-1021] In phase Constant propagation, 90 netlist objects are constrained preventing optimization. Please run opt_design with -debug_log to get more detail. 

Phase 5 Sweep
Phase 5 Sweep | Checksum: 1a5861e0e

Time (s): cpu = 00:00:05 ; elapsed = 00:00:02 . Memory (MB): peak = 3061.727 ; gain = 0.000 ; free physical = 12752 ; free virtual = 85254
Sweep | Checksum: 1a5861e0e
INFO: [Opt 31-389] Phase Sweep created 1 cells and removed 6 cells
INFO: [Opt 31-1021] In phase Sweep, 1121 netlist objects are constrained preventing optimization. Please run opt_design with -debug_log to get more detail. 

Phase 6 BUFG optimization
Phase 6 BUFG optimization | Checksum: 1a5861e0e

Time (s): cpu = 00:00:05 ; elapsed = 00:00:02 . Memory (MB): peak = 3061.727 ; gain = 0.000 ; free physical = 12752 ; free virtual = 85254
BUFG optimization | Checksum: 1a5861e0e
INFO: [Opt 31-662] Phase BUFG optimization created 0 cells of which 0 are BUFGs and removed 0 cells.

Phase 7 Shift Register Optimization
INFO: [Opt 31-1064] SRL Remap converted 0 SRLs to 0 registers and converted 0 registers of register chains to 0 SRLs
Phase 7 Shift Register Optimization | Checksum: 1a5861e0e

Time (s): cpu = 00:00:05 ; elapsed = 00:00:02 . Memory (MB): peak = 3061.727 ; gain = 0.000 ; free physical = 12752 ; free virtual = 85254
Shift Register Optimization | Checksum: 1a5861e0e
INFO: [Opt 31-389] Phase Shift Register Optimization created 0 cells and removed 0 cells

Phase 8 Post Processing Netlist
Phase 8 Post Processing Netlist | Checksum: 1fceff8bf

Time (s): cpu = 00:00:05 ; elapsed = 00:00:02 . Memory (MB): peak = 3061.727 ; gain = 0.000 ; free physical = 12752 ; free virtual = 85254
Post Processing Netlist | Checksum: 1fceff8bf
INFO: [Opt 31-389] Phase Post Processing Netlist created 0 cells and removed 0 cells
INFO: [Opt 31-1021] In phase Post Processing Netlist, 90 netlist objects are constrained preventing optimization. Please run opt_design with -debug_log to get more detail. 

Phase 9 Finalization

Phase 9.1 Finalizing Design Cores and Updating Shapes
Phase 9.1 Finalizing Design Cores and Updating Shapes | Checksum: 2653d3305

Time (s): cpu = 00:00:05 ; elapsed = 00:00:02 . Memory (MB): peak = 3061.727 ; gain = 0.000 ; free physical = 12752 ; free virtual = 85254

Phase 9.2 Verifying Netlist Connectivity

Starting Connectivity Check Task

Time (s): cpu = 00:00:00.04 ; elapsed = 00:00:00.05 . Memory (MB): peak = 3061.727 ; gain = 0.000 ; free physical = 12752 ; free virtual = 85254
Phase 9.2 Verifying Netlist Connectivity | Checksum: 2653d3305

Time (s): cpu = 00:00:05 ; elapsed = 00:00:02 . Memory (MB): peak = 3061.727 ; gain = 0.000 ; free physical = 12752 ; free virtual = 85254
Phase 9 Finalization | Checksum: 2653d3305

Time (s): cpu = 00:00:05 ; elapsed = 00:00:02 . Memory (MB): peak = 3061.727 ; gain = 0.000 ; free physical = 12752 ; free virtual = 85254
Opt_design Change Summary
=========================


-------------------------------------------------------------------------------------------------------------------------
|  Phase                        |  #Cells created  |  #Cells Removed  |  #Constrained objects preventing optimizations  |
-------------------------------------------------------------------------------------------------------------------------
|  Retarget                     |               0  |              72  |                                             98  |
|  Constant propagation         |               0  |               0  |                                             90  |
|  Sweep                        |               1  |               6  |                                           1121  |
|  BUFG optimization            |               0  |               0  |                                              0  |
|  Shift Register Optimization  |               0  |               0  |                                              0  |
|  Post Processing Netlist      |               0  |               0  |                                             90  |
-------------------------------------------------------------------------------------------------------------------------


Ending Logic Optimization Task | Checksum: 2653d3305

Time (s): cpu = 00:00:05 ; elapsed = 00:00:02 . Memory (MB): peak = 3061.727 ; gain = 0.000 ; free physical = 12752 ; free virtual = 85254
INFO: [Constraints 18-11670] Building netlist checker database with flags, 0x8
Done building netlist checker database: Time (s): cpu = 00:00:00.01 ; elapsed = 00:00:00 . Memory (MB): peak = 3061.727 ; gain = 0.000 ; free physical = 12752 ; free virtual = 85254

Starting Power Optimization Task
INFO: [Pwropt 34-132] Skipping clock gating for clocks with a period < 2.00 ns.
INFO: [Timing 38-35] Done setting XDC timing constraints.
Running Vector-less Activity Propagation...
WARNING: [Power 33-230] Invalid input clock frequency for gr_heep_i/core_v_mini_mcu_i/peripheral_subsystem_i/i2s_i/i2s_core_i/i2s_clk_gen_i/i_clk_mux/xilinx_i_clk_mux2_i/i_BUFGMUX. Out of range!
Resolution: Please refer to Clocking Resources User Guide for valid input clock frequency.
WARNING: [Power 33-230] Invalid input clock frequency for gr_heep_i/core_v_mini_mcu_i/peripheral_subsystem_i/pdm2pcm_i/clk_int_div_inst/i_clk_mux/xilinx_i_clk_mux2_i/i_BUFGMUX. Out of range!
Resolution: Please refer to Clocking Resources User Guide for valid input clock frequency.
WARNING: [Power 33-230] Invalid input clock frequency for gr_heep_i/core_v_mini_mcu_i/peripheral_subsystem_i/i2s_i/i2s_core_i/i2s_clk_gen_i/i_clk_mux/xilinx_i_clk_mux2_i/i_BUFGMUX. Out of range!
Resolution: Please refer to Clocking Resources User Guide for valid input clock frequency.
WARNING: [Power 33-230] Invalid input clock frequency for gr_heep_i/core_v_mini_mcu_i/peripheral_subsystem_i/pdm2pcm_i/clk_int_div_inst/i_clk_mux/xilinx_i_clk_mux2_i/i_BUFGMUX. Out of range!
Resolution: Please refer to Clocking Resources User Guide for valid input clock frequency.
WARNING: [Power 33-230] Invalid input clock frequency for gr_heep_i/core_v_mini_mcu_i/peripheral_subsystem_i/i2s_i/i2s_core_i/i2s_clk_gen_i/i_clk_mux/xilinx_i_clk_mux2_i/i_BUFGMUX. Out of range!
Resolution: Please refer to Clocking Resources User Guide for valid input clock frequency.
WARNING: [Power 33-230] Invalid input clock frequency for gr_heep_i/core_v_mini_mcu_i/peripheral_subsystem_i/pdm2pcm_i/clk_int_div_inst/i_clk_mux/xilinx_i_clk_mux2_i/i_BUFGMUX. Out of range!
Resolution: Please refer to Clocking Resources User Guide for valid input clock frequency.
WARNING: [Power 33-230] Invalid input clock frequency for gr_heep_i/core_v_mini_mcu_i/peripheral_subsystem_i/i2s_i/i2s_core_i/i2s_clk_gen_i/i_clk_mux/xilinx_i_clk_mux2_i/i_BUFGMUX. Out of range!
Resolution: Please refer to Clocking Resources User Guide for valid input clock frequency.
WARNING: [Power 33-230] Invalid input clock frequency for gr_heep_i/core_v_mini_mcu_i/peripheral_subsystem_i/pdm2pcm_i/clk_int_div_inst/i_clk_mux/xilinx_i_clk_mux2_i/i_BUFGMUX. Out of range!
Resolution: Please refer to Clocking Resources User Guide for valid input clock frequency.
WARNING: [Power 33-230] Invalid input clock frequency for gr_heep_i/core_v_mini_mcu_i/peripheral_subsystem_i/i2s_i/i2s_core_i/i2s_clk_gen_i/i_clk_mux/xilinx_i_clk_mux2_i/i_BUFGMUX. Out of range!
Resolution: Please refer to Clocking Resources User Guide for valid input clock frequency.
WARNING: [Power 33-230] Invalid input clock frequency for gr_heep_i/core_v_mini_mcu_i/peripheral_subsystem_i/pdm2pcm_i/clk_int_div_inst/i_clk_mux/xilinx_i_clk_mux2_i/i_BUFGMUX. Out of range!
Resolution: Please refer to Clocking Resources User Guide for valid input clock frequency.
WARNING: [Power 33-230] Invalid input clock frequency for gr_heep_i/core_v_mini_mcu_i/peripheral_subsystem_i/i2s_i/i2s_core_i/i2s_clk_gen_i/i_clk_mux/xilinx_i_clk_mux2_i/i_BUFGMUX. Out of range!
Resolution: Please refer to Clocking Resources User Guide for valid input clock frequency.
WARNING: [Power 33-230] Invalid input clock frequency for gr_heep_i/core_v_mini_mcu_i/peripheral_subsystem_i/pdm2pcm_i/clk_int_div_inst/i_clk_mux/xilinx_i_clk_mux2_i/i_BUFGMUX. Out of range!
Resolution: Please refer to Clocking Resources User Guide for valid input clock frequency.

Finished Running Vector-less Activity Propagation
INFO: [Pwropt 34-9] Applying IDT optimizations ...
INFO: [Pwropt 34-10] Applying ODC optimizations ...


Starting PowerOpt Patch Enables Task
INFO: [Pwropt 34-162] WRITE_MODE attribute of 0 BRAM(s) out of a total of 64 has been updated to save power. Run report_power_opt to get a complete listing of the BRAMs updated.
INFO: [Pwropt 34-201] Structural ODC has moved 0 WE to EN ports
Number of BRAM Ports augmented: 0 newly gated: 0 Total Ports: 128
Ending PowerOpt Patch Enables Task | Checksum: 2653d3305

Time (s): cpu = 00:00:00.12 ; elapsed = 00:00:00.12 . Memory (MB): peak = 3588.766 ; gain = 0.000 ; free physical = 12232 ; free virtual = 84739
Ending Power Optimization Task | Checksum: 2653d3305

Time (s): cpu = 00:00:31 ; elapsed = 00:00:23 . Memory (MB): peak = 3588.766 ; gain = 527.039 ; free physical = 12232 ; free virtual = 84739

Starting Final Cleanup Task
Ending Final Cleanup Task | Checksum: 2653d3305

Time (s): cpu = 00:00:00 ; elapsed = 00:00:00.01 . Memory (MB): peak = 3588.766 ; gain = 0.000 ; free physical = 12232 ; free virtual = 84739

Starting Netlist Obfuscation Task
Netlist sorting complete. Time (s): cpu = 00:00:00 ; elapsed = 00:00:00 . Memory (MB): peak = 3588.766 ; gain = 0.000 ; free physical = 12232 ; free virtual = 84739
Ending Netlist Obfuscation Task | Checksum: 2653d3305

Time (s): cpu = 00:00:00 ; elapsed = 00:00:00 . Memory (MB): peak = 3588.766 ; gain = 0.000 ; free physical = 12232 ; free virtual = 84739
INFO: [Common 17-83] Releasing license: Implementation
94 Infos, 12 Warnings, 2 Critical Warnings and 0 Errors encountered.
opt_design completed successfully
opt_design: Time (s): cpu = 00:00:41 ; elapsed = 00:00:27 . Memory (MB): peak = 3588.766 ; gain = 865.676 ; free physical = 12232 ; free virtual = 84739
INFO: [runtcl-4] Executing : report_drc -file xilinx_gr_heep_wrapper_drc_opted.rpt -pb xilinx_gr_heep_wrapper_drc_opted.pb -rpx xilinx_gr_heep_wrapper_drc_opted.rpx
Command: report_drc -file xilinx_gr_heep_wrapper_drc_opted.rpt -pb xilinx_gr_heep_wrapper_drc_opted.pb -rpx xilinx_gr_heep_wrapper_drc_opted.rpx
INFO: [IP_Flow 19-1839] IP Catalog is up to date.
INFO: [DRC 23-27] Running DRC with 8 threads
INFO: [Vivado_Tcl 2-168] The results of DRC are in file /home/mfpdsmbaa/LabCatreda/GR-HEEP/build/x-heep_systems_gr-heep_0/nexys-a7-100t-vivado/x-heep_systems_gr-heep_0.runs/impl_1/xilinx_gr_heep_wrapper_drc_opted.rpt.
report_drc completed successfully
INFO: [Timing 38-480] Writing timing data to binary archive.
Wrote PlaceDB: Time (s): cpu = 00:00:00 ; elapsed = 00:00:00 . Memory (MB): peak = 3676.805 ; gain = 0.000 ; free physical = 12224 ; free virtual = 84732
Wrote PulsedLatchDB: Time (s): cpu = 00:00:00 ; elapsed = 00:00:00 . Memory (MB): peak = 3676.805 ; gain = 0.000 ; free physical = 12224 ; free virtual = 84732
Writing XDEF routing.
Writing XDEF routing logical nets.
Write ShapeDB Complete: Time (s): cpu = 00:00:00.22 ; elapsed = 00:00:00.05 . Memory (MB): peak = 3676.805 ; gain = 0.000 ; free physical = 12224 ; free virtual = 84737
Writing XDEF routing special nets.
Wrote RouteStorage: Time (s): cpu = 00:00:00.3 ; elapsed = 00:00:00.07 . Memory (MB): peak = 3676.805 ; gain = 0.000 ; free physical = 12224 ; free virtual = 84738
Wrote Netlist Cache: Time (s): cpu = 00:00:00 ; elapsed = 00:00:00 . Memory (MB): peak = 3676.805 ; gain = 0.000 ; free physical = 12224 ; free virtual = 84738
Wrote Device Cache: Time (s): cpu = 00:00:00.01 ; elapsed = 00:00:00.01 . Memory (MB): peak = 3676.805 ; gain = 0.000 ; free physical = 12224 ; free virtual = 84738
Write Physdb Complete: Time (s): cpu = 00:00:00.32 ; elapsed = 00:00:00.08 . Memory (MB): peak = 3676.805 ; gain = 0.000 ; free physical = 12224 ; free virtual = 84738
INFO: [Common 17-1381] The checkpoint '/home/mfpdsmbaa/LabCatreda/GR-HEEP/build/x-heep_systems_gr-heep_0/nexys-a7-100t-vivado/x-heep_systems_gr-heep_0.runs/impl_1/xilinx_gr_heep_wrapper_opt.dcp' has been generated.
Command: place_design
Attempting to get a license for feature 'Implementation' and/or device 'xc7a100t'
INFO: [Common 17-349] Got license for feature 'Implementation' and/or device 'xc7a100t'
INFO: [Common 17-83] Releasing license: Implementation
INFO: [DRC 23-27] Running DRC with 8 threads
INFO: [Vivado_Tcl 4-198] DRC finished with 0 Errors
INFO: [Vivado_Tcl 4-199] Please refer to the DRC report (report_drc) for more information.
Running DRC as a precondition to command place_design
INFO: [DRC 23-27] Running DRC with 8 threads
INFO: [Vivado_Tcl 4-198] DRC finished with 0 Errors, 33 Warnings
INFO: [Vivado_Tcl 4-199] Please refer to the DRC report (report_drc) for more information.
INFO: [Place 30-611] Multithreading enabled for place_design using a maximum of 8 CPUs

Starting Placer Task

Phase 1 Placer Initialization

Phase 1.1 Placer Initialization Netlist Sorting
Netlist sorting complete. Time (s): cpu = 00:00:00.01 ; elapsed = 00:00:00.01 . Memory (MB): peak = 3676.805 ; gain = 0.000 ; free physical = 12209 ; free virtual = 84734
Phase 1.1 Placer Initialization Netlist Sorting | Checksum: 1d5ca1c10

Time (s): cpu = 00:00:00.02 ; elapsed = 00:00:00.02 . Memory (MB): peak = 3676.805 ; gain = 0.000 ; free physical = 12209 ; free virtual = 84734
Netlist sorting complete. Time (s): cpu = 00:00:00 ; elapsed = 00:00:00 . Memory (MB): peak = 3676.805 ; gain = 0.000 ; free physical = 12209 ; free virtual = 84734

Phase 1.2 IO Placement/ Clock Placement/ Build Placer Device
WARNING: [Place 30-568] A LUT 'gr_heep_i/core_v_mini_mcu_i/ao_peripheral_subsystem_i/dma_subsystem_i/dma_i_gen[0].dma_i/i___165' is driving clock pin of 1058 registers. This could lead to large hold time violations. First few involved registers are:
	gr_heep_i/core_v_mini_mcu_i/ao_peripheral_subsystem_i/dma_subsystem_i/dma_i_gen[0].dma_i/dma_buffer_unit_i/dma_buffer_control_i/read_data_mask_reg[0] {FDCE}
	gr_heep_i/core_v_mini_mcu_i/ao_peripheral_subsystem_i/dma_subsystem_i/dma_i_gen[0].dma_i/dma_buffer_unit_i/dma_buffer_control_i/read_data_mask_reg[1] {FDCE}
	gr_heep_i/core_v_mini_mcu_i/ao_peripheral_subsystem_i/dma_subsystem_i/dma_i_gen[0].dma_i/dma_buffer_unit_i/dma_buffer_control_i/read_data_mask_reg[2] {FDCE}
	gr_heep_i/core_v_mini_mcu_i/ao_peripheral_subsystem_i/dma_subsystem_i/dma_i_gen[0].dma_i/dma_buffer_unit_i/dma_buffer_control_i/read_data_mask_reg[3] {FDCE}
	gr_heep_i/core_v_mini_mcu_i/ao_peripheral_subsystem_i/dma_subsystem_i/dma_i_gen[0].dma_i/dma_buffer_unit_i/dma_buffer_fifos_i/FIFO_GEN[0].dma_read_fifo_i/mem_q_reg[0][0] {FDCE}
WARNING: [Place 30-568] A LUT 'gr_heep_i/core_v_mini_mcu_i/ao_peripheral_subsystem_i/dma_subsystem_i/dma_i_gen[2].dma_i/i___7' is driving clock pin of 1058 registers. This could lead to large hold time violations. First few involved registers are:
	gr_heep_i/core_v_mini_mcu_i/ao_peripheral_subsystem_i/dma_subsystem_i/dma_i_gen[2].dma_i/dma_buffer_unit_i/dma_buffer_control_i/read_data_mask_reg[0] {FDCE}
	gr_heep_i/core_v_mini_mcu_i/ao_peripheral_subsystem_i/dma_subsystem_i/dma_i_gen[2].dma_i/dma_buffer_unit_i/dma_buffer_control_i/read_data_mask_reg[1] {FDCE}
	gr_heep_i/core_v_mini_mcu_i/ao_peripheral_subsystem_i/dma_subsystem_i/dma_i_gen[2].dma_i/dma_buffer_unit_i/dma_buffer_control_i/read_data_mask_reg[2] {FDCE}
	gr_heep_i/core_v_mini_mcu_i/ao_peripheral_subsystem_i/dma_subsystem_i/dma_i_gen[2].dma_i/dma_buffer_unit_i/dma_buffer_control_i/read_data_mask_reg[3] {FDCE}
	gr_heep_i/core_v_mini_mcu_i/ao_peripheral_subsystem_i/dma_subsystem_i/dma_i_gen[2].dma_i/dma_buffer_unit_i/dma_buffer_fifos_i/FIFO_GEN[0].dma_read_fifo_i/mem_q_reg[0][0] {FDCE}
WARNING: [Place 30-568] A LUT 'gr_heep_i/gr_heep_pad_ring_i/u_pad_spi_slave_sck/counter_trgt[7]_i_3' is driving clock pin of 761 registers. This could lead to large hold time violations. First few involved registers are:
	gr_heep_i/core_v_mini_mcu_i/debug_subsystem_i/gen_spi_slave.obi_spi_slave_i/u_slave_sm/u_spiregs/reg0_reg[0] {FDCE}
	gr_heep_i/core_v_mini_mcu_i/debug_subsystem_i/gen_spi_slave.obi_spi_slave_i/u_slave_sm/u_spiregs/reg0_reg[1] {FDCE}
	gr_heep_i/core_v_mini_mcu_i/debug_subsystem_i/gen_spi_slave.obi_spi_slave_i/u_slave_sm/u_spiregs/reg0_reg[2] {FDCE}
	gr_heep_i/core_v_mini_mcu_i/debug_subsystem_i/gen_spi_slave.obi_spi_slave_i/u_slave_sm/u_spiregs/reg0_reg[3] {FDCE}
	gr_heep_i/core_v_mini_mcu_i/debug_subsystem_i/gen_spi_slave.obi_spi_slave_i/u_slave_sm/u_spiregs/reg0_reg[4] {FDCE}
INFO: [Timing 38-35] Done setting XDC timing constraints.
WARNING: [Place 30-574] Poor placement for routing between an IO pin and BUFG. This is normally an ERROR but the CLOCK_DEDICATED_ROUTE constraint is set to FALSE allowing your design to continue. The use of this override is highly discouraged as it may lead to very poor timing results. It is recommended that this error condition be corrected in the design.

	rst_i_IBUF_inst (IBUF.O) is locked to IOB_X0Y144
	gr_heep_i/rstgen_i/i_rstgen_bypass/i_tc_clk_mux2_rst_n/xilinx_i_clk_mux2_i/i_BUFGMUX (BUFGCTRL.I0) is provisionally placed by clockplacer on BUFGCTRL_X0Y31
	gr_heep_i/rstgen_i/i_rstgen_bypass/i_tc_clk_mux2_rst_no/xilinx_i_clk_mux2_i/i_BUFGMUX (BUFGCTRL.I1) is provisionally placed by clockplacer on BUFGCTRL_X0Y30
Resolution: Poor placement of an IO pin and a BUFG has resulted in the router using a non-dedicated path between the two.  There are several things that could trigger this DRC, each of which can cause unpredictable clock insertion delays that result in poor timing.  This DRC could be caused by any of the following: (a) a clock port was placed on a pin that is not a CCIO-pin (b)the BUFG has not been placed in the same half of the device or SLR as the CCIO-pin (c) a single ended clock has been placed on the N-Side of a differential pair CCIO-pin.
Phase 1.2 IO Placement/ Clock Placement/ Build Placer Device | Checksum: 142767afd

Time (s): cpu = 00:00:04 ; elapsed = 00:00:01 . Memory (MB): peak = 3676.805 ; gain = 0.000 ; free physical = 12211 ; free virtual = 84739

Phase 1.3 Build Placer Netlist Model
Phase 1.3 Build Placer Netlist Model | Checksum: 161c2677d

Time (s): cpu = 00:00:12 ; elapsed = 00:00:05 . Memory (MB): peak = 3676.805 ; gain = 0.000 ; free physical = 12193 ; free virtual = 84723

Phase 1.4 Constrain Clocks/Macros
Phase 1.4 Constrain Clocks/Macros | Checksum: 161c2677d

Time (s): cpu = 00:00:12 ; elapsed = 00:00:05 . Memory (MB): peak = 3676.805 ; gain = 0.000 ; free physical = 12193 ; free virtual = 84723
Phase 1 Placer Initialization | Checksum: 161c2677d

Time (s): cpu = 00:00:12 ; elapsed = 00:00:05 . Memory (MB): peak = 3676.805 ; gain = 0.000 ; free physical = 12193 ; free virtual = 84723

Phase 2 Global Placement

Phase 2.1 Floorplanning
Phase 2.1 Floorplanning | Checksum: 1bef5d488

Time (s): cpu = 00:00:16 ; elapsed = 00:00:06 . Memory (MB): peak = 3676.805 ; gain = 0.000 ; free physical = 12248 ; free virtual = 84778

Phase 2.2 Update Timing before SLR Path Opt
Phase 2.2 Update Timing before SLR Path Opt | Checksum: 21a4a0f54

Time (s): cpu = 00:00:18 ; elapsed = 00:00:07 . Memory (MB): peak = 3676.805 ; gain = 0.000 ; free physical = 12247 ; free virtual = 84777

Phase 2.3 Post-Processing in Floorplanning
Phase 2.3 Post-Processing in Floorplanning | Checksum: 21a4a0f54

Time (s): cpu = 00:00:19 ; elapsed = 00:00:07 . Memory (MB): peak = 3676.805 ; gain = 0.000 ; free physical = 12247 ; free virtual = 84777

Phase 2.4 Global Placement Core

Phase 2.4.1 UpdateTiming Before Physical Synthesis
Phase 2.4.1 UpdateTiming Before Physical Synthesis | Checksum: 16ca481fd

Time (s): cpu = 00:00:54 ; elapsed = 00:00:20 . Memory (MB): peak = 3676.805 ; gain = 0.000 ; free physical = 12247 ; free virtual = 84777

Phase 2.4.2 Physical Synthesis In Placer
INFO: [Physopt 32-1035] Found 0 LUTNM shape to break, 1601 LUT instances to create LUTNM shape
INFO: [Physopt 32-1044] Break lutnm for timing: one critical 0, two critical 0, total 0, new lutff created 0
INFO: [Physopt 32-1138] End 1 Pass. Optimized 659 nets or LUTs. Breaked 0 LUT, combined 659 existing LUTs and moved 0 existing LUT
INFO: [Physopt 32-65] No nets found for high-fanout optimization.
INFO: [Physopt 32-232] Optimized 0 net. Created 0 new instance.
INFO: [Physopt 32-775] End 1 Pass. Optimized 0 net or cell. Created 0 new cell, deleted 0 existing cell and moved 0 existing cell
INFO: [Physopt 32-670] No setup violation found.  DSP Register Optimization was not performed.
INFO: [Physopt 32-670] No setup violation found.  Shift Register to Pipeline Optimization was not performed.
INFO: [Physopt 32-670] No setup violation found.  Shift Register Optimization was not performed.
INFO: [Physopt 32-670] No setup violation found.  BRAM Register Optimization was not performed.
INFO: [Physopt 32-670] No setup violation found.  URAM Register Optimization was not performed.
INFO: [Physopt 32-949] No candidate nets found for dynamic/static region interface net replication
INFO: [Physopt 32-775] End 1 Pass. Optimized 0 net or cell. Created 0 new cell, deleted 0 existing cell and moved 0 existing cell
Netlist sorting complete. Time (s): cpu = 00:00:00.01 ; elapsed = 00:00:00.01 . Memory (MB): peak = 3676.805 ; gain = 0.000 ; free physical = 12245 ; free virtual = 84776

Summary of Physical Synthesis Optimizations
============================================


-----------------------------------------------------------------------------------------------------------------------------------------------------------
|  Optimization                                     |  Added Cells  |  Removed Cells  |  Optimized Cells/Nets  |  Dont Touch  |  Iterations  |  Elapsed   |
-----------------------------------------------------------------------------------------------------------------------------------------------------------
|  LUT Combining                                    |            0  |            659  |                   659  |           0  |           1  |  00:00:02  |
|  Retime                                           |            0  |              0  |                     0  |           0  |           1  |  00:00:00  |
|  Very High Fanout                                 |            0  |              0  |                     0  |           0  |           1  |  00:00:00  |
|  DSP Register                                     |            0  |              0  |                     0  |           0  |           0  |  00:00:00  |
|  Shift Register to Pipeline                       |            0  |              0  |                     0  |           0  |           0  |  00:00:00  |
|  Shift Register                                   |            0  |              0  |                     0  |           0  |           0  |  00:00:00  |
|  BRAM Register                                    |            0  |              0  |                     0  |           0  |           0  |  00:00:00  |
|  URAM Register                                    |            0  |              0  |                     0  |           0  |           0  |  00:00:00  |
|  Dynamic/Static Region Interface Net Replication  |            0  |              0  |                     0  |           0  |           1  |  00:00:00  |
|  Total                                            |            0  |            659  |                   659  |           0  |           4  |  00:00:02  |
-----------------------------------------------------------------------------------------------------------------------------------------------------------


Phase 2.4.2 Physical Synthesis In Placer | Checksum: d2793faa

Time (s): cpu = 00:01:00 ; elapsed = 00:00:24 . Memory (MB): peak = 3676.805 ; gain = 0.000 ; free physical = 12244 ; free virtual = 84776
Phase 2.4 Global Placement Core | Checksum: 139fef059

Time (s): cpu = 00:01:04 ; elapsed = 00:00:26 . Memory (MB): peak = 3676.805 ; gain = 0.000 ; free physical = 12242 ; free virtual = 84774
Phase 2 Global Placement | Checksum: 139fef059

Time (s): cpu = 00:01:04 ; elapsed = 00:00:26 . Memory (MB): peak = 3676.805 ; gain = 0.000 ; free physical = 12242 ; free virtual = 84774

Phase 3 Detail Placement

Phase 3.1 Commit Multi Column Macros
Phase 3.1 Commit Multi Column Macros | Checksum: 1261ef0eb

Time (s): cpu = 00:01:07 ; elapsed = 00:00:27 . Memory (MB): peak = 3676.805 ; gain = 0.000 ; free physical = 12242 ; free virtual = 84774

Phase 3.2 Commit Most Macros & LUTRAMs
Phase 3.2 Commit Most Macros & LUTRAMs | Checksum: 132d08247

Time (s): cpu = 00:01:13 ; elapsed = 00:00:29 . Memory (MB): peak = 3676.805 ; gain = 0.000 ; free physical = 12241 ; free virtual = 84773

Phase 3.3 Area Swap Optimization
Phase 3.3 Area Swap Optimization | Checksum: 103e5835f

Time (s): cpu = 00:01:13 ; elapsed = 00:00:29 . Memory (MB): peak = 3676.805 ; gain = 0.000 ; free physical = 12241 ; free virtual = 84773

Phase 3.4 Pipeline Register Optimization
Phase 3.4 Pipeline Register Optimization | Checksum: 1ad8886d8

Time (s): cpu = 00:01:14 ; elapsed = 00:00:29 . Memory (MB): peak = 3676.805 ; gain = 0.000 ; free physical = 12241 ; free virtual = 84773

Phase 3.5 Small Shape Detail Placement
Phase 3.5 Small Shape Detail Placement | Checksum: 1ce71ee00

Time (s): cpu = 00:01:23 ; elapsed = 00:00:38 . Memory (MB): peak = 3676.805 ; gain = 0.000 ; free physical = 12236 ; free virtual = 84769

Phase 3.6 Re-assign LUT pins
Phase 3.6 Re-assign LUT pins | Checksum: 149ef0bbc

Time (s): cpu = 00:01:24 ; elapsed = 00:00:39 . Memory (MB): peak = 3676.805 ; gain = 0.000 ; free physical = 12236 ; free virtual = 84769

Phase 3.7 Pipeline Register Optimization
Phase 3.7 Pipeline Register Optimization | Checksum: 163e3e9eb

Time (s): cpu = 00:01:24 ; elapsed = 00:00:39 . Memory (MB): peak = 3676.805 ; gain = 0.000 ; free physical = 12236 ; free virtual = 84769
Phase 3 Detail Placement | Checksum: 163e3e9eb

Time (s): cpu = 00:01:25 ; elapsed = 00:00:39 . Memory (MB): peak = 3676.805 ; gain = 0.000 ; free physical = 12236 ; free virtual = 84769

Phase 4 Post Placement Optimization and Clean-Up

Phase 4.1 Post Commit Optimization
INFO: [Timing 38-35] Done setting XDC timing constraints.

Phase 4.1.1 Post Placement Optimization
Post Placement Optimization Initialization | Checksum: 1ed517606

Phase 4.1.1.1 BUFG Insertion

Starting Physical Synthesis Task

Phase 1 Physical Synthesis Initialization
INFO: [Physopt 32-721] Multithreading enabled for phys_opt_design using a maximum of 8 CPUs
INFO: [Physopt 32-619] Estimated Timing Summary | WNS=2.555 | TNS=0.000 |
Phase 1 Physical Synthesis Initialization | Checksum: 1862c29e9

Time (s): cpu = 00:00:03 ; elapsed = 00:00:00.98 . Memory (MB): peak = 3676.805 ; gain = 0.000 ; free physical = 12250 ; free virtual = 84780
INFO: [Place 46-33] Processed net gr_heep_i/rstgen_i/i_rstgen_bypass/i_tc_clk_mux2_rst_no/xilinx_i_clk_mux2_i/i_BUFGMUX_0, BUFG insertion was skipped due to placement/routing conflicts.
INFO: [Place 46-33] Processed net gr_heep_i/core_v_mini_mcu_i/ao_peripheral_subsystem_i/power_manager_i/power_manager_sequence_periph_reset_i/switch_onoff_signal_q_reg_0, BUFG insertion was skipped due to placement/routing conflicts.
INFO: [Place 46-33] Processed net gr_heep_i/core_v_mini_mcu_i/ao_peripheral_subsystem_i/power_manager_i/power_manager_counter_sequence_cpu_reset_i/switch_onoff_signal_q_reg_0, BUFG insertion was skipped due to placement/routing conflicts.
INFO: [Place 46-33] Processed net gr_heep_i/rstgen_i/i_rstgen_bypass/i_tc_clk_mux2_rst_no/xilinx_i_clk_mux2_i/i_BUFGMUX_1, BUFG insertion was skipped due to placement/routing conflicts.
INFO: [Place 46-56] BUFG insertion identified 4 candidate nets. Inserted BUFG: 0, Replicated BUFG Driver: 0, Skipped due to Placement/Routing Conflicts: 4, Skipped due to Timing Degradation: 0, Skipped due to netlist editing failed: 0.
Ending Physical Synthesis Task | Checksum: 1862c29e9

Time (s): cpu = 00:00:04 ; elapsed = 00:00:02 . Memory (MB): peak = 3676.805 ; gain = 0.000 ; free physical = 12250 ; free virtual = 84780
Phase 4.1.1.1 BUFG Insertion | Checksum: 1ed517606

Time (s): cpu = 00:01:40 ; elapsed = 00:00:45 . Memory (MB): peak = 3676.805 ; gain = 0.000 ; free physical = 12249 ; free virtual = 84780

Phase 4.1.1.2 Post Placement Timing Optimization
INFO: [Place 30-746] Post Placement Timing Summary WNS=2.555. For the most accurate timing information please run report_timing.
Phase 4.1.1.2 Post Placement Timing Optimization | Checksum: 1e2e21f0f

Time (s): cpu = 00:01:40 ; elapsed = 00:00:45 . Memory (MB): peak = 3676.805 ; gain = 0.000 ; free physical = 12249 ; free virtual = 84780

Time (s): cpu = 00:01:40 ; elapsed = 00:00:45 . Memory (MB): peak = 3676.805 ; gain = 0.000 ; free physical = 12249 ; free virtual = 84780
Phase 4.1 Post Commit Optimization | Checksum: 1e2e21f0f

Time (s): cpu = 00:01:41 ; elapsed = 00:00:45 . Memory (MB): peak = 3676.805 ; gain = 0.000 ; free physical = 12249 ; free virtual = 84780

Phase 4.2 Post Placement Cleanup
Phase 4.2 Post Placement Cleanup | Checksum: 1e2e21f0f

Time (s): cpu = 00:01:41 ; elapsed = 00:00:46 . Memory (MB): peak = 3676.805 ; gain = 0.000 ; free physical = 12249 ; free virtual = 84780

Phase 4.3 Placer Reporting

Phase 4.3.1 Print Estimated Congestion
INFO: [Place 30-612] Post-Placement Estimated Congestion 
 ____________________________________________________
|           | Global Congestion | Short Congestion  |
| Direction | Region Size       | Region Size       |
|___________|___________________|___________________|
|      North|                1x1|                4x4|
|___________|___________________|___________________|
|      South|                2x2|                4x4|
|___________|___________________|___________________|
|       East|                1x1|                4x4|
|___________|___________________|___________________|
|       West|                1x1|                1x1|
|___________|___________________|___________________|

Phase 4.3.1 Print Estimated Congestion | Checksum: 1e2e21f0f

Time (s): cpu = 00:01:41 ; elapsed = 00:00:46 . Memory (MB): peak = 3676.805 ; gain = 0.000 ; free physical = 12249 ; free virtual = 84780
Phase 4.3 Placer Reporting | Checksum: 1e2e21f0f

Time (s): cpu = 00:01:41 ; elapsed = 00:00:46 . Memory (MB): peak = 3676.805 ; gain = 0.000 ; free physical = 12249 ; free virtual = 84780

Phase 4.4 Final Placement Cleanup
Netlist sorting complete. Time (s): cpu = 00:00:00 ; elapsed = 00:00:00 . Memory (MB): peak = 3676.805 ; gain = 0.000 ; free physical = 12249 ; free virtual = 84780

Time (s): cpu = 00:01:41 ; elapsed = 00:00:46 . Memory (MB): peak = 3676.805 ; gain = 0.000 ; free physical = 12249 ; free virtual = 84780
Phase 4 Post Placement Optimization and Clean-Up | Checksum: 2142ac871

Time (s): cpu = 00:01:42 ; elapsed = 00:00:46 . Memory (MB): peak = 3676.805 ; gain = 0.000 ; free physical = 12249 ; free virtual = 84780
Ending Placer Task | Checksum: 12801bc56

Time (s): cpu = 00:01:42 ; elapsed = 00:00:46 . Memory (MB): peak = 3676.805 ; gain = 0.000 ; free physical = 12249 ; free virtual = 84779
133 Infos, 16 Warnings, 2 Critical Warnings and 0 Errors encountered.
place_design completed successfully
place_design: Time (s): cpu = 00:01:43 ; elapsed = 00:00:47 . Memory (MB): peak = 3676.805 ; gain = 0.000 ; free physical = 12249 ; free virtual = 84779
INFO: [runtcl-4] Executing : report_io -file xilinx_gr_heep_wrapper_io_placed.rpt
report_io: Time (s): cpu = 00:00:00.05 ; elapsed = 00:00:00.09 . Memory (MB): peak = 3676.805 ; gain = 0.000 ; free physical = 12243 ; free virtual = 84774
INFO: [runtcl-4] Executing : report_utilization -file xilinx_gr_heep_wrapper_utilization_placed.rpt -pb xilinx_gr_heep_wrapper_utilization_placed.pb
INFO: [runtcl-4] Executing : report_control_sets -verbose -file xilinx_gr_heep_wrapper_control_sets_placed.rpt
report_control_sets: Time (s): cpu = 00:00:00.09 ; elapsed = 00:00:00.13 . Memory (MB): peak = 3676.805 ; gain = 0.000 ; free physical = 12243 ; free virtual = 84774
INFO: [Timing 38-480] Writing timing data to binary archive.
Write ShapeDB Complete: Time (s): cpu = 00:00:00.29 ; elapsed = 00:00:00.06 . Memory (MB): peak = 3676.805 ; gain = 0.000 ; free physical = 12235 ; free virtual = 84780
Wrote PlaceDB: Time (s): cpu = 00:00:04 ; elapsed = 00:00:01 . Memory (MB): peak = 3676.805 ; gain = 0.000 ; free physical = 12165 ; free virtual = 84780
Wrote PulsedLatchDB: Time (s): cpu = 00:00:00 ; elapsed = 00:00:00 . Memory (MB): peak = 3676.805 ; gain = 0.000 ; free physical = 12165 ; free virtual = 84780
Writing XDEF routing.
Writing XDEF routing logical nets.
Writing XDEF routing special nets.
Wrote RouteStorage: Time (s): cpu = 00:00:00.16 ; elapsed = 00:00:00.06 . Memory (MB): peak = 3676.805 ; gain = 0.000 ; free physical = 12165 ; free virtual = 84780
Wrote Netlist Cache: Time (s): cpu = 00:00:00.12 ; elapsed = 00:00:00.04 . Memory (MB): peak = 3676.805 ; gain = 0.000 ; free physical = 12157 ; free virtual = 84780
Wrote Device Cache: Time (s): cpu = 00:00:00 ; elapsed = 00:00:00 . Memory (MB): peak = 3676.805 ; gain = 0.000 ; free physical = 12157 ; free virtual = 84780
Write Physdb Complete: Time (s): cpu = 00:00:04 ; elapsed = 00:00:01 . Memory (MB): peak = 3676.805 ; gain = 0.000 ; free physical = 12157 ; free virtual = 84780
INFO: [Common 17-1381] The checkpoint '/home/mfpdsmbaa/LabCatreda/GR-HEEP/build/x-heep_systems_gr-heep_0/nexys-a7-100t-vivado/x-heep_systems_gr-heep_0.runs/impl_1/xilinx_gr_heep_wrapper_placed.dcp' has been generated.
Command: phys_opt_design
Attempting to get a license for feature 'Implementation' and/or device 'xc7a100t'
INFO: [Common 17-349] Got license for feature 'Implementation' and/or device 'xc7a100t'

Starting Initial Update Timing Task

Time (s): cpu = 00:00:14 ; elapsed = 00:00:03 . Memory (MB): peak = 3676.805 ; gain = 0.000 ; free physical = 12215 ; free virtual = 84774
INFO: [Vivado_Tcl 4-383] Design worst setup slack (WNS) is greater than or equal to 0.000 ns. Skipping all physical synthesis optimizations.
INFO: [Vivado_Tcl 4-232] No setup violation found. The netlist was not modified.
INFO: [Common 17-83] Releasing license: Implementation
142 Infos, 16 Warnings, 2 Critical Warnings and 0 Errors encountered.
phys_opt_design completed successfully
INFO: [Timing 38-480] Writing timing data to binary archive.
Write ShapeDB Complete: Time (s): cpu = 00:00:00.25 ; elapsed = 00:00:00.06 . Memory (MB): peak = 3676.805 ; gain = 0.000 ; free physical = 12208 ; free virtual = 84780
Wrote PlaceDB: Time (s): cpu = 00:00:04 ; elapsed = 00:00:01 . Memory (MB): peak = 3676.805 ; gain = 0.000 ; free physical = 12133 ; free virtual = 84776
Wrote PulsedLatchDB: Time (s): cpu = 00:00:00 ; elapsed = 00:00:00 . Memory (MB): peak = 3676.805 ; gain = 0.000 ; free physical = 12133 ; free virtual = 84776
Writing XDEF routing.
Writing XDEF routing logical nets.
Writing XDEF routing special nets.
Wrote RouteStorage: Time (s): cpu = 00:00:00.16 ; elapsed = 00:00:00.06 . Memory (MB): peak = 3676.805 ; gain = 0.000 ; free physical = 12133 ; free virtual = 84776
Wrote Netlist Cache: Time (s): cpu = 00:00:00.11 ; elapsed = 00:00:00.04 . Memory (MB): peak = 3676.805 ; gain = 0.000 ; free physical = 12125 ; free virtual = 84776
Wrote Device Cache: Time (s): cpu = 00:00:00 ; elapsed = 00:00:00 . Memory (MB): peak = 3676.805 ; gain = 0.000 ; free physical = 12125 ; free virtual = 84776
Write Physdb Complete: Time (s): cpu = 00:00:04 ; elapsed = 00:00:01 . Memory (MB): peak = 3676.805 ; gain = 0.000 ; free physical = 12118 ; free virtual = 84769
INFO: [Common 17-1381] The checkpoint '/home/mfpdsmbaa/LabCatreda/GR-HEEP/build/x-heep_systems_gr-heep_0/nexys-a7-100t-vivado/x-heep_systems_gr-heep_0.runs/impl_1/xilinx_gr_heep_wrapper_physopt.dcp' has been generated.
Command: route_design
Attempting to get a license for feature 'Implementation' and/or device 'xc7a100t'
INFO: [Common 17-349] Got license for feature 'Implementation' and/or device 'xc7a100t'
Running DRC as a precondition to command route_design
INFO: [DRC 23-27] Running DRC with 8 threads
INFO: [Vivado_Tcl 4-198] DRC finished with 0 Errors, 1 Warnings
INFO: [Vivado_Tcl 4-199] Please refer to the DRC report (report_drc) for more information.


Starting Routing Task
INFO: [Route 35-254] Multithreading enabled for route_design using a maximum of 8 CPUs

Phase 1 Build RT Design
Checksum: PlaceDB: 2d75d659 ConstDB: 0 ShapeSum: fa8be5fd RouteDB: 0
Post Restoration Checksum: NetGraph: e2154f12 | NumContArr: 1a8766aa | Constraints: c2a8fa9d | Timing: c2a8fa9d
Phase 1 Build RT Design | Checksum: 281eeaaf6

Time (s): cpu = 00:00:17 ; elapsed = 00:00:09 . Memory (MB): peak = 3676.805 ; gain = 0.000 ; free physical = 12167 ; free virtual = 84754

Phase 2 Router Initialization

Phase 2.1 Fix Topology Constraints
Phase 2.1 Fix Topology Constraints | Checksum: 281eeaaf6

Time (s): cpu = 00:00:17 ; elapsed = 00:00:09 . Memory (MB): peak = 3676.805 ; gain = 0.000 ; free physical = 12167 ; free virtual = 84755

Phase 2.2 Pre Route Cleanup
Phase 2.2 Pre Route Cleanup | Checksum: 281eeaaf6

Time (s): cpu = 00:00:17 ; elapsed = 00:00:09 . Memory (MB): peak = 3676.805 ; gain = 0.000 ; free physical = 12167 ; free virtual = 84755
 Number of Nodes with overlaps = 0

Phase 2.3 Update Timing
Phase 2.3 Update Timing | Checksum: 12f53cbc3

Time (s): cpu = 00:00:34 ; elapsed = 00:00:15 . Memory (MB): peak = 3676.805 ; gain = 0.000 ; free physical = 12183 ; free virtual = 84771
INFO: [Route 35-416] Intermediate Timing Summary | WNS=2.033  | TNS=0.000  | WHS=-2.855 | THS=-5674.502|


Router Utilization Summary
  Global Vertical Routing Utilization    = 0.173565 %
  Global Horizontal Routing Utilization  = 0.154305 %
  Routable Net Status*
  *Does not include unroutable nets such as driverless and loadless.
  Run report_route_status for detailed report.
  Number of Failed Nets               = 65517
    (Failed Nets is the sum of unrouted and partially routed nets)
  Number of Unrouted Nets             = 65514
  Number of Partially Routed Nets     = 3
  Number of Node Overlaps             = 5

Phase 2 Router Initialization | Checksum: 1d15dceb7

Time (s): cpu = 00:00:44 ; elapsed = 00:00:17 . Memory (MB): peak = 3676.805 ; gain = 0.000 ; free physical = 12170 ; free virtual = 84759

Phase 3 Initial Routing

Phase 3.1 Global Routing
Phase 3.1 Global Routing | Checksum: 1d15dceb7

Time (s): cpu = 00:00:44 ; elapsed = 00:00:17 . Memory (MB): peak = 3676.805 ; gain = 0.000 ; free physical = 12170 ; free virtual = 84759

Phase 3.2 Initial Net Routing
Phase 3.2 Initial Net Routing | Checksum: 1520c9625

Time (s): cpu = 00:00:54 ; elapsed = 00:00:20 . Memory (MB): peak = 3676.805 ; gain = 0.000 ; free physical = 12163 ; free virtual = 84752
Phase 3 Initial Routing | Checksum: 1520c9625

Time (s): cpu = 00:00:54 ; elapsed = 00:00:20 . Memory (MB): peak = 3676.805 ; gain = 0.000 ; free physical = 12163 ; free virtual = 84752

Phase 4 Rip-up And Reroute

Phase 4.1 Global Iteration 0
 Number of Nodes with overlaps = 10810
 Number of Nodes with overlaps = 495
 Number of Nodes with overlaps = 34
 Number of Nodes with overlaps = 7
 Number of Nodes with overlaps = 0
INFO: [Route 35-416] Intermediate Timing Summary | WNS=2.261  | TNS=0.000  | WHS=N/A    | THS=N/A    |

Phase 4.1 Global Iteration 0 | Checksum: 191f267fd

Time (s): cpu = 00:03:03 ; elapsed = 00:01:04 . Memory (MB): peak = 3828.012 ; gain = 151.207 ; free physical = 11945 ; free virtual = 84530

Phase 4.2 Global Iteration 1
 Number of Nodes with overlaps = 22
 Number of Nodes with overlaps = 1
 Number of Nodes with overlaps = 0
INFO: [Route 35-416] Intermediate Timing Summary | WNS=2.261  | TNS=0.000  | WHS=N/A    | THS=N/A    |

Phase 4.2 Global Iteration 1 | Checksum: 2ec32ac24

Time (s): cpu = 00:03:07 ; elapsed = 00:01:07 . Memory (MB): peak = 3828.012 ; gain = 151.207 ; free physical = 11945 ; free virtual = 84531
Phase 4 Rip-up And Reroute | Checksum: 2ec32ac24

Time (s): cpu = 00:03:07 ; elapsed = 00:01:07 . Memory (MB): peak = 3828.012 ; gain = 151.207 ; free physical = 11945 ; free virtual = 84531

Phase 5 Delay and Skew Optimization

Phase 5.1 Delay CleanUp
Phase 5.1 Delay CleanUp | Checksum: 2ec32ac24

Time (s): cpu = 00:03:07 ; elapsed = 00:01:07 . Memory (MB): peak = 3828.012 ; gain = 151.207 ; free physical = 11945 ; free virtual = 84531

Phase 5.2 Clock Skew Optimization
Phase 5.2 Clock Skew Optimization | Checksum: 2ec32ac24

Time (s): cpu = 00:03:08 ; elapsed = 00:01:07 . Memory (MB): peak = 3828.012 ; gain = 151.207 ; free physical = 11945 ; free virtual = 84531
Phase 5 Delay and Skew Optimization | Checksum: 2ec32ac24

Time (s): cpu = 00:03:08 ; elapsed = 00:01:07 . Memory (MB): peak = 3828.012 ; gain = 151.207 ; free physical = 11945 ; free virtual = 84531

Phase 6 Post Hold Fix

Phase 6.1 Hold Fix Iter

Phase 6.1.1 Update Timing
Phase 6.1.1 Update Timing | Checksum: 350a79858

Time (s): cpu = 00:03:15 ; elapsed = 00:01:09 . Memory (MB): peak = 3828.012 ; gain = 151.207 ; free physical = 11945 ; free virtual = 84531
INFO: [Route 35-416] Intermediate Timing Summary | WNS=2.261  | TNS=0.000  | WHS=-1.540 | THS=-11.271|

Phase 6.1 Hold Fix Iter | Checksum: 2013280ea

Time (s): cpu = 00:03:15 ; elapsed = 00:01:09 . Memory (MB): peak = 3828.012 ; gain = 151.207 ; free physical = 11945 ; free virtual = 84531

Phase 6.2 Non Free Resource Hold Fix Iter
Phase 6.2 Non Free Resource Hold Fix Iter | Checksum: 2d1192946

Time (s): cpu = 00:03:15 ; elapsed = 00:01:09 . Memory (MB): peak = 3828.012 ; gain = 151.207 ; free physical = 11945 ; free virtual = 84531
Phase 6 Post Hold Fix | Checksum: 2d1192946

Time (s): cpu = 00:03:15 ; elapsed = 00:01:09 . Memory (MB): peak = 3828.012 ; gain = 151.207 ; free physical = 11945 ; free virtual = 84531

Phase 7 Route finalize

Router Utilization Summary
  Global Vertical Routing Utilization    = 18.2555 %
  Global Horizontal Routing Utilization  = 22.6282 %
  Routable Net Status*
  *Does not include unroutable nets such as driverless and loadless.
  Run report_route_status for detailed report.
  Number of Failed Nets               = 0
    (Failed Nets is the sum of unrouted and partially routed nets)
  Number of Unrouted Nets             = 0
  Number of Partially Routed Nets     = 0
  Number of Node Overlaps             = 0

Phase 7 Route finalize | Checksum: 2d1192946

Time (s): cpu = 00:03:16 ; elapsed = 00:01:09 . Memory (MB): peak = 3828.012 ; gain = 151.207 ; free physical = 11945 ; free virtual = 84531

Phase 8 Verifying routed nets

 Verification completed successfully
Phase 8 Verifying routed nets | Checksum: 2d1192946

Time (s): cpu = 00:03:16 ; elapsed = 00:01:09 . Memory (MB): peak = 3828.012 ; gain = 151.207 ; free physical = 11945 ; free virtual = 84531

Phase 9 Depositing Routes
Phase 9 Depositing Routes | Checksum: 3061ae129

Time (s): cpu = 00:03:18 ; elapsed = 00:01:11 . Memory (MB): peak = 3828.012 ; gain = 151.207 ; free physical = 11944 ; free virtual = 84530

Phase 10 Post Router Timing

Phase 10.1 Update Timing
Phase 10.1 Update Timing | Checksum: 25532f217

Time (s): cpu = 00:03:25 ; elapsed = 00:01:13 . Memory (MB): peak = 3828.012 ; gain = 151.207 ; free physical = 11944 ; free virtual = 84530
INFO: [Route 35-57] Estimated Timing Summary | WNS=2.261  | TNS=0.000  | WHS=0.049  | THS=0.000  |

INFO: [Route 35-327] The final timing numbers are based on the router estimated timing analysis. For a complete and accurate timing signoff, please run report_timing_summary.
Phase 10 Post Router Timing | Checksum: 25532f217

Time (s): cpu = 00:03:25 ; elapsed = 00:01:13 . Memory (MB): peak = 3828.012 ; gain = 151.207 ; free physical = 11944 ; free virtual = 84530
INFO: [Route 35-16] Router Completed Successfully

Phase 11 Post-Route Event Processing
Phase 11 Post-Route Event Processing | Checksum: 1d5704f8f

Time (s): cpu = 00:03:26 ; elapsed = 00:01:13 . Memory (MB): peak = 3828.012 ; gain = 151.207 ; free physical = 11944 ; free virtual = 84530
Ending Routing Task | Checksum: 1d5704f8f

Time (s): cpu = 00:03:27 ; elapsed = 00:01:14 . Memory (MB): peak = 3828.012 ; gain = 151.207 ; free physical = 11944 ; free virtual = 84530

Routing Is Done.
INFO: [Common 17-83] Releasing license: Implementation
157 Infos, 16 Warnings, 2 Critical Warnings and 0 Errors encountered.
route_design completed successfully
route_design: Time (s): cpu = 00:03:29 ; elapsed = 00:01:15 . Memory (MB): peak = 3828.012 ; gain = 151.207 ; free physical = 11944 ; free virtual = 84530
INFO: [runtcl-4] Executing : report_drc -file xilinx_gr_heep_wrapper_drc_routed.rpt -pb xilinx_gr_heep_wrapper_drc_routed.pb -rpx xilinx_gr_heep_wrapper_drc_routed.rpx
Command: report_drc -file xilinx_gr_heep_wrapper_drc_routed.rpt -pb xilinx_gr_heep_wrapper_drc_routed.pb -rpx xilinx_gr_heep_wrapper_drc_routed.rpx
INFO: [IP_Flow 19-1839] IP Catalog is up to date.
INFO: [DRC 23-27] Running DRC with 8 threads
INFO: [Vivado_Tcl 2-168] The results of DRC are in file /home/mfpdsmbaa/LabCatreda/GR-HEEP/build/x-heep_systems_gr-heep_0/nexys-a7-100t-vivado/x-heep_systems_gr-heep_0.runs/impl_1/xilinx_gr_heep_wrapper_drc_routed.rpt.
report_drc completed successfully
INFO: [runtcl-4] Executing : report_methodology -file xilinx_gr_heep_wrapper_methodology_drc_routed.rpt -pb xilinx_gr_heep_wrapper_methodology_drc_routed.pb -rpx xilinx_gr_heep_wrapper_methodology_drc_routed.rpx
Command: report_methodology -file xilinx_gr_heep_wrapper_methodology_drc_routed.rpt -pb xilinx_gr_heep_wrapper_methodology_drc_routed.pb -rpx xilinx_gr_heep_wrapper_methodology_drc_routed.rpx
INFO: [Timing 38-35] Done setting XDC timing constraints.
INFO: [DRC 23-133] Running Methodology with 8 threads
INFO: [Vivado_Tcl 2-1520] The results of Report Methodology are in file /home/mfpdsmbaa/LabCatreda/GR-HEEP/build/x-heep_systems_gr-heep_0/nexys-a7-100t-vivado/x-heep_systems_gr-heep_0.runs/impl_1/xilinx_gr_heep_wrapper_methodology_drc_routed.rpt.
report_methodology completed successfully
report_methodology: Time (s): cpu = 00:00:53 ; elapsed = 00:00:09 . Memory (MB): peak = 3924.055 ; gain = 0.000 ; free physical = 11925 ; free virtual = 84512
INFO: [runtcl-4] Executing : report_power -file xilinx_gr_heep_wrapper_power_routed.rpt -pb xilinx_gr_heep_wrapper_power_summary_routed.pb -rpx xilinx_gr_heep_wrapper_power_routed.rpx
Command: report_power -file xilinx_gr_heep_wrapper_power_routed.rpt -pb xilinx_gr_heep_wrapper_power_summary_routed.pb -rpx xilinx_gr_heep_wrapper_power_routed.rpx
INFO: [Timing 38-35] Done setting XDC timing constraints.
Running Vector-less Activity Propagation...
WARNING: [Power 33-230] Invalid input clock frequency for gr_heep_i/core_v_mini_mcu_i/peripheral_subsystem_i/i2s_i/i2s_core_i/i2s_clk_gen_i/i_clk_mux/xilinx_i_clk_mux2_i/i_BUFGMUX. Out of range!
Resolution: Please refer to Clocking Resources User Guide for valid input clock frequency.
WARNING: [Power 33-230] Invalid input clock frequency for gr_heep_i/core_v_mini_mcu_i/peripheral_subsystem_i/pdm2pcm_i/clk_int_div_inst/i_clk_mux/xilinx_i_clk_mux2_i/i_BUFGMUX. Out of range!
Resolution: Please refer to Clocking Resources User Guide for valid input clock frequency.
WARNING: [Power 33-230] Invalid input clock frequency for gr_heep_i/core_v_mini_mcu_i/peripheral_subsystem_i/i2s_i/i2s_core_i/i2s_clk_gen_i/i_clk_mux/xilinx_i_clk_mux2_i/i_BUFGMUX. Out of range!
Resolution: Please refer to Clocking Resources User Guide for valid input clock frequency.
WARNING: [Power 33-230] Invalid input clock frequency for gr_heep_i/core_v_mini_mcu_i/peripheral_subsystem_i/pdm2pcm_i/clk_int_div_inst/i_clk_mux/xilinx_i_clk_mux2_i/i_BUFGMUX. Out of range!
Resolution: Please refer to Clocking Resources User Guide for valid input clock frequency.
WARNING: [Power 33-230] Invalid input clock frequency for gr_heep_i/core_v_mini_mcu_i/peripheral_subsystem_i/i2s_i/i2s_core_i/i2s_clk_gen_i/i_clk_mux/xilinx_i_clk_mux2_i/i_BUFGMUX. Out of range!
Resolution: Please refer to Clocking Resources User Guide for valid input clock frequency.
WARNING: [Power 33-230] Invalid input clock frequency for gr_heep_i/core_v_mini_mcu_i/peripheral_subsystem_i/pdm2pcm_i/clk_int_div_inst/i_clk_mux/xilinx_i_clk_mux2_i/i_BUFGMUX. Out of range!
Resolution: Please refer to Clocking Resources User Guide for valid input clock frequency.
WARNING: [Power 33-230] Invalid input clock frequency for gr_heep_i/core_v_mini_mcu_i/peripheral_subsystem_i/i2s_i/i2s_core_i/i2s_clk_gen_i/i_clk_mux/xilinx_i_clk_mux2_i/i_BUFGMUX. Out of range!
Resolution: Please refer to Clocking Resources User Guide for valid input clock frequency.
WARNING: [Power 33-230] Invalid input clock frequency for gr_heep_i/core_v_mini_mcu_i/peripheral_subsystem_i/pdm2pcm_i/clk_int_div_inst/i_clk_mux/xilinx_i_clk_mux2_i/i_BUFGMUX. Out of range!
Resolution: Please refer to Clocking Resources User Guide for valid input clock frequency.
WARNING: [Power 33-230] Invalid input clock frequency for gr_heep_i/core_v_mini_mcu_i/peripheral_subsystem_i/i2s_i/i2s_core_i/i2s_clk_gen_i/i_clk_mux/xilinx_i_clk_mux2_i/i_BUFGMUX. Out of range!
Resolution: Please refer to Clocking Resources User Guide for valid input clock frequency.
WARNING: [Power 33-230] Invalid input clock frequency for gr_heep_i/core_v_mini_mcu_i/peripheral_subsystem_i/pdm2pcm_i/clk_int_div_inst/i_clk_mux/xilinx_i_clk_mux2_i/i_BUFGMUX. Out of range!
Resolution: Please refer to Clocking Resources User Guide for valid input clock frequency.
WARNING: [Power 33-230] Invalid input clock frequency for gr_heep_i/core_v_mini_mcu_i/peripheral_subsystem_i/i2s_i/i2s_core_i/i2s_clk_gen_i/i_clk_mux/xilinx_i_clk_mux2_i/i_BUFGMUX. Out of range!
Resolution: Please refer to Clocking Resources User Guide for valid input clock frequency.
WARNING: [Power 33-230] Invalid input clock frequency for gr_heep_i/core_v_mini_mcu_i/peripheral_subsystem_i/pdm2pcm_i/clk_int_div_inst/i_clk_mux/xilinx_i_clk_mux2_i/i_BUFGMUX. Out of range!
Resolution: Please refer to Clocking Resources User Guide for valid input clock frequency.

Finished Running Vector-less Activity Propagation
WARNING: [Power 33-332] Found switching activity that implies high-fanout reset nets being asserted for excessive periods of time which may result in inaccurate power analysis.
Resolution: To review and fix problems, please run Power Constraints Advisor in the GUI from Tools > Power Constraints Advisor or run report_power with the -advisory option to generate a text report.
167 Infos, 29 Warnings, 2 Critical Warnings and 0 Errors encountered.
report_power completed successfully
report_power: Time (s): cpu = 00:00:21 ; elapsed = 00:00:08 . Memory (MB): peak = 3924.055 ; gain = 0.000 ; free physical = 11898 ; free virtual = 84498
INFO: [runtcl-4] Executing : report_route_status -file xilinx_gr_heep_wrapper_route_status.rpt -pb xilinx_gr_heep_wrapper_route_status.pb
INFO: [runtcl-4] Executing : report_timing_summary -max_paths 10 -report_unconstrained -file xilinx_gr_heep_wrapper_timing_summary_routed.rpt -pb xilinx_gr_heep_wrapper_timing_summary_routed.pb -rpx xilinx_gr_heep_wrapper_timing_summary_routed.rpx -warn_on_violation 
INFO: [Timing 38-91] UpdateTimingParams: Speed grade: -1, Delay Type: min_max.
INFO: [Timing 38-191] Multithreading enabled for timing update using a maximum of 8 CPUs
INFO: [runtcl-4] Executing : report_incremental_reuse -file xilinx_gr_heep_wrapper_incremental_reuse_routed.rpt
INFO: [Vivado_Tcl 4-1062] Incremental flow is disabled. No incremental reuse Info to report.
INFO: [runtcl-4] Executing : report_clock_utilization -file xilinx_gr_heep_wrapper_clock_utilization_routed.rpt
INFO: [runtcl-4] Executing : report_bus_skew -warn_on_violation -file xilinx_gr_heep_wrapper_bus_skew_routed.rpt -pb xilinx_gr_heep_wrapper_bus_skew_routed.pb -rpx xilinx_gr_heep_wrapper_bus_skew_routed.rpx
INFO: [Timing 38-91] UpdateTimingParams: Speed grade: -1, Delay Type: min_max.
INFO: [Timing 38-191] Multithreading enabled for timing update using a maximum of 8 CPUs
INFO: [Timing 38-480] Writing timing data to binary archive.
Write ShapeDB Complete: Time (s): cpu = 00:00:00.29 ; elapsed = 00:00:00.06 . Memory (MB): peak = 3924.055 ; gain = 0.000 ; free physical = 11871 ; free virtual = 84500
Wrote PlaceDB: Time (s): cpu = 00:00:04 ; elapsed = 00:00:01 . Memory (MB): peak = 3924.055 ; gain = 0.000 ; free physical = 11792 ; free virtual = 84489
Wrote PulsedLatchDB: Time (s): cpu = 00:00:00 ; elapsed = 00:00:00 . Memory (MB): peak = 3924.055 ; gain = 0.000 ; free physical = 11792 ; free virtual = 84489
Writing XDEF routing.
Writing XDEF routing logical nets.
Writing XDEF routing special nets.
Wrote RouteStorage: Time (s): cpu = 00:00:00.81 ; elapsed = 00:00:00.31 . Memory (MB): peak = 3924.055 ; gain = 0.000 ; free physical = 11784 ; free virtual = 84496
Wrote Netlist Cache: Time (s): cpu = 00:00:00.07 ; elapsed = 00:00:00.04 . Memory (MB): peak = 3924.055 ; gain = 0.000 ; free physical = 11776 ; free virtual = 84495
Wrote Device Cache: Time (s): cpu = 00:00:00.01 ; elapsed = 00:00:00 . Memory (MB): peak = 3924.055 ; gain = 0.000 ; free physical = 11776 ; free virtual = 84496
Write Physdb Complete: Time (s): cpu = 00:00:05 ; elapsed = 00:00:02 . Memory (MB): peak = 3924.055 ; gain = 0.000 ; free physical = 11776 ; free virtual = 84496
INFO: [Common 17-1381] The checkpoint '/home/mfpdsmbaa/LabCatreda/GR-HEEP/build/x-heep_systems_gr-heep_0/nexys-a7-100t-vivado/x-heep_systems_gr-heep_0.runs/impl_1/xilinx_gr_heep_wrapper_routed.dcp' has been generated.
Command: write_bitstream -force xilinx_gr_heep_wrapper.bit -bin_file
Attempting to get a license for feature 'Implementation' and/or device 'xc7a100t'
INFO: [Common 17-349] Got license for feature 'Implementation' and/or device 'xc7a100t'
Running DRC as a precondition to command write_bitstream
INFO: [IP_Flow 19-1839] IP Catalog is up to date.
INFO: [DRC 23-27] Running DRC with 8 threads
WARNING: [DRC BUFC-1] Input Buffer Connections: Input buffer gr_heep_i/gr_heep_pad_ring_i/u_pad_spi_cs_0/xilinx_iobuf_i/IBUF has no loads. It is recommended to have an input buffer drive an internal load.
WARNING: [DRC BUFC-1] Input Buffer Connections: Input buffer gr_heep_i/gr_heep_pad_ring_i/u_pad_spi_flash_cs_0/xilinx_iobuf_i/IBUF has no loads. It is recommended to have an input buffer drive an internal load.
WARNING: [DRC BUFC-1] Input Buffer Connections: Input buffer gr_heep_i/gr_heep_pad_ring_i/u_pad_spi_flash_sck/xilinx_iobuf_i/IBUF has no loads. It is recommended to have an input buffer drive an internal load.
WARNING: [DRC BUFC-1] Input Buffer Connections: Input buffer gr_heep_i/gr_heep_pad_ring_i/u_pad_spi_sck/xilinx_iobuf_i/IBUF has no loads. It is recommended to have an input buffer drive an internal load.
WARNING: [DRC CFGBVS-1] Missing CFGBVS and CONFIG_VOLTAGE Design Properties: Neither the CFGBVS nor CONFIG_VOLTAGE voltage property is set in the current_design.  Configuration bank voltage select (CFGBVS) must be set to VCCO or GND, and CONFIG_VOLTAGE must be set to the correct configuration voltage, in order to determine the I/O voltage support for the pins in bank 0.  It is suggested to specify these either using the 'Edit Device Properties' function in the GUI or directly in the XDC file using the following syntax:

 set_property CFGBVS value1 [current_design]
 #where value1 is either VCCO or GND

 set_property CONFIG_VOLTAGE value2 [current_design]
 #where value2 is the voltage provided to configuration bank 0

Refer to the device configuration user guide for more information.
WARNING: [DRC CHECK-3] Report rule limit reached: REQP-1839 rule limit reached: 20 violations have been found.
WARNING: [DRC DPIP-1] Input pipelining: DSP gr_heep_i/core_v_mini_mcu_i/cpu_subsystem_i/cv32e40px_xif_wrapper_i/cv32e40px_top_i/core_i/ex_stage_i/mult_i/ input gr_heep_i/core_v_mini_mcu_i/cpu_subsystem_i/cv32e40px_xif_wrapper_i/cv32e40px_top_i/core_i/ex_stage_i/mult_i//A[29:0] is not pipelined. Pipelining DSP48 input will improve performance.
WARNING: [DRC DPIP-1] Input pipelining: DSP gr_heep_i/core_v_mini_mcu_i/cpu_subsystem_i/cv32e40px_xif_wrapper_i/cv32e40px_top_i/core_i/ex_stage_i/mult_i/ input gr_heep_i/core_v_mini_mcu_i/cpu_subsystem_i/cv32e40px_xif_wrapper_i/cv32e40px_top_i/core_i/ex_stage_i/mult_i//B[17:0] is not pipelined. Pipelining DSP48 input will improve performance.
WARNING: [DRC DPIP-1] Input pipelining: DSP gr_heep_i/core_v_mini_mcu_i/cpu_subsystem_i/cv32e40px_xif_wrapper_i/cv32e40px_top_i/core_i/ex_stage_i/mult_i/__0 input gr_heep_i/core_v_mini_mcu_i/cpu_subsystem_i/cv32e40px_xif_wrapper_i/cv32e40px_top_i/core_i/ex_stage_i/mult_i/__0/A[29:0] is not pipelined. Pipelining DSP48 input will improve performance.
WARNING: [DRC DPIP-1] Input pipelining: DSP gr_heep_i/core_v_mini_mcu_i/cpu_subsystem_i/cv32e40px_xif_wrapper_i/cv32e40px_top_i/core_i/ex_stage_i/mult_i/__0 input gr_heep_i/core_v_mini_mcu_i/cpu_subsystem_i/cv32e40px_xif_wrapper_i/cv32e40px_top_i/core_i/ex_stage_i/mult_i/__0/B[17:0] is not pipelined. Pipelining DSP48 input will improve performance.
WARNING: [DRC DPIP-1] Input pipelining: DSP gr_heep_i/core_v_mini_mcu_i/cpu_subsystem_i/cv32e40px_xif_wrapper_i/cv32e40px_top_i/core_i/ex_stage_i/mult_i/__1 input gr_heep_i/core_v_mini_mcu_i/cpu_subsystem_i/cv32e40px_xif_wrapper_i/cv32e40px_top_i/core_i/ex_stage_i/mult_i/__1/B[17:0] is not pipelined. Pipelining DSP48 input will improve performance.
WARNING: [DRC DPIP-1] Input pipelining: DSP gr_heep_i/core_v_mini_mcu_i/cpu_subsystem_i/cv32e40px_xif_wrapper_i/cv32e40px_top_i/core_i/ex_stage_i/mult_i/short_mac input gr_heep_i/core_v_mini_mcu_i/cpu_subsystem_i/cv32e40px_xif_wrapper_i/cv32e40px_top_i/core_i/ex_stage_i/mult_i/short_mac/C[47:0] is not pipelined. Pipelining DSP48 input will improve performance.
WARNING: [DRC DPIP-1] Input pipelining: DSP gr_heep_i/core_v_mini_mcu_i/cpu_subsystem_i/cv32e40px_xif_wrapper_i/cv32e40px_top_i/core_i/ex_stage_i/mult_i/short_mul input gr_heep_i/core_v_mini_mcu_i/cpu_subsystem_i/cv32e40px_xif_wrapper_i/cv32e40px_top_i/core_i/ex_stage_i/mult_i/short_mul/A[29:0] is not pipelined. Pipelining DSP48 input will improve performance.
WARNING: [DRC DPIP-1] Input pipelining: DSP gr_heep_i/core_v_mini_mcu_i/cpu_subsystem_i/cv32e40px_xif_wrapper_i/cv32e40px_top_i/core_i/ex_stage_i/mult_i/short_mul input gr_heep_i/core_v_mini_mcu_i/cpu_subsystem_i/cv32e40px_xif_wrapper_i/cv32e40px_top_i/core_i/ex_stage_i/mult_i/short_mul/B[17:0] is not pipelined. Pipelining DSP48 input will improve performance.
WARNING: [DRC DPOP-1] PREG Output pipelining: DSP gr_heep_i/core_v_mini_mcu_i/cpu_subsystem_i/cv32e40px_xif_wrapper_i/cv32e40px_top_i/core_i/ex_stage_i/mult_i/ output gr_heep_i/core_v_mini_mcu_i/cpu_subsystem_i/cv32e40px_xif_wrapper_i/cv32e40px_top_i/core_i/ex_stage_i/mult_i//P[47:0] is not pipelined (PREG=0). Pipelining the DSP48 output will improve performance and often saves power so it is suggested whenever possible to fully pipeline this function.  If this DSP48 function was inferred, it is suggested to describe an additional register stage after this function.  If the DSP48 was instantiated in the design, it is suggested to set the PREG attribute to 1.
WARNING: [DRC DPOP-1] PREG Output pipelining: DSP gr_heep_i/core_v_mini_mcu_i/cpu_subsystem_i/cv32e40px_xif_wrapper_i/cv32e40px_top_i/core_i/ex_stage_i/mult_i/__0 output gr_heep_i/core_v_mini_mcu_i/cpu_subsystem_i/cv32e40px_xif_wrapper_i/cv32e40px_top_i/core_i/ex_stage_i/mult_i/__0/P[47:0] is not pipelined (PREG=0). Pipelining the DSP48 output will improve performance and often saves power so it is suggested whenever possible to fully pipeline this function.  If this DSP48 function was inferred, it is suggested to describe an additional register stage after this function.  If the DSP48 was instantiated in the design, it is suggested to set the PREG attribute to 1.
WARNING: [DRC DPOP-1] PREG Output pipelining: DSP gr_heep_i/core_v_mini_mcu_i/cpu_subsystem_i/cv32e40px_xif_wrapper_i/cv32e40px_top_i/core_i/ex_stage_i/mult_i/__1 output gr_heep_i/core_v_mini_mcu_i/cpu_subsystem_i/cv32e40px_xif_wrapper_i/cv32e40px_top_i/core_i/ex_stage_i/mult_i/__1/P[47:0] is not pipelined (PREG=0). Pipelining the DSP48 output will improve performance and often saves power so it is suggested whenever possible to fully pipeline this function.  If this DSP48 function was inferred, it is suggested to describe an additional register stage after this function.  If the DSP48 was instantiated in the design, it is suggested to set the PREG attribute to 1.
WARNING: [DRC DPOP-1] PREG Output pipelining: DSP gr_heep_i/core_v_mini_mcu_i/cpu_subsystem_i/cv32e40px_xif_wrapper_i/cv32e40px_top_i/core_i/ex_stage_i/mult_i/short_mac output gr_heep_i/core_v_mini_mcu_i/cpu_subsystem_i/cv32e40px_xif_wrapper_i/cv32e40px_top_i/core_i/ex_stage_i/mult_i/short_mac/P[47:0] is not pipelined (PREG=0). Pipelining the DSP48 output will improve performance and often saves power so it is suggested whenever possible to fully pipeline this function.  If this DSP48 function was inferred, it is suggested to describe an additional register stage after this function.  If the DSP48 was instantiated in the design, it is suggested to set the PREG attribute to 1.
WARNING: [DRC DPOP-2] MREG Output pipelining: DSP gr_heep_i/core_v_mini_mcu_i/cpu_subsystem_i/cv32e40px_xif_wrapper_i/cv32e40px_top_i/core_i/ex_stage_i/mult_i/ multiplier stage gr_heep_i/core_v_mini_mcu_i/cpu_subsystem_i/cv32e40px_xif_wrapper_i/cv32e40px_top_i/core_i/ex_stage_i/mult_i//P[47:0] is not pipelined (MREG=0). Pipelining the multiplier function will improve performance and will save significant power so it is suggested whenever possible to fully pipeline this function.  If this multiplier was inferred, it is suggested to describe an additional register stage after this function.  If there is no registered adder/accumulator following the multiply function, two pipeline stages are suggested to allow both the MREG and PREG registers to be used.  If the DSP48 was instantiated in the design, it is suggested to set both the MREG and PREG attributes to 1 when performing multiply functions.
WARNING: [DRC DPOP-2] MREG Output pipelining: DSP gr_heep_i/core_v_mini_mcu_i/cpu_subsystem_i/cv32e40px_xif_wrapper_i/cv32e40px_top_i/core_i/ex_stage_i/mult_i/__0 multiplier stage gr_heep_i/core_v_mini_mcu_i/cpu_subsystem_i/cv32e40px_xif_wrapper_i/cv32e40px_top_i/core_i/ex_stage_i/mult_i/__0/P[47:0] is not pipelined (MREG=0). Pipelining the multiplier function will improve performance and will save significant power so it is suggested whenever possible to fully pipeline this function.  If this multiplier was inferred, it is suggested to describe an additional register stage after this function.  If there is no registered adder/accumulator following the multiply function, two pipeline stages are suggested to allow both the MREG and PREG registers to be used.  If the DSP48 was instantiated in the design, it is suggested to set both the MREG and PREG attributes to 1 when performing multiply functions.
WARNING: [DRC DPOP-2] MREG Output pipelining: DSP gr_heep_i/core_v_mini_mcu_i/cpu_subsystem_i/cv32e40px_xif_wrapper_i/cv32e40px_top_i/core_i/ex_stage_i/mult_i/__1 multiplier stage gr_heep_i/core_v_mini_mcu_i/cpu_subsystem_i/cv32e40px_xif_wrapper_i/cv32e40px_top_i/core_i/ex_stage_i/mult_i/__1/P[47:0] is not pipelined (MREG=0). Pipelining the multiplier function will improve performance and will save significant power so it is suggested whenever possible to fully pipeline this function.  If this multiplier was inferred, it is suggested to describe an additional register stage after this function.  If there is no registered adder/accumulator following the multiply function, two pipeline stages are suggested to allow both the MREG and PREG registers to be used.  If the DSP48 was instantiated in the design, it is suggested to set both the MREG and PREG attributes to 1 when performing multiply functions.
WARNING: [DRC PDRC-153] Gated clock check: Net gr_heep_i/core_v_mini_mcu_i/ao_peripheral_subsystem_i/dma_subsystem_i/dma_i_gen[0].dma_i/clk_cg is a gated clock net sourced by a combinational pin gr_heep_i/core_v_mini_mcu_i/ao_peripheral_subsystem_i/dma_subsystem_i/dma_i_gen[0].dma_i/i___165/O, cell gr_heep_i/core_v_mini_mcu_i/ao_peripheral_subsystem_i/dma_subsystem_i/dma_i_gen[0].dma_i/i___165. This is not good design practice and will likely impact performance. For SLICE registers, for example, use the CE pin to control the loading of data.
WARNING: [DRC PDRC-153] Gated clock check: Net gr_heep_i/core_v_mini_mcu_i/ao_peripheral_subsystem_i/dma_subsystem_i/dma_i_gen[2].dma_i/clk_cg is a gated clock net sourced by a combinational pin gr_heep_i/core_v_mini_mcu_i/ao_peripheral_subsystem_i/dma_subsystem_i/dma_i_gen[2].dma_i/i___7/O, cell gr_heep_i/core_v_mini_mcu_i/ao_peripheral_subsystem_i/dma_subsystem_i/dma_i_gen[2].dma_i/i___7. This is not good design practice and will likely impact performance. For SLICE registers, for example, use the CE pin to control the loading of data.
WARNING: [DRC PDRC-153] Gated clock check: Net gr_heep_i/gr_heep_pad_ring_i/u_pad_spi_slave_sck/CLK is a gated clock net sourced by a combinational pin gr_heep_i/gr_heep_pad_ring_i/u_pad_spi_slave_sck/counter_trgt[7]_i_3/O, cell gr_heep_i/gr_heep_pad_ring_i/u_pad_spi_slave_sck/counter_trgt[7]_i_3. This is not good design practice and will likely impact performance. For SLICE registers, for example, use the CE pin to control the loading of data.
WARNING: [DRC PLHOLDVIO-2] Non-Optimal connections which could lead to hold violations: A LUT gr_heep_i/core_v_mini_mcu_i/ao_peripheral_subsystem_i/dma_subsystem_i/dma_i_gen[0].dma_i/i___165 is driving clock pin of 1058 cells. This could lead to large hold time violations. Involved cells are:
gr_heep_i/core_v_mini_mcu_i/ao_peripheral_subsystem_i/dma_subsystem_i/dma_i_gen[0].dma_i/FSM_onehot_dma_state_q_reg[0], gr_heep_i/core_v_mini_mcu_i/ao_peripheral_subsystem_i/dma_subsystem_i/dma_i_gen[0].dma_i/FSM_onehot_dma_state_q_reg[1], gr_heep_i/core_v_mini_mcu_i/ao_peripheral_subsystem_i/dma_subsystem_i/dma_i_gen[0].dma_i/FSM_onehot_dma_state_q_reg[1]_rep, gr_heep_i/core_v_mini_mcu_i/ao_peripheral_subsystem_i/dma_subsystem_i/dma_i_gen[0].dma_i/FSM_onehot_dma_state_q_reg[1]_rep__0, gr_heep_i/core_v_mini_mcu_i/ao_peripheral_subsystem_i/dma_subsystem_i/dma_i_gen[0].dma_i/FSM_onehot_dma_state_q_reg[1]_rep__1, gr_heep_i/core_v_mini_mcu_i/ao_peripheral_subsystem_i/dma_subsystem_i/dma_i_gen[0].dma_i/FSM_onehot_dma_state_q_reg[1]_rep__2, gr_heep_i/core_v_mini_mcu_i/ao_peripheral_subsystem_i/dma_subsystem_i/dma_i_gen[0].dma_i/FSM_onehot_dma_state_q_reg[2], gr_heep_i/core_v_mini_mcu_i/ao_peripheral_subsystem_i/dma_subsystem_i/dma_i_gen[0].dma_i/dma_buffer_unit_i/dma_buffer_control_i/read_data_mask_reg[0], gr_heep_i/core_v_mini_mcu_i/ao_peripheral_subsystem_i/dma_subsystem_i/dma_i_gen[0].dma_i/dma_buffer_unit_i/dma_buffer_control_i/read_data_mask_reg[1], gr_heep_i/core_v_mini_mcu_i/ao_peripheral_subsystem_i/dma_subsystem_i/dma_i_gen[0].dma_i/dma_buffer_unit_i/dma_buffer_control_i/read_data_mask_reg[2], gr_heep_i/core_v_mini_mcu_i/ao_peripheral_subsystem_i/dma_subsystem_i/dma_i_gen[0].dma_i/dma_buffer_unit_i/dma_buffer_control_i/read_data_mask_reg[3], gr_heep_i/core_v_mini_mcu_i/ao_peripheral_subsystem_i/dma_subsystem_i/dma_i_gen[0].dma_i/dma_buffer_unit_i/dma_buffer_fifos_i/FIFO_GEN[0].dma_read_fifo_i/mem_q_reg[0][0], gr_heep_i/core_v_mini_mcu_i/ao_peripheral_subsystem_i/dma_subsystem_i/dma_i_gen[0].dma_i/dma_buffer_unit_i/dma_buffer_fifos_i/FIFO_GEN[0].dma_read_fifo_i/mem_q_reg[0][1], gr_heep_i/core_v_mini_mcu_i/ao_peripheral_subsystem_i/dma_subsystem_i/dma_i_gen[0].dma_i/dma_buffer_unit_i/dma_buffer_fifos_i/FIFO_GEN[0].dma_read_fifo_i/mem_q_reg[0][2], gr_heep_i/core_v_mini_mcu_i/ao_peripheral_subsystem_i/dma_subsystem_i/dma_i_gen[0].dma_i/dma_buffer_unit_i/dma_buffer_fifos_i/FIFO_GEN[0].dma_read_fifo_i/mem_q_reg[0][3]... and (the first 15 of 1058 listed)
WARNING: [DRC PLHOLDVIO-2] Non-Optimal connections which could lead to hold violations: A LUT gr_heep_i/core_v_mini_mcu_i/ao_peripheral_subsystem_i/dma_subsystem_i/dma_i_gen[2].dma_i/i___7 is driving clock pin of 1058 cells. This could lead to large hold time violations. Involved cells are:
gr_heep_i/core_v_mini_mcu_i/ao_peripheral_subsystem_i/dma_subsystem_i/dma_i_gen[2].dma_i/FSM_onehot_dma_state_q_reg[0], gr_heep_i/core_v_mini_mcu_i/ao_peripheral_subsystem_i/dma_subsystem_i/dma_i_gen[2].dma_i/FSM_onehot_dma_state_q_reg[1], gr_heep_i/core_v_mini_mcu_i/ao_peripheral_subsystem_i/dma_subsystem_i/dma_i_gen[2].dma_i/FSM_onehot_dma_state_q_reg[1]_rep, gr_heep_i/core_v_mini_mcu_i/ao_peripheral_subsystem_i/dma_subsystem_i/dma_i_gen[2].dma_i/FSM_onehot_dma_state_q_reg[1]_rep__0, gr_heep_i/core_v_mini_mcu_i/ao_peripheral_subsystem_i/dma_subsystem_i/dma_i_gen[2].dma_i/FSM_onehot_dma_state_q_reg[1]_rep__1, gr_heep_i/core_v_mini_mcu_i/ao_peripheral_subsystem_i/dma_subsystem_i/dma_i_gen[2].dma_i/FSM_onehot_dma_state_q_reg[1]_rep__2, gr_heep_i/core_v_mini_mcu_i/ao_peripheral_subsystem_i/dma_subsystem_i/dma_i_gen[2].dma_i/FSM_onehot_dma_state_q_reg[2], gr_heep_i/core_v_mini_mcu_i/ao_peripheral_subsystem_i/dma_subsystem_i/dma_i_gen[2].dma_i/dma_buffer_unit_i/dma_buffer_control_i/read_data_mask_reg[0], gr_heep_i/core_v_mini_mcu_i/ao_peripheral_subsystem_i/dma_subsystem_i/dma_i_gen[2].dma_i/dma_buffer_unit_i/dma_buffer_control_i/read_data_mask_reg[1], gr_heep_i/core_v_mini_mcu_i/ao_peripheral_subsystem_i/dma_subsystem_i/dma_i_gen[2].dma_i/dma_buffer_unit_i/dma_buffer_control_i/read_data_mask_reg[2], gr_heep_i/core_v_mini_mcu_i/ao_peripheral_subsystem_i/dma_subsystem_i/dma_i_gen[2].dma_i/dma_buffer_unit_i/dma_buffer_control_i/read_data_mask_reg[3], gr_heep_i/core_v_mini_mcu_i/ao_peripheral_subsystem_i/dma_subsystem_i/dma_i_gen[2].dma_i/dma_buffer_unit_i/dma_buffer_fifos_i/FIFO_GEN[0].dma_read_fifo_i/mem_q_reg[0][0], gr_heep_i/core_v_mini_mcu_i/ao_peripheral_subsystem_i/dma_subsystem_i/dma_i_gen[2].dma_i/dma_buffer_unit_i/dma_buffer_fifos_i/FIFO_GEN[0].dma_read_fifo_i/mem_q_reg[0][1], gr_heep_i/core_v_mini_mcu_i/ao_peripheral_subsystem_i/dma_subsystem_i/dma_i_gen[2].dma_i/dma_buffer_unit_i/dma_buffer_fifos_i/FIFO_GEN[0].dma_read_fifo_i/mem_q_reg[0][2], gr_heep_i/core_v_mini_mcu_i/ao_peripheral_subsystem_i/dma_subsystem_i/dma_i_gen[2].dma_i/dma_buffer_unit_i/dma_buffer_fifos_i/FIFO_GEN[0].dma_read_fifo_i/mem_q_reg[0][3]... and (the first 15 of 1058 listed)
WARNING: [DRC PLHOLDVIO-2] Non-Optimal connections which could lead to hold violations: A LUT gr_heep_i/gr_heep_pad_ring_i/u_pad_spi_slave_sck/counter_trgt[7]_i_3 is driving clock pin of 761 cells. This could lead to large hold time violations. Involved cells are:
gr_heep_i/core_v_mini_mcu_i/debug_subsystem_i/gen_spi_slave.obi_spi_slave_i/u_dcfifo_rx/i_cdc_fifo_gray/i_src/gen_sync[0].i_sync/reg_q_reg[0], gr_heep_i/core_v_mini_mcu_i/debug_subsystem_i/gen_spi_slave.obi_spi_slave_i/u_dcfifo_rx/i_cdc_fifo_gray/i_src/gen_sync[0].i_sync/reg_q_reg[1], gr_heep_i/core_v_mini_mcu_i/debug_subsystem_i/gen_spi_slave.obi_spi_slave_i/u_dcfifo_rx/i_cdc_fifo_gray/i_src/gen_sync[1].i_sync/reg_q_reg[0], gr_heep_i/core_v_mini_mcu_i/debug_subsystem_i/gen_spi_slave.obi_spi_slave_i/u_dcfifo_rx/i_cdc_fifo_gray/i_src/gen_sync[1].i_sync/reg_q_reg[1], gr_heep_i/core_v_mini_mcu_i/debug_subsystem_i/gen_spi_slave.obi_spi_slave_i/u_dcfifo_rx/i_cdc_fifo_gray/i_src/gen_sync[2].i_sync/reg_q_reg[0], gr_heep_i/core_v_mini_mcu_i/debug_subsystem_i/gen_spi_slave.obi_spi_slave_i/u_dcfifo_rx/i_cdc_fifo_gray/i_src/gen_sync[2].i_sync/reg_q_reg[1], gr_heep_i/core_v_mini_mcu_i/debug_subsystem_i/gen_spi_slave.obi_spi_slave_i/u_dcfifo_rx/i_cdc_fifo_gray/i_src/gen_sync[3].i_sync/reg_q_reg[0], gr_heep_i/core_v_mini_mcu_i/debug_subsystem_i/gen_spi_slave.obi_spi_slave_i/u_dcfifo_rx/i_cdc_fifo_gray/i_src/gen_sync[3].i_sync/reg_q_reg[1], gr_heep_i/core_v_mini_mcu_i/debug_subsystem_i/gen_spi_slave.obi_spi_slave_i/u_dcfifo_rx/i_cdc_fifo_gray/i_src/gen_sync[4].i_sync/reg_q_reg[0], gr_heep_i/core_v_mini_mcu_i/debug_subsystem_i/gen_spi_slave.obi_spi_slave_i/u_dcfifo_rx/i_cdc_fifo_gray/i_src/gen_sync[4].i_sync/reg_q_reg[1], gr_heep_i/core_v_mini_mcu_i/debug_subsystem_i/gen_spi_slave.obi_spi_slave_i/u_dcfifo_rx/i_cdc_fifo_gray/i_src/gen_word[0].data_q_reg[0][0], gr_heep_i/core_v_mini_mcu_i/debug_subsystem_i/gen_spi_slave.obi_spi_slave_i/u_dcfifo_rx/i_cdc_fifo_gray/i_src/gen_word[0].data_q_reg[0][10], gr_heep_i/core_v_mini_mcu_i/debug_subsystem_i/gen_spi_slave.obi_spi_slave_i/u_dcfifo_rx/i_cdc_fifo_gray/i_src/gen_word[0].data_q_reg[0][11], gr_heep_i/core_v_mini_mcu_i/debug_subsystem_i/gen_spi_slave.obi_spi_slave_i/u_dcfifo_rx/i_cdc_fifo_gray/i_src/gen_word[0].data_q_reg[0][12], gr_heep_i/core_v_mini_mcu_i/debug_subsystem_i/gen_spi_slave.obi_spi_slave_i/u_dcfifo_rx/i_cdc_fifo_gray/i_src/gen_word[0].data_q_reg[0][13]... and (the first 15 of 761 listed)
WARNING: [DRC REQP-1839] RAMB36 async control check: The RAMB36E1 gr_heep_i/core_v_mini_mcu_i/memory_subsystem_i/ram0_i/tc_ram_i/U0/inst_blk_mem_gen/gnbram.gnativebmg.native_blk_mem_gen/valid.cstr/ramloop[0].ram.r/prim_noinit.ram/DEVICE_7SERIES.NO_BMM_INFO.SP.SIMPLE_PRIM36.ram has an input control pin gr_heep_i/core_v_mini_mcu_i/memory_subsystem_i/ram0_i/tc_ram_i/U0/inst_blk_mem_gen/gnbram.gnativebmg.native_blk_mem_gen/valid.cstr/ramloop[0].ram.r/prim_noinit.ram/DEVICE_7SERIES.NO_BMM_INFO.SP.SIMPLE_PRIM36.ram/ADDRARDADDR[14] (net: gr_heep_i/core_v_mini_mcu_i/memory_subsystem_i/ram0_i/tc_ram_i/U0/inst_blk_mem_gen/gnbram.gnativebmg.native_blk_mem_gen/valid.cstr/ramloop[0].ram.r/prim_noinit.ram/addra[11]) which is driven by a register (gr_heep_i/core_v_mini_mcu_i/ao_peripheral_subsystem_i/dma_subsystem_i/dma_i_gen[0].dma_i/dma_buffer_unit_i/dma_buffer_fifos_i/FIFO_GEN[0].dma_read_fifo_i/status_cnt_q_reg[0]) that has an active asychronous set or reset. This may cause corruption of the memory contents and/or read values when the set/reset is asserted and is not analyzed by the default static timing analysis. It is suggested to eliminate the use of a set/reset to registers driving this RAMB pin or else use a synchronous reset in which the assertion of the reset is timed by default.
WARNING: [DRC REQP-1839] RAMB36 async control check: The RAMB36E1 gr_heep_i/core_v_mini_mcu_i/memory_subsystem_i/ram0_i/tc_ram_i/U0/inst_blk_mem_gen/gnbram.gnativebmg.native_blk_mem_gen/valid.cstr/ramloop[0].ram.r/prim_noinit.ram/DEVICE_7SERIES.NO_BMM_INFO.SP.SIMPLE_PRIM36.ram has an input control pin gr_heep_i/core_v_mini_mcu_i/memory_subsystem_i/ram0_i/tc_ram_i/U0/inst_blk_mem_gen/gnbram.gnativebmg.native_blk_mem_gen/valid.cstr/ramloop[0].ram.r/prim_noinit.ram/DEVICE_7SERIES.NO_BMM_INFO.SP.SIMPLE_PRIM36.ram/ADDRARDADDR[14] (net: gr_heep_i/core_v_mini_mcu_i/memory_subsystem_i/ram0_i/tc_ram_i/U0/inst_blk_mem_gen/gnbram.gnativebmg.native_blk_mem_gen/valid.cstr/ramloop[0].ram.r/prim_noinit.ram/addra[11]) which is driven by a register (gr_heep_i/core_v_mini_mcu_i/ao_peripheral_subsystem_i/dma_subsystem_i/dma_i_gen[0].dma_i/dma_buffer_unit_i/dma_buffer_fifos_i/FIFO_GEN[0].dma_read_fifo_i/status_cnt_q_reg[1]) that has an active asychronous set or reset. This may cause corruption of the memory contents and/or read values when the set/reset is asserted and is not analyzed by the default static timing analysis. It is suggested to eliminate the use of a set/reset to registers driving this RAMB pin or else use a synchronous reset in which the assertion of the reset is timed by default.
WARNING: [DRC REQP-1839] RAMB36 async control check: The RAMB36E1 gr_heep_i/core_v_mini_mcu_i/memory_subsystem_i/ram0_i/tc_ram_i/U0/inst_blk_mem_gen/gnbram.gnativebmg.native_blk_mem_gen/valid.cstr/ramloop[0].ram.r/prim_noinit.ram/DEVICE_7SERIES.NO_BMM_INFO.SP.SIMPLE_PRIM36.ram has an input control pin gr_heep_i/core_v_mini_mcu_i/memory_subsystem_i/ram0_i/tc_ram_i/U0/inst_blk_mem_gen/gnbram.gnativebmg.native_blk_mem_gen/valid.cstr/ramloop[0].ram.r/prim_noinit.ram/DEVICE_7SERIES.NO_BMM_INFO.SP.SIMPLE_PRIM36.ram/ADDRARDADDR[14] (net: gr_heep_i/core_v_mini_mcu_i/memory_subsystem_i/ram0_i/tc_ram_i/U0/inst_blk_mem_gen/gnbram.gnativebmg.native_blk_mem_gen/valid.cstr/ramloop[0].ram.r/prim_noinit.ram/addra[11]) which is driven by a register (gr_heep_i/core_v_mini_mcu_i/ao_peripheral_subsystem_i/dma_subsystem_i/dma_i_gen[0].dma_i/dma_buffer_unit_i/dma_buffer_fifos_i/FIFO_GEN[0].dma_read_fifo_i/status_cnt_q_reg[2]) that has an active asychronous set or reset. This may cause corruption of the memory contents and/or read values when the set/reset is asserted and is not analyzed by the default static timing analysis. It is suggested to eliminate the use of a set/reset to registers driving this RAMB pin or else use a synchronous reset in which the assertion of the reset is timed by default.
WARNING: [DRC REQP-1839] RAMB36 async control check: The RAMB36E1 gr_heep_i/core_v_mini_mcu_i/memory_subsystem_i/ram0_i/tc_ram_i/U0/inst_blk_mem_gen/gnbram.gnativebmg.native_blk_mem_gen/valid.cstr/ramloop[0].ram.r/prim_noinit.ram/DEVICE_7SERIES.NO_BMM_INFO.SP.SIMPLE_PRIM36.ram has an input control pin gr_heep_i/core_v_mini_mcu_i/memory_subsystem_i/ram0_i/tc_ram_i/U0/inst_blk_mem_gen/gnbram.gnativebmg.native_blk_mem_gen/valid.cstr/ramloop[0].ram.r/prim_noinit.ram/DEVICE_7SERIES.NO_BMM_INFO.SP.SIMPLE_PRIM36.ram/ADDRARDADDR[14] (net: gr_heep_i/core_v_mini_mcu_i/memory_subsystem_i/ram0_i/tc_ram_i/U0/inst_blk_mem_gen/gnbram.gnativebmg.native_blk_mem_gen/valid.cstr/ramloop[0].ram.r/prim_noinit.ram/addra[11]) which is driven by a register (gr_heep_i/core_v_mini_mcu_i/ao_peripheral_subsystem_i/dma_subsystem_i/dma_i_gen[0].dma_i/dma_buffer_unit_i/dma_buffer_fifos_i/FIFO_GEN[1].dma_read_fifo_i/status_cnt_q_reg[0]) that has an active asychronous set or reset. This may cause corruption of the memory contents and/or read values when the set/reset is asserted and is not analyzed by the default static timing analysis. It is suggested to eliminate the use of a set/reset to registers driving this RAMB pin or else use a synchronous reset in which the assertion of the reset is timed by default.
WARNING: [DRC REQP-1839] RAMB36 async control check: The RAMB36E1 gr_heep_i/core_v_mini_mcu_i/memory_subsystem_i/ram0_i/tc_ram_i/U0/inst_blk_mem_gen/gnbram.gnativebmg.native_blk_mem_gen/valid.cstr/ramloop[0].ram.r/prim_noinit.ram/DEVICE_7SERIES.NO_BMM_INFO.SP.SIMPLE_PRIM36.ram has an input control pin gr_heep_i/core_v_mini_mcu_i/memory_subsystem_i/ram0_i/tc_ram_i/U0/inst_blk_mem_gen/gnbram.gnativebmg.native_blk_mem_gen/valid.cstr/ramloop[0].ram.r/prim_noinit.ram/DEVICE_7SERIES.NO_BMM_INFO.SP.SIMPLE_PRIM36.ram/ADDRARDADDR[14] (net: gr_heep_i/core_v_mini_mcu_i/memory_subsystem_i/ram0_i/tc_ram_i/U0/inst_blk_mem_gen/gnbram.gnativebmg.native_blk_mem_gen/valid.cstr/ramloop[0].ram.r/prim_noinit.ram/addra[11]) which is driven by a register (gr_heep_i/core_v_mini_mcu_i/ao_peripheral_subsystem_i/dma_subsystem_i/dma_i_gen[0].dma_i/dma_buffer_unit_i/dma_buffer_fifos_i/FIFO_GEN[1].dma_read_fifo_i/status_cnt_q_reg[1]) that has an active asychronous set or reset. This may cause corruption of the memory contents and/or read values when the set/reset is asserted and is not analyzed by the default static timing analysis. It is suggested to eliminate the use of a set/reset to registers driving this RAMB pin or else use a synchronous reset in which the assertion of the reset is timed by default.
WARNING: [DRC REQP-1839] RAMB36 async control check: The RAMB36E1 gr_heep_i/core_v_mini_mcu_i/memory_subsystem_i/ram0_i/tc_ram_i/U0/inst_blk_mem_gen/gnbram.gnativebmg.native_blk_mem_gen/valid.cstr/ramloop[0].ram.r/prim_noinit.ram/DEVICE_7SERIES.NO_BMM_INFO.SP.SIMPLE_PRIM36.ram has an input control pin gr_heep_i/core_v_mini_mcu_i/memory_subsystem_i/ram0_i/tc_ram_i/U0/inst_blk_mem_gen/gnbram.gnativebmg.native_blk_mem_gen/valid.cstr/ramloop[0].ram.r/prim_noinit.ram/DEVICE_7SERIES.NO_BMM_INFO.SP.SIMPLE_PRIM36.ram/ADDRARDADDR[14] (net: gr_heep_i/core_v_mini_mcu_i/memory_subsystem_i/ram0_i/tc_ram_i/U0/inst_blk_mem_gen/gnbram.gnativebmg.native_blk_mem_gen/valid.cstr/ramloop[0].ram.r/prim_noinit.ram/addra[11]) which is driven by a register (gr_heep_i/core_v_mini_mcu_i/ao_peripheral_subsystem_i/dma_subsystem_i/dma_i_gen[0].dma_i/dma_buffer_unit_i/dma_buffer_fifos_i/FIFO_GEN[1].dma_read_fifo_i/status_cnt_q_reg[2]) that has an active asychronous set or reset. This may cause corruption of the memory contents and/or read values when the set/reset is asserted and is not analyzed by the default static timing analysis. It is suggested to eliminate the use of a set/reset to registers driving this RAMB pin or else use a synchronous reset in which the assertion of the reset is timed by default.
WARNING: [DRC REQP-1839] RAMB36 async control check: The RAMB36E1 gr_heep_i/core_v_mini_mcu_i/memory_subsystem_i/ram0_i/tc_ram_i/U0/inst_blk_mem_gen/gnbram.gnativebmg.native_blk_mem_gen/valid.cstr/ramloop[0].ram.r/prim_noinit.ram/DEVICE_7SERIES.NO_BMM_INFO.SP.SIMPLE_PRIM36.ram has an input control pin gr_heep_i/core_v_mini_mcu_i/memory_subsystem_i/ram0_i/tc_ram_i/U0/inst_blk_mem_gen/gnbram.gnativebmg.native_blk_mem_gen/valid.cstr/ramloop[0].ram.r/prim_noinit.ram/DEVICE_7SERIES.NO_BMM_INFO.SP.SIMPLE_PRIM36.ram/ADDRARDADDR[14] (net: gr_heep_i/core_v_mini_mcu_i/memory_subsystem_i/ram0_i/tc_ram_i/U0/inst_blk_mem_gen/gnbram.gnativebmg.native_blk_mem_gen/valid.cstr/ramloop[0].ram.r/prim_noinit.ram/addra[11]) which is driven by a register (gr_heep_i/core_v_mini_mcu_i/ao_peripheral_subsystem_i/dma_subsystem_i/dma_i_gen[0].dma_i/dma_buffer_unit_i/dma_buffer_fifos_i/FIFO_GEN[2].dma_read_fifo_i/status_cnt_q_reg[0]) that has an active asychronous set or reset. This may cause corruption of the memory contents and/or read values when the set/reset is asserted and is not analyzed by the default static timing analysis. It is suggested to eliminate the use of a set/reset to registers driving this RAMB pin or else use a synchronous reset in which the assertion of the reset is timed by default.
WARNING: [DRC REQP-1839] RAMB36 async control check: The RAMB36E1 gr_heep_i/core_v_mini_mcu_i/memory_subsystem_i/ram0_i/tc_ram_i/U0/inst_blk_mem_gen/gnbram.gnativebmg.native_blk_mem_gen/valid.cstr/ramloop[0].ram.r/prim_noinit.ram/DEVICE_7SERIES.NO_BMM_INFO.SP.SIMPLE_PRIM36.ram has an input control pin gr_heep_i/core_v_mini_mcu_i/memory_subsystem_i/ram0_i/tc_ram_i/U0/inst_blk_mem_gen/gnbram.gnativebmg.native_blk_mem_gen/valid.cstr/ramloop[0].ram.r/prim_noinit.ram/DEVICE_7SERIES.NO_BMM_INFO.SP.SIMPLE_PRIM36.ram/ADDRARDADDR[14] (net: gr_heep_i/core_v_mini_mcu_i/memory_subsystem_i/ram0_i/tc_ram_i/U0/inst_blk_mem_gen/gnbram.gnativebmg.native_blk_mem_gen/valid.cstr/ramloop[0].ram.r/prim_noinit.ram/addra[11]) which is driven by a register (gr_heep_i/core_v_mini_mcu_i/ao_peripheral_subsystem_i/dma_subsystem_i/dma_i_gen[0].dma_i/dma_buffer_unit_i/dma_buffer_fifos_i/FIFO_GEN[2].dma_read_fifo_i/status_cnt_q_reg[1]) that has an active asychronous set or reset. This may cause corruption of the memory contents and/or read values when the set/reset is asserted and is not analyzed by the default static timing analysis. It is suggested to eliminate the use of a set/reset to registers driving this RAMB pin or else use a synchronous reset in which the assertion of the reset is timed by default.
WARNING: [DRC REQP-1839] RAMB36 async control check: The RAMB36E1 gr_heep_i/core_v_mini_mcu_i/memory_subsystem_i/ram0_i/tc_ram_i/U0/inst_blk_mem_gen/gnbram.gnativebmg.native_blk_mem_gen/valid.cstr/ramloop[0].ram.r/prim_noinit.ram/DEVICE_7SERIES.NO_BMM_INFO.SP.SIMPLE_PRIM36.ram has an input control pin gr_heep_i/core_v_mini_mcu_i/memory_subsystem_i/ram0_i/tc_ram_i/U0/inst_blk_mem_gen/gnbram.gnativebmg.native_blk_mem_gen/valid.cstr/ramloop[0].ram.r/prim_noinit.ram/DEVICE_7SERIES.NO_BMM_INFO.SP.SIMPLE_PRIM36.ram/ADDRARDADDR[14] (net: gr_heep_i/core_v_mini_mcu_i/memory_subsystem_i/ram0_i/tc_ram_i/U0/inst_blk_mem_gen/gnbram.gnativebmg.native_blk_mem_gen/valid.cstr/ramloop[0].ram.r/prim_noinit.ram/addra[11]) which is driven by a register (gr_heep_i/core_v_mini_mcu_i/ao_peripheral_subsystem_i/dma_subsystem_i/dma_i_gen[0].dma_i/dma_buffer_unit_i/dma_buffer_fifos_i/FIFO_GEN[2].dma_read_fifo_i/status_cnt_q_reg[2]) that has an active asychronous set or reset. This may cause corruption of the memory contents and/or read values when the set/reset is asserted and is not analyzed by the default static timing analysis. It is suggested to eliminate the use of a set/reset to registers driving this RAMB pin or else use a synchronous reset in which the assertion of the reset is timed by default.
WARNING: [DRC REQP-1839] RAMB36 async control check: The RAMB36E1 gr_heep_i/core_v_mini_mcu_i/memory_subsystem_i/ram0_i/tc_ram_i/U0/inst_blk_mem_gen/gnbram.gnativebmg.native_blk_mem_gen/valid.cstr/ramloop[0].ram.r/prim_noinit.ram/DEVICE_7SERIES.NO_BMM_INFO.SP.SIMPLE_PRIM36.ram has an input control pin gr_heep_i/core_v_mini_mcu_i/memory_subsystem_i/ram0_i/tc_ram_i/U0/inst_blk_mem_gen/gnbram.gnativebmg.native_blk_mem_gen/valid.cstr/ramloop[0].ram.r/prim_noinit.ram/DEVICE_7SERIES.NO_BMM_INFO.SP.SIMPLE_PRIM36.ram/ADDRARDADDR[14] (net: gr_heep_i/core_v_mini_mcu_i/memory_subsystem_i/ram0_i/tc_ram_i/U0/inst_blk_mem_gen/gnbram.gnativebmg.native_blk_mem_gen/valid.cstr/ramloop[0].ram.r/prim_noinit.ram/addra[11]) which is driven by a register (gr_heep_i/core_v_mini_mcu_i/ao_peripheral_subsystem_i/dma_subsystem_i/dma_i_gen[0].dma_i/dma_buffer_unit_i/dma_buffer_fifos_i/FIFO_GEN[3].dma_read_fifo_i/status_cnt_q_reg[0]) that has an active asychronous set or reset. This may cause corruption of the memory contents and/or read values when the set/reset is asserted and is not analyzed by the default static timing analysis. It is suggested to eliminate the use of a set/reset to registers driving this RAMB pin or else use a synchronous reset in which the assertion of the reset is timed by default.
WARNING: [DRC REQP-1839] RAMB36 async control check: The RAMB36E1 gr_heep_i/core_v_mini_mcu_i/memory_subsystem_i/ram0_i/tc_ram_i/U0/inst_blk_mem_gen/gnbram.gnativebmg.native_blk_mem_gen/valid.cstr/ramloop[0].ram.r/prim_noinit.ram/DEVICE_7SERIES.NO_BMM_INFO.SP.SIMPLE_PRIM36.ram has an input control pin gr_heep_i/core_v_mini_mcu_i/memory_subsystem_i/ram0_i/tc_ram_i/U0/inst_blk_mem_gen/gnbram.gnativebmg.native_blk_mem_gen/valid.cstr/ramloop[0].ram.r/prim_noinit.ram/DEVICE_7SERIES.NO_BMM_INFO.SP.SIMPLE_PRIM36.ram/ADDRARDADDR[14] (net: gr_heep_i/core_v_mini_mcu_i/memory_subsystem_i/ram0_i/tc_ram_i/U0/inst_blk_mem_gen/gnbram.gnativebmg.native_blk_mem_gen/valid.cstr/ramloop[0].ram.r/prim_noinit.ram/addra[11]) which is driven by a register (gr_heep_i/core_v_mini_mcu_i/ao_peripheral_subsystem_i/dma_subsystem_i/dma_i_gen[0].dma_i/dma_buffer_unit_i/dma_buffer_fifos_i/FIFO_GEN[3].dma_read_fifo_i/status_cnt_q_reg[1]) that has an active asychronous set or reset. This may cause corruption of the memory contents and/or read values when the set/reset is asserted and is not analyzed by the default static timing analysis. It is suggested to eliminate the use of a set/reset to registers driving this RAMB pin or else use a synchronous reset in which the assertion of the reset is timed by default.
WARNING: [DRC REQP-1839] RAMB36 async control check: The RAMB36E1 gr_heep_i/core_v_mini_mcu_i/memory_subsystem_i/ram0_i/tc_ram_i/U0/inst_blk_mem_gen/gnbram.gnativebmg.native_blk_mem_gen/valid.cstr/ramloop[0].ram.r/prim_noinit.ram/DEVICE_7SERIES.NO_BMM_INFO.SP.SIMPLE_PRIM36.ram has an input control pin gr_heep_i/core_v_mini_mcu_i/memory_subsystem_i/ram0_i/tc_ram_i/U0/inst_blk_mem_gen/gnbram.gnativebmg.native_blk_mem_gen/valid.cstr/ramloop[0].ram.r/prim_noinit.ram/DEVICE_7SERIES.NO_BMM_INFO.SP.SIMPLE_PRIM36.ram/ADDRARDADDR[14] (net: gr_heep_i/core_v_mini_mcu_i/memory_subsystem_i/ram0_i/tc_ram_i/U0/inst_blk_mem_gen/gnbram.gnativebmg.native_blk_mem_gen/valid.cstr/ramloop[0].ram.r/prim_noinit.ram/addra[11]) which is driven by a register (gr_heep_i/core_v_mini_mcu_i/ao_peripheral_subsystem_i/dma_subsystem_i/dma_i_gen[0].dma_i/dma_buffer_unit_i/dma_buffer_fifos_i/FIFO_GEN[3].dma_read_fifo_i/status_cnt_q_reg[2]) that has an active asychronous set or reset. This may cause corruption of the memory contents and/or read values when the set/reset is asserted and is not analyzed by the default static timing analysis. It is suggested to eliminate the use of a set/reset to registers driving this RAMB pin or else use a synchronous reset in which the assertion of the reset is timed by default.
WARNING: [DRC REQP-1839] RAMB36 async control check: The RAMB36E1 gr_heep_i/core_v_mini_mcu_i/memory_subsystem_i/ram0_i/tc_ram_i/U0/inst_blk_mem_gen/gnbram.gnativebmg.native_blk_mem_gen/valid.cstr/ramloop[0].ram.r/prim_noinit.ram/DEVICE_7SERIES.NO_BMM_INFO.SP.SIMPLE_PRIM36.ram has an input control pin gr_heep_i/core_v_mini_mcu_i/memory_subsystem_i/ram0_i/tc_ram_i/U0/inst_blk_mem_gen/gnbram.gnativebmg.native_blk_mem_gen/valid.cstr/ramloop[0].ram.r/prim_noinit.ram/DEVICE_7SERIES.NO_BMM_INFO.SP.SIMPLE_PRIM36.ram/ADDRARDADDR[14] (net: gr_heep_i/core_v_mini_mcu_i/memory_subsystem_i/ram0_i/tc_ram_i/U0/inst_blk_mem_gen/gnbram.gnativebmg.native_blk_mem_gen/valid.cstr/ramloop[0].ram.r/prim_noinit.ram/addra[11]) which is driven by a register (gr_heep_i/core_v_mini_mcu_i/ao_peripheral_subsystem_i/dma_subsystem_i/dma_i_gen[0].dma_i/dma_buffer_unit_i/dma_buffer_fifos_i/dma_read_addr_fifo_i/mem_q_reg[0][0]) that has an active asychronous set or reset. This may cause corruption of the memory contents and/or read values when the set/reset is asserted and is not analyzed by the default static timing analysis. It is suggested to eliminate the use of a set/reset to registers driving this RAMB pin or else use a synchronous reset in which the assertion of the reset is timed by default.
WARNING: [DRC REQP-1839] RAMB36 async control check: The RAMB36E1 gr_heep_i/core_v_mini_mcu_i/memory_subsystem_i/ram0_i/tc_ram_i/U0/inst_blk_mem_gen/gnbram.gnativebmg.native_blk_mem_gen/valid.cstr/ramloop[0].ram.r/prim_noinit.ram/DEVICE_7SERIES.NO_BMM_INFO.SP.SIMPLE_PRIM36.ram has an input control pin gr_heep_i/core_v_mini_mcu_i/memory_subsystem_i/ram0_i/tc_ram_i/U0/inst_blk_mem_gen/gnbram.gnativebmg.native_blk_mem_gen/valid.cstr/ramloop[0].ram.r/prim_noinit.ram/DEVICE_7SERIES.NO_BMM_INFO.SP.SIMPLE_PRIM36.ram/ADDRARDADDR[14] (net: gr_heep_i/core_v_mini_mcu_i/memory_subsystem_i/ram0_i/tc_ram_i/U0/inst_blk_mem_gen/gnbram.gnativebmg.native_blk_mem_gen/valid.cstr/ramloop[0].ram.r/prim_noinit.ram/addra[11]) which is driven by a register (gr_heep_i/core_v_mini_mcu_i/ao_peripheral_subsystem_i/dma_subsystem_i/dma_i_gen[0].dma_i/dma_buffer_unit_i/dma_buffer_fifos_i/dma_read_addr_fifo_i/mem_q_reg[0][10]) that has an active asychronous set or reset. This may cause corruption of the memory contents and/or read values when the set/reset is asserted and is not analyzed by the default static timing analysis. It is suggested to eliminate the use of a set/reset to registers driving this RAMB pin or else use a synchronous reset in which the assertion of the reset is timed by default.
WARNING: [DRC REQP-1839] RAMB36 async control check: The RAMB36E1 gr_heep_i/core_v_mini_mcu_i/memory_subsystem_i/ram0_i/tc_ram_i/U0/inst_blk_mem_gen/gnbram.gnativebmg.native_blk_mem_gen/valid.cstr/ramloop[0].ram.r/prim_noinit.ram/DEVICE_7SERIES.NO_BMM_INFO.SP.SIMPLE_PRIM36.ram has an input control pin gr_heep_i/core_v_mini_mcu_i/memory_subsystem_i/ram0_i/tc_ram_i/U0/inst_blk_mem_gen/gnbram.gnativebmg.native_blk_mem_gen/valid.cstr/ramloop[0].ram.r/prim_noinit.ram/DEVICE_7SERIES.NO_BMM_INFO.SP.SIMPLE_PRIM36.ram/ADDRARDADDR[14] (net: gr_heep_i/core_v_mini_mcu_i/memory_subsystem_i/ram0_i/tc_ram_i/U0/inst_blk_mem_gen/gnbram.gnativebmg.native_blk_mem_gen/valid.cstr/ramloop[0].ram.r/prim_noinit.ram/addra[11]) which is driven by a register (gr_heep_i/core_v_mini_mcu_i/ao_peripheral_subsystem_i/dma_subsystem_i/dma_i_gen[0].dma_i/dma_buffer_unit_i/dma_buffer_fifos_i/dma_read_addr_fifo_i/mem_q_reg[0][11]) that has an active asychronous set or reset. This may cause corruption of the memory contents and/or read values when the set/reset is asserted and is not analyzed by the default static timing analysis. It is suggested to eliminate the use of a set/reset to registers driving this RAMB pin or else use a synchronous reset in which the assertion of the reset is timed by default.
WARNING: [DRC REQP-1839] RAMB36 async control check: The RAMB36E1 gr_heep_i/core_v_mini_mcu_i/memory_subsystem_i/ram0_i/tc_ram_i/U0/inst_blk_mem_gen/gnbram.gnativebmg.native_blk_mem_gen/valid.cstr/ramloop[0].ram.r/prim_noinit.ram/DEVICE_7SERIES.NO_BMM_INFO.SP.SIMPLE_PRIM36.ram has an input control pin gr_heep_i/core_v_mini_mcu_i/memory_subsystem_i/ram0_i/tc_ram_i/U0/inst_blk_mem_gen/gnbram.gnativebmg.native_blk_mem_gen/valid.cstr/ramloop[0].ram.r/prim_noinit.ram/DEVICE_7SERIES.NO_BMM_INFO.SP.SIMPLE_PRIM36.ram/ADDRARDADDR[14] (net: gr_heep_i/core_v_mini_mcu_i/memory_subsystem_i/ram0_i/tc_ram_i/U0/inst_blk_mem_gen/gnbram.gnativebmg.native_blk_mem_gen/valid.cstr/ramloop[0].ram.r/prim_noinit.ram/addra[11]) which is driven by a register (gr_heep_i/core_v_mini_mcu_i/ao_peripheral_subsystem_i/dma_subsystem_i/dma_i_gen[0].dma_i/dma_buffer_unit_i/dma_buffer_fifos_i/dma_read_addr_fifo_i/mem_q_reg[0][12]) that has an active asychronous set or reset. This may cause corruption of the memory contents and/or read values when the set/reset is asserted and is not analyzed by the default static timing analysis. It is suggested to eliminate the use of a set/reset to registers driving this RAMB pin or else use a synchronous reset in which the assertion of the reset is timed by default.
WARNING: [DRC REQP-1839] RAMB36 async control check: The RAMB36E1 gr_heep_i/core_v_mini_mcu_i/memory_subsystem_i/ram0_i/tc_ram_i/U0/inst_blk_mem_gen/gnbram.gnativebmg.native_blk_mem_gen/valid.cstr/ramloop[0].ram.r/prim_noinit.ram/DEVICE_7SERIES.NO_BMM_INFO.SP.SIMPLE_PRIM36.ram has an input control pin gr_heep_i/core_v_mini_mcu_i/memory_subsystem_i/ram0_i/tc_ram_i/U0/inst_blk_mem_gen/gnbram.gnativebmg.native_blk_mem_gen/valid.cstr/ramloop[0].ram.r/prim_noinit.ram/DEVICE_7SERIES.NO_BMM_INFO.SP.SIMPLE_PRIM36.ram/ADDRARDADDR[14] (net: gr_heep_i/core_v_mini_mcu_i/memory_subsystem_i/ram0_i/tc_ram_i/U0/inst_blk_mem_gen/gnbram.gnativebmg.native_blk_mem_gen/valid.cstr/ramloop[0].ram.r/prim_noinit.ram/addra[11]) which is driven by a register (gr_heep_i/core_v_mini_mcu_i/ao_peripheral_subsystem_i/dma_subsystem_i/dma_i_gen[0].dma_i/dma_buffer_unit_i/dma_buffer_fifos_i/dma_read_addr_fifo_i/mem_q_reg[0][13]) that has an active asychronous set or reset. This may cause corruption of the memory contents and/or read values when the set/reset is asserted and is not analyzed by the default static timing analysis. It is suggested to eliminate the use of a set/reset to registers driving this RAMB pin or else use a synchronous reset in which the assertion of the reset is timed by default.
WARNING: [DRC REQP-1839] RAMB36 async control check: The RAMB36E1 gr_heep_i/core_v_mini_mcu_i/memory_subsystem_i/ram0_i/tc_ram_i/U0/inst_blk_mem_gen/gnbram.gnativebmg.native_blk_mem_gen/valid.cstr/ramloop[0].ram.r/prim_noinit.ram/DEVICE_7SERIES.NO_BMM_INFO.SP.SIMPLE_PRIM36.ram has an input control pin gr_heep_i/core_v_mini_mcu_i/memory_subsystem_i/ram0_i/tc_ram_i/U0/inst_blk_mem_gen/gnbram.gnativebmg.native_blk_mem_gen/valid.cstr/ramloop[0].ram.r/prim_noinit.ram/DEVICE_7SERIES.NO_BMM_INFO.SP.SIMPLE_PRIM36.ram/ADDRARDADDR[14] (net: gr_heep_i/core_v_mini_mcu_i/memory_subsystem_i/ram0_i/tc_ram_i/U0/inst_blk_mem_gen/gnbram.gnativebmg.native_blk_mem_gen/valid.cstr/ramloop[0].ram.r/prim_noinit.ram/addra[11]) which is driven by a register (gr_heep_i/core_v_mini_mcu_i/ao_peripheral_subsystem_i/dma_subsystem_i/dma_i_gen[0].dma_i/dma_buffer_unit_i/dma_buffer_fifos_i/dma_read_addr_fifo_i/mem_q_reg[0][14]) that has an active asychronous set or reset. This may cause corruption of the memory contents and/or read values when the set/reset is asserted and is not analyzed by the default static timing analysis. It is suggested to eliminate the use of a set/reset to registers driving this RAMB pin or else use a synchronous reset in which the assertion of the reset is timed by default.
WARNING: [DRC REQP-1839] RAMB36 async control check: The RAMB36E1 gr_heep_i/core_v_mini_mcu_i/memory_subsystem_i/ram0_i/tc_ram_i/U0/inst_blk_mem_gen/gnbram.gnativebmg.native_blk_mem_gen/valid.cstr/ramloop[0].ram.r/prim_noinit.ram/DEVICE_7SERIES.NO_BMM_INFO.SP.SIMPLE_PRIM36.ram has an input control pin gr_heep_i/core_v_mini_mcu_i/memory_subsystem_i/ram0_i/tc_ram_i/U0/inst_blk_mem_gen/gnbram.gnativebmg.native_blk_mem_gen/valid.cstr/ramloop[0].ram.r/prim_noinit.ram/DEVICE_7SERIES.NO_BMM_INFO.SP.SIMPLE_PRIM36.ram/ADDRARDADDR[14] (net: gr_heep_i/core_v_mini_mcu_i/memory_subsystem_i/ram0_i/tc_ram_i/U0/inst_blk_mem_gen/gnbram.gnativebmg.native_blk_mem_gen/valid.cstr/ramloop[0].ram.r/prim_noinit.ram/addra[11]) which is driven by a register (gr_heep_i/core_v_mini_mcu_i/ao_peripheral_subsystem_i/dma_subsystem_i/dma_i_gen[0].dma_i/dma_buffer_unit_i/dma_buffer_fifos_i/dma_read_addr_fifo_i/mem_q_reg[0][15]) that has an active asychronous set or reset. This may cause corruption of the memory contents and/or read values when the set/reset is asserted and is not analyzed by the default static timing analysis. It is suggested to eliminate the use of a set/reset to registers driving this RAMB pin or else use a synchronous reset in which the assertion of the reset is timed by default.
WARNING: [DRC REQP-1839] RAMB36 async control check: The RAMB36E1 gr_heep_i/core_v_mini_mcu_i/memory_subsystem_i/ram0_i/tc_ram_i/U0/inst_blk_mem_gen/gnbram.gnativebmg.native_blk_mem_gen/valid.cstr/ramloop[0].ram.r/prim_noinit.ram/DEVICE_7SERIES.NO_BMM_INFO.SP.SIMPLE_PRIM36.ram has an input control pin gr_heep_i/core_v_mini_mcu_i/memory_subsystem_i/ram0_i/tc_ram_i/U0/inst_blk_mem_gen/gnbram.gnativebmg.native_blk_mem_gen/valid.cstr/ramloop[0].ram.r/prim_noinit.ram/DEVICE_7SERIES.NO_BMM_INFO.SP.SIMPLE_PRIM36.ram/ADDRARDADDR[14] (net: gr_heep_i/core_v_mini_mcu_i/memory_subsystem_i/ram0_i/tc_ram_i/U0/inst_blk_mem_gen/gnbram.gnativebmg.native_blk_mem_gen/valid.cstr/ramloop[0].ram.r/prim_noinit.ram/addra[11]) which is driven by a register (gr_heep_i/core_v_mini_mcu_i/ao_peripheral_subsystem_i/obi_fifo_i/obi_resp_fifo_i/status_cnt_q_reg[0]) that has an active asychronous set or reset. This may cause corruption of the memory contents and/or read values when the set/reset is asserted and is not analyzed by the default static timing analysis. It is suggested to eliminate the use of a set/reset to registers driving this RAMB pin or else use a synchronous reset in which the assertion of the reset is timed by default.
INFO: [Vivado 12-3199] DRC finished with 0 Errors, 47 Warnings
INFO: [Vivado 12-3200] Please refer to the DRC report (report_drc) for more information.
INFO: [Designutils 20-2272] Running write_bitstream with 8 threads.
Loading data files...
Loading site data...
Loading route data...
Processing options...
Creating bitmap...
Creating bitstream...
Writing bitstream ./xilinx_gr_heep_wrapper.bit...
Writing bitstream ./xilinx_gr_heep_wrapper.bin...
INFO: [Vivado 12-1842] Bitgen Completed Successfully.
INFO: [Project 1-1876] WebTalk data collection is mandatory when using a ULT device. To see the specific WebTalk data collected for your design, open the usage_statistics_webtalk.html or usage_statistics_webtalk.xml file in the implementation directory.
INFO: [Common 17-83] Releasing license: Implementation
14 Infos, 47 Warnings, 0 Critical Warnings and 0 Errors encountered.
write_bitstream completed successfully
write_bitstream: Time (s): cpu = 00:00:24 ; elapsed = 00:00:11 . Memory (MB): peak = 4252.770 ; gain = 328.715 ; free physical = 11419 ; free virtual = 84078
INFO: [Common 17-206] Exiting Vivado at Mon Jul  6 18:36:39 2026...
[Mon Jul  6 18:36:44 2026] impl_1 finished
wait_on_runs: Time (s): cpu = 00:00:00.64 ; elapsed = 00:03:42 . Memory (MB): peak = 1708.742 ; gain = 0.000 ; free physical = 14523 ; free virtual = 87183
Bitstream generation completed
INFO: [Common 17-206] Exiting Vivado at Mon Jul  6 18:36:44 2026...
